,종목코드,기울기,절편,순위
1667,A064520,[1.35687321],-105.6318472893771,1
606,A054180,[1.09102665],-78.48037475654279,2
1012,A123010,[0.95649249],-82.5170135203483,3
1010,A101390,[0.88514566],-60.201184176203014,4
1535,A016790,[0.78069263],-63.64369768956682,5
1118,A109960,[0.6706823],-53.65870233183984,6
1064,A097780,[0.50595113],-42.09238991913887,7
1117,A007460,[0.50114718],-44.83210193861423,8
1094,A298690,[0.50073353],-44.30725255990736,9
323,A168330,[0.48845815],-41.65043131644164,10
1510,A270520,[0.44343573],-36.48324624030446,11
76,A024850,[0.4413719],-37.33324098202519,12
1036,A096610,[0.42478627],-32.40767491260902,13
893,A317770,[0.42310275],-33.974873762792356,14
1819,A025550,[0.38955934],-35.13472623831952,15
1549,A214370,[0.38776443],-32.466180397081025,16
1412,A000230,[0.38447877],-33.914513902424936,17
913,A290520,[0.3765729],-35.48394229967907,18
865,A222810,[0.36387326],-23.507246015803823,19
42,A069730,[0.36297601],-33.460040709034395,20
532,A219550,[0.3612551],-35.0914268171728,21
1148,A182400,[0.3604258],-32.45594902649695,22
1028,A053800,[0.35960283],-32.33927637278204,23
1876,A011700,[0.3589633],-30.073937604365685,24
161,A024940,[0.3538274],-32.76390041016993,25
1605,A003070,[0.34596017],-32.525897962208354,26
614,A090370,[0.34594809],-24.845898760446175,27
963,A297090,[0.34545804],-32.972066839820414,28
1800,A071090,[0.34432315],-30.90475631211113,29
449,A090410,[0.34390789],-30.688251407771883,30
108,A016380,[0.34388668],-32.6595054543421,31
669,A323990,[0.33984089],-32.11095438763136,32
41,A155660,[0.33877953],-31.460222694234346,33
677,A002410,[0.3384849],-30.07959662932078,34
1413,A013360,[0.33805274],-30.35545848820548,35
1979,A090710,[0.33665843],-28.09805612956425,36
1540,A317530,[0.3360085],-31.877660087266708,37
1430,A043910,[0.33335474],-31.514400373691497,38
610,A138040,[0.33003691],-27.645198755949924,39
536,A113810,[0.32983531],-27.729313611587813,40
1062,A270660,[0.32712389],-31.269368845554126,41
686,A006910,[0.32583881],-29.412933152759376,42
1735,A058430,[0.32414736],-30.06939818486714,43
296,A035460,[0.32374132],-28.62148052571651,44
236,A039240,[0.3167981],-28.160020210042816,45
1493,A239340,[0.31652961],-29.76819227642046,46
287,A053260,[0.31652242],-28.664620901184435,47
1434,A033240,[0.31281823],-27.28967905775072,48
1274,A076080,[0.31281245],-27.74922365749675,49
1319,A072130,[0.31205033],-28.30722705225409,50
5,A211270,[0.31191733],-27.922923994380568,51
1383,A014990,[0.31116615],-28.038445462228072,52
1640,A352770,[0.31081861],-29.783309142438032,53
235,A011420,[0.30766416],-27.44370742661541,54
1090,A317830,[0.30220972],-24.998754962582865,55
1884,A005860,[0.30193797],-22.447317475104615,56
648,A207760,[0.30177229],-30.2742466006401,57
693,A011390,[0.30106256],-29.18973510991858,58
1380,A001840,[0.30041807],-29.021957722017806,59
479,A041930,[0.30023623],-28.092159325029886,60
122,A058850,[0.29998544],-27.111376765401836,61
954,A099320,[0.299193],-28.077859699626824,62
1946,A092300,[0.29685169],-27.207525751053875,63
1382,A024810,[0.29480713],-27.45115817049855,64
1805,A373200,[0.29470356],-22.82702190335261,65
295,A049080,[0.29365383],-27.45612293033272,66
1386,A101140,[0.29277913],-29.937498822419148,67
378,A008110,[0.29186503],-25.832619340190863,68
111,A033180,[0.29132305],-30.83858277260972,69
950,A004770,[0.29098579],-27.002039702749542,70
733,A018310,[0.28958702],-26.398514233227587,71
317,A008350,[0.28951997],-26.710418724092616,72
711,A083650,[0.28940179],-25.02792303009084,73
1953,A039610,[0.28882674],-27.081546516043243,74
1007,A069920,[0.28786066],-24.70423316023387,75
422,A096350,[0.28746871],-27.004562745989656,76
300,A013700,[0.28607285],-26.46236532143895,77
1960,A126640,[0.28474523],-26.364366721373308,78
1425,A094820,[0.28406811],-24.38382940703988,79
208,A011810,[0.28387247],-25.244816137019104,80
1536,A284620,[0.28311624],-20.17184158559934,81
681,A007210,[0.28292187],-27.313178901930126,82
1806,A066130,[0.28199959],-27.361411189640982,83
1263,A014190,[0.28085589],-27.87196178461029,84
1205,A031510,[0.27961018],-27.396727512656373,85
980,A052710,[0.27954697],-27.360470856849496,86
1302,A011320,[0.27812019],-25.985056674476787,87
1744,A114630,[0.27758897],-28.1304418275266,88
110,A001390,[0.27718841],-24.416579389956613,89
1929,A004560,[0.27686748],-25.67856076800359,90
973,A013990,[0.27614515],-26.08949937949941,91
473,A025950,[0.27599781],-27.693126291209968,92
1737,A047050,[0.27492383],-24.27519277856209,93
631,A033200,[0.27441034],-25.494973984431027,94
1815,A222980,[0.27431018],-26.42974585004583,95
408,A048910,[0.27414371],-26.586471246087655,96
1323,A056080,[0.27348312],-23.48533908616579,97
309,A242040,[0.27078996],-25.435547612196803,98
1547,A307930,[0.26977297],-26.069271891252704,99
1566,A036030,[0.26968523],-25.80625556259335,100
1763,A237820,[0.26836482],-25.778451803171034,101
1681,A033830,[0.26794614],-24.357962570573733,102
971,A308170,[0.26776914],-25.43665653855752,103
3,A054620,[0.26728807],-24.572594800441323,104
451,A263600,[0.26677256],-23.419571279226897,105
507,A336260,[0.26669649],-25.250017645779018,106
1927,A052260,[0.26619721],-25.843785347435873,107
194,A361610,[0.26614141],-25.201224318903044,108
1797,A352820,[0.26589117],-23.913404254149885,109
250,A198440,[0.26581037],-25.280214661951778,110
581,A060240,[0.265659],-25.731405072106057,111
84,A003560,[0.26553892],-28.94122546897382,112
1747,A094940,[0.26541043],-25.137651141859752,113
1445,A159580,[0.26515044],-25.445260268943883,114
816,A189860,[0.26510358],-22.542814975664484,115
391,A117580,[0.26509944],-22.715489175442592,116
1557,A025880,[0.26509818],-24.615899666127955,117
1306,A048430,[0.26490931],-24.773386117473596,118
2,A006840,[0.26465956],-25.423616386755075,119
1143,A031860,[0.26446793],-23.659188231939194,120
1459,A322510,[0.26417295],-23.4581986484132,121
812,A063170,[0.26405302],-23.904003071665294,122
598,A093520,[0.26322497],-22.309322002202567,123
1875,A004960,[0.26289262],-26.645104338864616,124
1018,A052460,[0.26286337],-26.11479321461188,125
144,A108670,[0.26245666],-25.86235651949626,126
68,A042670,[0.26234915],-24.607105804511704,127
1661,A007980,[0.26079977],-24.994352729446238,128
1415,A333430,[0.26060887],-23.263878289121443,129
1616,A322780,[0.25980928],-23.913723023260133,130
1370,A294090,[0.25840818],-24.78372587072512,131
564,A215100,[0.25763739],-22.252694564225038,132
1372,A084680,[0.2575502],-25.584611348882227,133
1195,A014940,[0.2573286],-24.56207713908098,134
1211,A049480,[0.25717171],-22.731425198510937,135
149,A160550,[0.25696428],-23.99644073483715,136
179,A001380,[0.25687498],-25.505844391232753,137
1151,A291230,[0.25685521],-22.275411339630555,138
1140,A236810,[0.25684244],-25.78860699599883,139
923,A034300,[0.25642935],-25.50507506096423,140
1128,A247540,[0.25629473],-20.609676579869415,141
641,A025560,[0.25629356],-22.256747445000183,142
1050,A052790,[0.25592211],-24.49464871166823,143
565,A090360,[0.25541994],-22.602045657335918,144
1866,A009180,[0.25504294],-24.205120253892613,145
363,A085670,[0.25499448],-19.071916748332896,146
553,A200350,[0.25469172],-22.45161371836891,147
1729,A001020,[0.2543899],-24.71614551930014,148
67,A322000,[0.2543653],-22.124834617892628,149
1970,A298040,[0.25425559],-22.924081960109184,150
1249,A046940,[0.25424631],-24.80735395606644,151
1951,A060560,[0.25424589],-22.512249917521242,152
1349,A065440,[0.25400375],-22.78615266387362,153
13,A079160,[0.25390896],-24.921953323867605,154
210,A071970,[0.25211189],-23.47188309018175,155
105,A151860,[0.25197175],-21.433028881735755,156
1478,A004910,[0.25192137],-23.348577546047544,157
688,A226340,[0.25067887],-24.810701058231388,158
466,A004140,[0.25057409],-25.14581860197185,159
604,A235980,[0.25027247],-25.040122611828608,160
1695,A004870,[0.24993341],-24.80718524288004,161
1085,A234300,[0.24992291],-23.78185519283842,162
103,A119650,[0.24950684],-24.042935376075082,163
1722,A068050,[0.24937724],-23.191520880468037,164
1638,A036170,[0.24923069],-24.397891821089324,165
1182,A012280,[0.24921813],-23.975209050320498,166
499,A002690,[0.24893439],-24.20499696660888,167
369,A032190,[0.24882971],-21.525302916420266,168
820,A011370,[0.24875478],-23.857824986581075,169
1971,A298050,[0.24873175],-22.090185098586993,170
1277,A053580,[0.2486044],-25.000855596895285,171
1906,A012450,[0.2483795],-20.688410744547333,172
1892,A130660,[0.24834281],-21.889372071943477,173
101,A009070,[0.24820832],-24.052295685530368,174
735,A009620,[0.24805733],-24.374591952632723,175
682,A225530,[0.24777198],-22.66038628842468,176
1446,A147830,[0.24749938],-23.646064102148674,177
275,A006050,[0.24746211],-24.147558152046724,178
1807,A004590,[0.2470441],-23.680737025648256,179
1569,A024880,[0.24699859],-21.986483174999623,180
1049,A205500,[0.24689155],-23.97009643825435,181
1732,A010770,[0.24661781],-22.690100887349807,182
380,A005750,[0.24651584],-24.354506042322093,183
234,A094480,[0.24642048],-21.657464037646715,184
1731,A090080,[0.24622121],-21.544013586790403,185
847,A004490,[0.24603306],-24.064470178632938,186
1556,A089150,[0.24546184],-24.354773211590583,187
637,A033920,[0.24523395],-23.11506502811766,188
262,A014200,[0.24480111],-24.687538797128322,189
1097,A078520,[0.24452748],-22.239716638090087,190
463,A001230,[0.24449783],-23.74841241662182,191
1533,A052300,[0.24449602],-25.19839191333026,192
303,A286750,[0.24360904],-24.26145424119892,193
209,A077970,[0.24354319],-22.105105421562268,194
1266,A336570,[0.24302824],-18.66448184450829,195
863,A075580,[0.24295916],-22.56205523367195,196
1132,A036810,[0.24293019],-22.57792469276401,197
936,A019170,[0.24288385],-24.558898593893485,198
1738,A003670,[0.24269217],-20.094980266735437,199
176,A184230,[0.24267572],-23.512999472485422,200
1334,A025820,[0.24251539],-21.583072371062915,201
212,A002710,[0.24250031],-16.63292692155641,202
990,A012170,[0.24238161],-24.582884545538963,203
846,A004360,[0.2423501],-21.13461589914011,204
1594,A222040,[0.24231903],-24.221960505324017,205
1568,A256940,[0.24227387],-23.10699612345936,206
1149,A069410,[0.24210243],-22.37764276765066,207
827,A067370,[0.24100858],-23.923501249465694,208
49,A007700,[0.24058455],-22.944292777338582,209
505,A034020,[0.24039437],-22.70166712456101,210
640,A095500,[0.24033999],-17.07856521302271,211
1226,A251370,[0.23999061],-23.212834982316778,212
1061,A019990,[0.23988603],-22.600950341179285,213
878,A032680,[0.23967205],-23.3225909844507,214
673,A046310,[0.23956829],-22.33148066047738,215
1680,A117730,[0.23950154],-19.931210907891383,216
1055,A255440,[0.23937133],-22.089474930895648,217
1039,A347860,[0.23910218],-23.30301162941452,218
1011,A090150,[0.23898379],-22.65588240085436,219
635,A001810,[0.2388429],-22.83231258859574,220
1045,A018250,[0.23809126],-22.15612544473544,221
286,A014280,[0.23778298],-22.603312625666987,222
587,A277070,[0.23759409],-21.705728763838003,223
556,A217500,[0.23732887],-21.982415828270945,224
372,A019680,[0.23721017],-22.98190381800793,225
1035,A140670,[0.23699182],-20.529463200651428,226
1000,A339950,[0.23695476],-21.80724376823808,227
715,A335890,[0.23654198],-19.230326797328974,228
377,A008830,[0.23595386],-22.46196197312849,229
1969,A097870,[0.23592771],-21.946311839982886,230
1734,A022100,[0.23584814],-20.473148983910452,231
1096,A096690,[0.23426425],-24.819587242117958,232
859,A033530,[0.23400353],-21.383804674802548,233
1046,A161000,[0.23385114],-19.730263755389878,234
694,A338220,[0.23378673],-21.015601947628888,235
1994,A010240,[0.23369953],-21.99158520206674,236
1305,A142210,[0.23365817],-22.2573484591609,237
1608,A138490,[0.23360213],-19.65931758851798,238
1337,A302430,[0.23345799],-21.617129440660793,239
1135,A043090,[0.23342739],-20.626602973586262,240
964,A112610,[0.23327178],-21.202881556166613,241
420,A012800,[0.23319065],-22.502718605856916,242
905,A033170,[0.23313165],-21.674786990811967,243
202,A063440,[0.23281281],-21.842718804452833,244
1410,A101930,[0.23257573],-21.505604526575446,245
1411,A249420,[0.23253135],-19.260809697814743,246
157,A008260,[0.23215825],-20.68583515929412,247
1617,A036420,[0.23196171],-22.742120245256984,248
1678,A026150,[0.23196153],-22.50381570686324,249
1637,A045520,[0.2315495],-23.223485738970766,250
1523,A002780,[0.23123085],-22.952506180810794,251
1238,A082850,[0.23096276],-22.196586931885403,252
919,A011930,[0.23042825],-21.657149185130386,253
512,A060570,[0.23027152],-22.37174009534649,254
1199,A010470,[0.22995429],-18.258841600858304,255
894,A094840,[0.22990164],-21.901183481767,256
787,A000390,[0.22973037],-22.555213981667585,257
203,A003570,[0.22952655],-20.90028526506857,258
175,A040610,[0.22942655],-22.05999085262348,259
1840,A021650,[0.22934742],-22.088257500207185,260
1185,A036000,[0.22892412],-22.241854037267657,261
1870,A004710,[0.22886437],-21.38273251147476,262
796,A042600,[0.22885825],-16.216489704762033,263
691,A026940,[0.2283706],-21.161687646982642,264
1316,A049520,[0.22834666],-20.407261012828588,265
1218,A109080,[0.22779119],-20.705441483205238,266
487,A092780,[0.2277597],-21.26985959298617,267
1427,A226320,[0.22750307],-22.047282311021654,268
1408,A039290,[0.22718989],-20.26485890034452,269
1977,A353190,[0.22718115],-22.563879182745524,270
1364,A123570,[0.2270175],-22.28932446524054,271
1469,A276730,[0.22676296],-22.812118624168335,272
1298,A047400,[0.22668467],-19.865037801271743,273
1899,A054920,[0.2265386],-22.39278110993484,274
589,A219420,[0.22633843],-21.144737624238548,275
1496,A000440,[0.22585064],-19.950596889044384,276
518,A003160,[0.22583463],-20.468409889880324,277
1374,A353810,[0.22567916],-21.55148198139018,278
1422,A081000,[0.22566767],-22.349579745338485,279
856,A091090,[0.22566459],-24.133746589717937,280
888,A050960,[0.22533908],-22.6591562015829,281
904,A020710,[0.22514813],-21.98325364553176,282
358,A332290,[0.22493919],-19.681652536255683,283
123,A058860,[0.22491659],-20.567498851749946,284
1645,A054780,[0.22486728],-21.738652618620407,285
714,A086670,[0.2238329],-20.445672394419773,286
1500,A043610,[0.2237558],-21.42600821904583,287
1399,A129260,[0.22371558],-21.647069050349785,288
1502,A303030,[0.22338124],-21.825915840347722,289
393,A104040,[0.22328861],-21.361346508213895,290
1264,A217820,[0.22313303],-20.763255190245893,291
147,A023150,[0.22293794],-20.84112792064632,292
158,A004250,[0.22290247],-18.958236983197718,293
437,A016090,[0.22289974],-20.85883371931883,294
867,A252500,[0.22283363],-22.815507176492755,295
1235,A032820,[0.2228064],-20.471682481057687,296
1174,A014440,[0.22220592],-20.93137622243509,297
1267,A008370,[0.22210671],-21.19391081199871,298
322,A091590,[0.22209839],-20.415348476869177,299
1671,A200230,[0.22200978],-23.38428475760393,300
584,A016100,[0.22176933],-21.630224309551664,301
1736,A009520,[0.22170003],-17.328244779712044,302
396,A045390,[0.22165327],-21.69895388110697,303
1366,A095190,[0.22161768],-21.54358926663599,304
341,A225570,[0.22134278],-18.002759581012057,305
1069,A095910,[0.22132296],-21.172276301506756,306
269,A053270,[0.22125551],-20.425748407331913,307
201,A048550,[0.22123529],-19.47078437781617,308
1872,A025750,[0.2207693],-21.893457152761698,309
768,A002290,[0.2204035],-21.068128144899266,310
1886,A002220,[0.22027018],-19.88370105056648,311
410,A006340,[0.22021398],-21.354291116825088,312
96,A024120,[0.2198704],-20.860070312775118,313
1697,A081150,[0.2194387],-19.991717279845343,314
1958,A013520,[0.21938697],-19.860225839696827,315
1245,A006980,[0.21903091],-20.89318489945031,316
1147,A085310,[0.2190031],-20.92864034289069,317
1102,A088800,[0.2188869],-23.037300667436785,318
344,A104620,[0.21858129],-22.490778926200473,319
829,A136490,[0.21837522],-21.47129163656763,320
71,A014790,[0.21823964],-21.766730422555522,321
1887,A006390,[0.21788845],-21.877051125924574,322
885,A304100,[0.21765912],-18.930368909868008,323
424,A131220,[0.21737129],-21.056526620144314,324
1743,A041020,[0.21730191],-18.50827805260336,325
977,A125210,[0.21730172],-19.400559227664495,326
814,A021050,[0.21689997],-20.871738730214794,327
318,A004270,[0.2167584],-21.03405083019288,328
1053,A129890,[0.21661876],-23.09931646684675,329
1193,A322310,[0.2162148],-20.94916106134734,330
529,A092070,[0.21590646],-20.390524498238808,331
1919,A170030,[0.21570272],-19.78046480873326,332
1442,A361390,[0.2155726],-19.963119028647295,333
25,A012030,[0.21539699],-17.844920979245757,334
1505,A053050,[0.21513744],-16.81933923747319,335
1947,A093240,[0.21510659],-22.397246640758684,336
1473,A216080,[0.21510172],-20.789450715073745,337
628,A363260,[0.21501721],-21.209895417461848,338
1292,A313760,[0.21493347],-19.480272100383978,339
56,A001250,[0.21470827],-19.30035794126803,340
1448,A079370,[0.21465791],-19.091308748872308,341
535,A079810,[0.21422926],-16.734262446452597,342
247,A013580,[0.21408989],-21.30763430211691,343
1458,A126880,[0.21387547],-19.652619026615113,344
882,A035610,[0.21368656],-20.076897526297543,345
586,A302550,[0.21360302],-20.93945581438568,346
1175,A143540,[0.21358511],-20.876221481424558,347
967,A189330,[0.21341197],-20.0250327022078,348
1385,A352940,[0.21332066],-21.515039359837072,349
1278,A071460,[0.21324927],-21.195233273616154,350
835,A004980,[0.21307513],-19.66392208467939,351
1272,A010600,[0.21306241],-20.53704862145213,352
676,A066410,[0.21261309],-19.1495293903846,353
1134,A083500,[0.21227711],-19.68184565022189,354
1559,A093640,[0.21218878],-16.579760441638204,355
763,A054540,[0.21204675],-20.150730483118465,356
1227,A193250,[0.21196108],-20.355265121137627,357
1672,A214420,[0.21192938],-20.665390697999637,358
1404,A048530,[0.2118374],-21.58419750153152,359
1514,A036890,[0.21181589],-19.700499089320726,360
1570,A042040,[0.21178149],-22.326738037373048,361
769,A004440,[0.21174575],-21.63724096628016,362
220,A002900,[0.21147552],-13.16119416140602,363
397,A009190,[0.21145553],-19.866654553666827,364
403,A042660,[0.21145059],-19.883157422083894,365
1708,A037030,[0.21140368],-19.980802030361392,366
453,A263800,[0.21130126],-18.57186529620048,367
1472,A089590,[0.21126665],-20.655619801964757,368
1181,A006740,[0.21124021],-16.03586333659912,369
588,A042500,[0.21118099],-19.86825949115804,370
253,A002240,[0.21113294],-19.902670472415675,371
205,A100840,[0.21102188],-19.203974069030036,372
1437,A208140,[0.21082422],-20.243166461619204,373
1351,A115610,[0.21069736],-18.895594829881066,374
1643,A020120,[0.21068619],-20.651238605902073,375
1240,A072470,[0.21065271],-19.481751473423873,376
1087,A052020,[0.2104179],-15.710033890016947,377
407,A000430,[0.21022979],-19.11629450610792,378
231,A217730,[0.21005402],-20.56629063185827,379
83,A082740,[0.20973244],-19.60008478759592,380
326,A212560,[0.20963574],-18.40865708043905,381
195,A100090,[0.2095133],-18.962451121493967,382
301,A308100,[0.20939166],-20.05436463623706,383
957,A050890,[0.2088685],-19.648140203873535,384
776,A000250,[0.20874002],-18.16202842731501,385
1130,A038110,[0.20873368],-16.334257817028345,386
1335,A067920,[0.2087119],-19.548349745325364,387
293,A073240,[0.20867644],-19.56750392174467,388
542,A290550,[0.20865722],-19.843395161595364,389
721,A238200,[0.20857053],-19.524315033954924,390
1784,A163730,[0.20850907],-19.86929617944173,391
1154,A156100,[0.20850838],-21.387429750004124,392
172,A099220,[0.20844197],-19.365328350332813,393
272,A001140,[0.20841838],-8.402415642354928,394
1613,A121850,[0.20831073],-16.332671713157108,395
1750,A023900,[0.20827998],-19.99059713152884,396
320,A025860,[0.20810641],-19.19745131997281,397
1674,A108230,[0.20807167],-19.666481958223798,398
1778,A128660,[0.20793542],-18.704647029340318,399
365,A039560,[0.20765275],-21.388202096109477,400
935,A226330,[0.20729452],-19.92187596287818,401
1054,A174900,[0.20714549],-18.434900159531313,402
1490,A033340,[0.20690191],-16.919590872910923,403
1063,A038680,[0.20671326],-19.691481856265856,404
1694,A091810,[0.2065857],-19.49532723912788,405
994,A267850,[0.20642846],-20.05984620140065,406
1030,A297570,[0.2064215],-21.08549129310818,407
1286,A038620,[0.20638538],-22.94347487838948,408
1623,A317690,[0.20632744],-20.75218024786856,409
828,A171090,[0.20622283],-16.964684389785155,410
1733,A119500,[0.20614106],-19.299603688224384,411
276,A078130,[0.20605413],-22.576723645976838,412
716,A138580,[0.20604882],-19.451847742795593,413
1619,A031820,[0.2060409],-19.715660659127945,414
362,A144960,[0.20598264],-18.95859322756404,415
1907,A003530,[0.20586002],-20.087118576873554,416
516,A066670,[0.20571726],-17.218257209815178,417
1982,A028080,[0.20566592],-16.76653642341679,418
1572,A274090,[0.20530501],-18.335537813161267,419
70,A097230,[0.20529897],-20.66699024663719,420
1327,A263050,[0.20528783],-22.060271568614564,421
591,A195500,[0.20524942],-19.85012507176822,422
1492,A044380,[0.20522921],-19.19874259463678,423
603,A133750,[0.20504209],-20.473463608647332,424
1435,A049630,[0.20496847],-19.329333710006427,425
998,A332370,[0.20495807],-20.11591728138189,426
246,A024910,[0.20491018],-18.25427774520342,427
642,A218150,[0.20465589],-17.099929154596158,428
1585,A036690,[0.20463923],-20.483261140546,429
1210,A173130,[0.20463605],-15.967482380686276,430
880,A336370,[0.20458789],-18.861618411129854,431
1551,A001620,[0.20453653],-19.152660240463767,432
718,A042370,[0.20451724],-19.356857833084177,433
460,A100130,[0.20447565],-19.46829976773158,434
622,A005360,[0.20439885],-20.045524466651074,435
1655,A323280,[0.20384282],-18.83598198235045,436
672,A001340,[0.20373126],-18.395345500461,437
779,A038500,[0.20364895],-19.646365928722165,438
1498,A314130,[0.20354554],-19.49299214356189,439
457,A067990,[0.20351423],-19.46801100130689,440
794,A089980,[0.20342042],-19.537439217195555,441
182,A009160,[0.20303391],-17.439153134215065,442
480,A001520,[0.20298472],-19.526837937847684,443
1575,A052400,[0.20288533],-20.55647169768933,444
1515,A363250,[0.20255769],-17.037415583364147,445
1657,A004100,[0.20233871],-17.89499700045235,446
113,A001940,[0.20224682],-18.42620132512574,447
658,A018700,[0.20224544],-18.40138771965605,448
1353,A131400,[0.20204805],-12.44986408854546,449
1099,A203400,[0.20162862],-19.357140474233457,450
1108,A239610,[0.20127082],-20.09016376979977,451
94,A024840,[0.20118561],-19.17656568325145,452
1418,A007110,[0.20113968],-19.531545200376236,453
1552,A192250,[0.20100597],-19.871012240404138,454
1851,A052600,[0.20098784],-19.396213608261952,455
1863,A105630,[0.20088139],-19.20202940664611,456
1742,A234100,[0.20083943],-20.118104366792707,457
1405,A023810,[0.20070228],-18.582934347533314,458
1828,A041460,[0.20066018],-19.572276071799138,459
540,A105740,[0.2006285],-18.64481406254692,460
1654,A011280,[0.20041584],-19.51596620558158,461
348,A285490,[0.20038775],-18.93052886490527,462
1905,A272210,[0.20031441],-18.759161711912643,463
432,A001790,[0.20015541],-17.961440843410237,464
1696,A104480,[0.20014951],-20.03249861235872,465
1816,A010100,[0.20012144],-18.100130489478076,466
392,A027830,[0.20002581],-19.651411184411998,467
545,A042510,[0.19998833],-20.17338237213051,468
345,A090350,[0.1993612],-19.088855484602757,469
1589,A089890,[0.1990315],-17.274793279809852,470
1795,A149980,[0.19900637],-17.67148034862338,471
1922,A079430,[0.19879813],-20.273166241867205,472
1159,A058630,[0.19867011],-17.895004748503215,473
1416,A068330,[0.19866905],-20.064517978636356,474
985,A036010,[0.19855362],-16.485377881041092,475
1692,A363280,[0.19846546],-20.286811926244695,476
838,A045300,[0.19787063],-18.6303683563896,477
805,A007860,[0.1977864],-19.50510780336095,478
1246,A066590,[0.19751466],-19.00727009952934,479
34,A001880,[0.19745462],-20.32528388025264,480
850,A306200,[0.19736155],-17.304316802834197,481
887,A086980,[0.19725504],-18.164236001162198,482
931,A017000,[0.19714191],-17.820397181768932,483
98,A021320,[0.19708688],-19.365366486015066,484
1344,A053350,[0.19697815],-18.909167810803872,485
982,A092040,[0.19691494],-19.44390363333263,486
1042,A085810,[0.19679397],-18.557389487518012,487
1972,A298020,[0.19662215],-19.16951983445146,488
1002,A289010,[0.19654075],-19.05113746124254,489
196,A096770,[0.19650908],-18.784689371942452,490
1037,A061040,[0.19641322],-19.374139086117324,491
416,A000300,[0.19635815],-18.642531577705185,492
537,A197140,[0.19622282],-17.749025150064835,493
361,A270870,[0.1962001],-21.20625159544576,494
1141,A333620,[0.19615286],-18.54585913656539,495
1949,A111110,[0.19602709],-19.3717672554048,496
1602,A196450,[0.1959424],-18.051909937775104,497
1231,A011690,[0.1958908],-17.965944067389763,498
1284,A123420,[0.19581972],-18.91655858323264,499
1848,A123690,[0.19577459],-19.174775350407035,500
441,A118000,[0.19571717],-20.566425552766155,501
1956,A241590,[0.1957142],-19.788343118280483,502
626,A101330,[0.19570452],-18.519467724868708,503
1501,A263860,[0.19562406],-16.616275022021792,504
1376,A035810,[0.19542303],-18.8500103276345,505
595,A001080,[0.19531436],-15.22018065753812,506
791,A041650,[0.19523143],-18.5471476116976,507
1846,A037230,[0.19512356],-19.293887733120087,508
1296,A018000,[0.19506547],-20.190573684996526,509
1222,A065530,[0.19471816],-19.314379165450077,510
729,A014710,[0.1945056],-18.152555339125346,511
819,A140070,[0.1943772],-18.474051252923704,512
524,A263720,[0.19431837],-19.49005689058006,513
1719,A036580,[0.19430005],-19.126101349525534,514
692,A014470,[0.19426192],-18.119999863192128,515
1835,A017960,[0.19415155],-17.943159614617592,516
608,A078160,[0.19397803],-19.372814734104356,517
1504,A051160,[0.19391817],-19.932205997503644,518
1764,A023770,[0.19376779],-18.412233330642668,519
1391,A037330,[0.19360365],-18.731229840425378,520
1166,A123040,[0.19346663],-18.215647220525334,521
152,A060250,[0.19332217],-20.821961954799452,522
1455,A204270,[0.19328708],-17.980743894025938,523
402,A009320,[0.1932354],-18.38755566417331,524
1342,A088390,[0.19320783],-15.420549988115141,525
425,A010170,[0.19310605],-18.58620784111039,526
683,A250000,[0.19303743],-18.475126793890084,527
1242,A153490,[0.19295638],-18.371392072997832,528
1309,A032620,[0.19288313],-18.426042743852975,529
1041,A123750,[0.19286959],-17.94469414283685,530
1776,A137400,[0.19280234],-15.267041983119002,531
1255,A095720,[0.19274637],-18.409478180344273,532
1299,A203450,[0.19271791],-18.506825272231232,533
1796,A013030,[0.19266],-17.226023557518815,534
1760,A053160,[0.19265123],-19.553379177704766,535
580,A085370,[0.19257946],-15.990850326055968,536
1471,A006220,[0.19252453],-15.016854019184331,537
316,A001260,[0.19250709],-18.780688034337874,538
680,A177350,[0.19226192],-16.510203842194567,539
1981,A115160,[0.19225044],-18.05736606875292,540
901,A026890,[0.19203973],-19.593991772999214,541
1976,A005870,[0.19193833],-18.09931465780175,542
383,A007720,[0.19192277],-19.490887932301526,543
226,A079940,[0.19188345],-18.092505232085646,544
1396,A216050,[0.1918474],-20.153226492271855,545
1109,A357230,[0.19174646],-19.03538508595516,546
1834,A104700,[0.19169706],-18.564498167460115,547
1294,A014830,[0.19153919],-17.566546116982497,548
99,A344820,[0.19150373],-18.415307410223424,549
1563,A039420,[0.1914821],-18.294114943103022,550
1954,A002460,[0.19138912],-17.749040193838958,551
1746,A005670,[0.19128637],-18.236496231414932,552
947,A102280,[0.19125598],-19.320980237053224,553
1254,A016880,[0.19121987],-19.13049400150322,554
778,A024950,[0.19101605],-19.287040564506185,555
953,A037760,[0.19085937],-18.007431444684777,556
1089,A288620,[0.19081539],-18.32106300816762,557
217,A048770,[0.19077658],-17.434050560270343,558
1251,A105840,[0.19061451],-16.65256854955955,559
142,A108320,[0.19050935],-17.17133257281346,560
992,A067390,[0.19039715],-18.916833957669162,561
620,A009900,[0.19021087],-17.507355367671963,562
415,A290120,[0.19010901],-18.37025358769712,563
698,A288330,[0.18980276],-18.32840295119204,564
238,A002100,[0.18969359],-18.380848723314614,565
1632,A264900,[0.18963767],-18.36934287220868,566
1129,A383310,[0.18959491],-17.421385286286917,567
843,A148150,[0.18957278],-17.533498297376724,568
1894,A003480,[0.18949894],-18.25218973502682,569
541,A263020,[0.18941047],-18.882059950644877,570
1995,A189980,[0.18933142],-17.82524262230489,571
1207,A138080,[0.18920478],-19.57950333732309,572
1433,A317400,[0.18920405],-18.134466130056182,573
834,A003080,[0.18918443],-18.344430477568675,574
1901,A000880,[0.18912782],-17.5145297421659,575
106,A046440,[0.18886088],-18.457465287921977,576
903,A049830,[0.1888598],-18.677715216486828,577
636,A009200,[0.1887794],-17.654630604957806,578
1031,A001780,[0.18870701],-18.10945463913244,579
484,A079960,[0.1886504],-17.35129740570414,580
163,A218410,[0.18863215],-18.32903004076377,581
1439,A217190,[0.1885783],-16.59829206914678,582
1180,A036560,[0.18854787],-16.412568743714775,583
784,A009470,[0.18839395],-17.658046515917036,584
1592,A192820,[0.18824729],-17.959242126529652,585
519,A092200,[0.18822588],-17.34389231296776,586
1332,A008250,[0.18815926],-18.713558110068465,587
1921,A064350,[0.18814673],-16.342925596252183,588
670,A003610,[0.18804572],-14.343283709955452,589
273,A066620,[0.18787457],-17.983779209415932,590
1582,A190650,[0.18775845],-18.180580248278797,591
592,A305090,[0.18774171],-18.301148466521084,592
1924,A319400,[0.18766164],-17.21479257956933,593
222,A057030,[0.18758433],-18.300893142222208,594
1767,A051380,[0.18749751],-16.979528276732914,595
671,A267790,[0.18746404],-18.010178901210427,596
335,A033640,[0.18723952],-18.455505224086025,597
1973,A298000,[0.18718196],-19.253927854154885,598
1865,A016450,[0.18708747],-18.718552808526418,599
169,A046140,[0.18688555],-17.687684374196678,600
1259,A032940,[0.18688008],-17.89623903444496,601
1745,A290720,[0.18679463],-19.047379015137096,602
271,A005320,[0.18657017],-18.924943547374305,603
1390,A006490,[0.18656156],-18.474898427159825,604
823,A035890,[0.18650795],-18.08537046085017,605
282,A186230,[0.18643908],-18.126505480251776,606
340,A348210,[0.18642098],-16.878895986827512,607
1188,A122640,[0.18628868],-17.512118757779728,608
1123,A230360,[0.1860833],-18.652479946604803,609
181,A002360,[0.18604539],-17.83287110313811,610
398,A108380,[0.18595574],-18.189742006368242,611
1361,A102710,[0.18588132],-18.11309693603173,612
1402,A189300,[0.18579529],-16.48429994407983,613
258,A038530,[0.18558154],-18.24973730781401,614
1837,A054040,[0.18551337],-17.60526799481744,615
1801,A221840,[0.18542504],-18.199502992535,616
1173,A060850,[0.18533492],-17.699241409824182,617
1765,A300080,[0.18519821],-15.040622041644312,618
644,A100790,[0.18510893],-17.863619708045526,619
1022,A027360,[0.18504029],-19.564250352755153,620
833,A014910,[0.18501649],-17.15568359759708,621
302,A004540,[0.18495754],-18.993794808705964,622
1916,A234340,[0.18482218],-18.381204945471957,623
135,A037560,[0.18481207],-17.656616750411594,624
1288,A036090,[0.18477697],-18.04978163551779,625
1121,A089970,[0.18465557],-18.47267907430422,626
1524,A085660,[0.18453886],-17.574887338034785,627
630,A250060,[0.18447107],-16.984703473372573,628
1229,A019210,[0.18441659],-17.489679632343545,629
803,A006730,[0.18431465],-17.38476200158904,630
978,A002790,[0.18429032],-18.78598120266769,631
1658,A009410,[0.18404023],-19.48201195007284,632
1202,A241790,[0.18395819],-17.213252005879397,633
613,A241770,[0.18367925],-16.89751415453255,634
1184,A012160,[0.18367292],-17.95649623769174,635
629,A348030,[0.1836072],-17.925640699718986,636
40,A065150,[0.18360456],-18.623920185344865,637
975,A025980,[0.18352717],-17.7020945986606,638
1321,A340930,[0.18347413],-16.458384243536294,639
1013,A031310,[0.18335497],-18.157663238327583,640
168,A034120,[0.18327355],-17.525757280259445,641
1620,A294570,[0.18324356],-18.321091467768845,642
659,A035620,[0.18323101],-17.90161786153467,643
1565,A032500,[0.18311727],-19.122143654157053,644
851,A003030,[0.18307481],-14.356044586423765,645
413,A290380,[0.18297944],-19.652837798974485,646
1933,A017800,[0.18288206],-17.23139623023837,647
82,A036640,[0.18272116],-16.396463049145787,648
1136,A205100,[0.18262778],-16.99050381395184,649
638,A008420,[0.1826055],-17.5129939504549,650
1333,A039020,[0.18252146],-17.656705112023182,651
1250,A065680,[0.18251738],-18.16802594866,652
840,A000180,[0.18242561],-17.51399744608103,653
656,A201490,[0.18238893],-17.77244044836769,654
66,A267270,[0.18218164],-16.196841359100496,655
1702,A214450,[0.1820963],-15.949365369547614,656
97,A002380,[0.18184867],-17.29130710461117,657
1138,A317870,[0.18184105],-15.774430413437353,658
889,A017550,[0.18175754],-17.76415483190104,659
607,A086900,[0.18175657],-15.71059463081745,660
211,A289080,[0.18173059],-18.113852931700375,661
1179,A000670,[0.18170455],-17.11475821518133,662
1317,A003470,[0.1816879],-17.889725699661795,663
1291,A097800,[0.18143156],-17.22509009931713,664
1855,A092460,[0.18141249],-16.87969090625627,665
804,A100660,[0.1813928],-16.489786826689176,666
1914,A143210,[0.18134287],-18.177794689497617,667
214,A032540,[0.18123159],-15.451584652630501,668
6,A027410,[0.18107929],-17.776292861879398,669
831,A014620,[0.1809969],-15.738086763778727,670
241,A012320,[0.18097971],-12.677519978354468,671
1560,A073010,[0.18097321],-17.022815975721777,672
1005,A052860,[0.18087157],-18.042553742842962,673
839,A015750,[0.18080985],-15.514168928699203,674
55,A006360,[0.1806431],-18.176883482645053,675
1040,A196170,[0.18062404],-17.07997270709306,676
1957,A006060,[0.18059104],-18.30114322338203,677
423,A140520,[0.18057184],-17.05287137017259,678
431,A084010,[0.18055263],-17.31175343265177,679
39,A241520,[0.18055025],-17.407451073916448,680
910,A131090,[0.1804004],-17.480165848456235,681
1357,A007660,[0.18023853],-13.659636502652912,682
790,A001290,[0.18020751],-17.888222464486127,683
1058,A102120,[0.18020457],-17.358195590189887,684
1830,A053300,[0.18005259],-17.36640007469286,685
1318,A263770,[0.18002371],-17.169391529540228,686
500,A005290,[0.1799757],-15.77153455051048,687
1172,A115960,[0.17973258],-17.699781940048794,688
634,A009580,[0.1796485],-17.295506442524385,689
1247,A017370,[0.17960255],-17.021711339465327,690
993,A127710,[0.17955778],-18.734223067291012,691
436,A003830,[0.17944941],-17.166405656533218,692
747,A001360,[0.17926588],-18.951592545281812,693
869,A299660,[0.17921189],-21.40747112854288,694
504,A241560,[0.17917606],-16.24580628003699,695
1488,A063160,[0.17901937],-18.074633541998576,696
1586,A049430,[0.17874829],-17.399257387857933,697
899,A159910,[0.17868431],-17.106513199724876,698
255,A348150,[0.17862698],-18.10147081197326,699
1233,A070960,[0.1784443],-17.739270262613687,700
1276,A069080,[0.17829257],-17.930426921951238,701
1248,A103840,[0.17818103],-17.474686242870458,702
418,A003310,[0.1778516],-15.858340082440842,703
1287,A299900,[0.17750622],-16.443946141134848,704
1904,A009830,[0.17749961],-15.925994267949884,705
566,A108490,[0.17746727],-13.82142064369935,706
1084,A041910,[0.17743142],-17.343401959822927,707
486,A228340,[0.17742863],-17.710948740464648,708
483,A060380,[0.17693],-17.65597714175531,709
1537,A035720,[0.17691275],-17.896568072557354,710
1794,A365590,[0.1768541],-15.486013789347663,711
204,A064960,[0.17671549],-16.866112463011717,712
63,A294870,[0.17659966],-17.939085284864277,713
508,A016740,[0.17657698],-16.733335926949373,714
183,A123700,[0.17644512],-16.205182439382884,715
703,A126340,[0.17642008],-14.907400466863818,716
64,A009540,[0.17616919],-17.039063707623917,717
1814,A025540,[0.17609618],-17.075977271408384,718
1310,A264450,[0.17590045],-17.24745930572284,719
1375,A099750,[0.17589498],-16.16186399464548,720
1988,A005010,[0.1757306],-15.105328312654567,721
578,A071840,[0.17570315],-18.837304278116825,722
219,A317240,[0.17567266],-17.226508342224754,723
215,A022220,[0.17565386],-17.1618876367961,724
1937,A004020,[0.17561703],-17.01159054772239,725
1849,A003350,[0.17540042],-16.884124452517195,726
1409,A071200,[0.17523515],-17.02176849479147,727
868,A049180,[0.17521472],-16.68289846836423,728
1485,A018470,[0.17521279],-11.99524117138248,729
1813,A010040,[0.17505901],-16.453672785064057,730
1325,A001200,[0.17494579],-16.773891288164897,731
230,A000860,[0.17482024],-16.367523987844333,732
1607,A120110,[0.17465316],-16.755861510105554,733
1457,A026040,[0.17464075],-15.988527722794537,734
1880,A018880,[0.17457765],-17.338853022032133,735
1111,A045660,[0.17450156],-18.727794127708858,736
1754,A334970,[0.17424931],-18.00500357286775,737
92,A035900,[0.17417239],-13.368916836993717,738
737,A001470,[0.17406182],-16.440390233378345,739
668,A043150,[0.17392847],-15.849618690690704,740
1253,A049800,[0.17390945],-16.240323368464043,741
221,A024070,[0.17385585],-16.94769983790755,742
419,A078600,[0.17379791],-13.742397658028908,743
1644,A039490,[0.17377839],-16.455992535140922,744
24,A000590,[0.17360339],-16.388164425227966,745
356,A054050,[0.17339553],-16.908763455710744,746
1941,A011760,[0.17333025],-16.113646171415596,747
1574,A220260,[0.17321927],-14.378784700356537,748
308,A190510,[0.17321178],-14.217972437380045,749
765,A023000,[0.17283721],-16.19662676074998,750
245,A012610,[0.17282281],-16.77686909063335,751
1507,A204840,[0.17281687],-16.71343454106471,752
1078,A007820,[0.17242149],-15.940417781623616,753
1155,A073110,[0.17227513],-16.440985166938283,754
1633,A005740,[0.17218041],-17.218365035007206,755
1911,A059270,[0.17207604],-16.67496626446914,756
468,A005960,[0.17179189],-17.0819573797324,757
1935,A011210,[0.17167816],-16.428199149376674,758
1239,A215360,[0.17166776],-16.49233852870427,759
1421,A019540,[0.17165535],-15.929928795991211,760
1236,A041190,[0.17161993],-17.060149557212053,761
1751,A103140,[0.17140202],-15.637975265187617,762
1842,A053590,[0.17139849],-18.35055246668089,763
1539,A042000,[0.17133688],-18.337379103598828,764
1156,A083310,[0.17129994],-15.643576984033922,765
359,A012340,[0.1711648],-16.349712745364634,766
150,A053290,[0.17115453],-18.937689082260672,767
1241,A073560,[0.17113521],-16.22259658496212,768
864,A053450,[0.17111765],-15.19306135157637,769
1701,A033540,[0.17107815],-17.806779691804902,770
414,A002880,[0.17094955],-16.618829447708716,771
143,A001120,[0.17088068],-15.445773778965467,772
485,A008970,[0.17086432],-16.637217755010514,773
866,A027970,[0.17084892],-16.779940260379256,774
908,A134790,[0.17077355],-17.16142781704237,775
91,A096760,[0.17075476],-16.371598895004013,776
79,A204320,[0.17074141],-16.389033215213306,777
761,A003720,[0.17066431],-14.392638543241782,778
1354,A351330,[0.1706183],-16.350750188995548,779
527,A066900,[0.1704727],-16.245976153601866,780
1508,A013870,[0.17044661],-16.235959310759036,781
140,A000680,[0.17043103],-16.15206722700341,782
376,A000490,[0.17036083],-15.41722415721306,783
1480,A001550,[0.17034369],-16.339904629768288,784
1313,A024800,[0.1703326],-16.615638794076702,785
1698,A084730,[0.17023127],-15.853198554145111,786
1083,A069510,[0.17019922],-16.58694039442053,787
972,A260930,[0.17019182],-16.18877980532207,788
197,A001510,[0.17018685],-16.494292216077433,789
1381,A000760,[0.1701152],-15.011680906127063,790
46,A037370,[0.17004143],-13.20415561563011,791
1827,A063570,[0.16997762],-16.30951377396269,792
510,A203650,[0.1699169],-16.767477280234743,793
809,A092190,[0.169882],-17.796322311904827,794
1178,A003520,[0.1697988],-17.132835803947625,795
1648,A134580,[0.16954163],-12.369651139223475,796
1451,A090470,[0.16939502],-15.301860160546887,797
20,A058820,[0.16914236],-17.14508795259382,798
849,A001430,[0.16910727],-15.76800401716251,799
193,A326030,[0.16910176],-16.4826913775207,800
472,A033500,[0.16893771],-15.811932038202897,801
1220,A122990,[0.16889451],-16.86076622969385,802
782,A046390,[0.16886223],-15.573626627916358,803
1918,A000720,[0.16858819],-16.224024905162977,804
689,A003000,[0.16844415],-17.453644170341164,805
713,A065170,[0.16831271],-17.07867990132839,806
1033,A215790,[0.16767608],-16.609096240465764,807
1903,A000370,[0.16766437],-15.464219507019138,808
191,A068400,[0.16759793],-16.5018508928365,809
579,A038060,[0.16754725],-15.11662294772046,810
781,A010960,[0.16707636],-16.55105232844314,811
1687,A277880,[0.16688602],-14.46242399031412,812
573,A004000,[0.16667798],-15.401097876561623,813
1133,A173940,[0.16653011],-15.024589512491094,814
1631,A016600,[0.16651115],-16.222474327459114,815
699,A251630,[0.16649475],-14.910680466847625,816
1832,A023350,[0.16642908],-15.35613089561359,817
697,A064480,[0.16642259],-13.148039400757689,818
609,A065650,[0.16605955],-16.856460115443582,819
126,A052900,[0.16598129],-15.76297553802535,820
1212,A309930,[0.16590771],-14.468552626687373,821
1942,A227840,[0.1656879],-15.809806454139915,822
1347,A054210,[0.16567795],-13.562767377597218,823
497,A032960,[0.16545089],-15.552012334010122,824
944,A160980,[0.16520441],-16.109997056448275,825
1991,A084110,[0.1650179],-17.683797864639654,826
1023,A013310,[0.16484601],-13.640449466924487,827
476,A088130,[0.16474903],-15.021798676621273,828
832,A037350,[0.16471209],-15.995790765652892,829
739,A006660,[0.1646876],-15.082894489173832,830
477,A028100,[0.16463151],-16.157531741076447,831
1401,A064290,[0.16451973],-15.18081963016164,832
1660,A124560,[0.16447835],-16.073513030405877,833
389,A036480,[0.16428384],-15.68706854502636,834
1541,A050110,[0.1641338],-15.406841723555488,835
1625,A015590,[0.1639954],-13.869016812156712,836
382,A006570,[0.16392022],-15.669203513637099,837
1999,A238490,[0.16383522],-16.143323900446088,838
1330,A008730,[0.16381993],-13.633704033144946,839
162,A005490,[0.16363176],-14.78054472161756,840
321,A111710,[0.16356361],-15.599109525850007,841
621,A012690,[0.1633912],-16.372446679776132,842
1955,A378850,[0.16337867],-15.367660719688773,843
1326,A179900,[0.16334801],-13.800943034265337,844
1368,A102460,[0.16321018],-16.106519466128656,845
530,A039840,[0.16320487],-15.410671650463065,846
1029,A065660,[0.16317607],-16.24381028729019,847
290,A002990,[0.16314607],-16.450872320791632,848
452,A194480,[0.16294055],-15.047064397984512,849
1782,A161580,[0.16271255],-15.007862928741407,850
533,A210540,[0.16258686],-15.655020901125484,851
17,A011150,[0.16258421],-15.581832311222362,852
1567,A064820,[0.16257217],-15.444959093589715,853
240,A267290,[0.16243711],-15.142807935243928,854
114,A058400,[0.16237599],-16.51146095429991,855
1839,A024720,[0.16225585],-16.5915934478365,856
1024,A059120,[0.16223426],-13.9432228943054,857
1845,A032300,[0.16221765],-15.933028407933529,858
1032,A260660,[0.16220874],-16.401170057359536,859
1150,A227950,[0.16217417],-14.905173586127878,860
1456,A194370,[0.16195112],-15.540852503013609,861
1882,A014130,[0.16193258],-15.173774802536633,862
1369,A039030,[0.16182918],-15.296511194754432,863
1779,A006140,[0.16172586],-14.814047149956128,864
800,A248170,[0.16170913],-16.546461640234142,865
1709,A047310,[0.16165383],-15.360241514035204,866
1601,A045970,[0.16164484],-14.583904433391684,867
674,A035150,[0.1615566],-15.105523073509982,868
165,A091340,[0.16148828],-15.502840861822847,869
1466,A199820,[0.16144149],-16.303814322333736,870
503,A000150,[0.16144139],-14.23522000317093,871
456,A145720,[0.1614198],-12.207108741408197,872
943,A036710,[0.16128355],-14.283163117697962,873
1223,A067900,[0.16125686],-16.190823275384098,874
989,A050860,[0.16108866],-15.47970429277724,875
109,A035600,[0.16103882],-16.041768058171307,876
611,A021880,[0.16101339],-15.393936569237802,877
1290,A320000,[0.16100545],-12.610461546254378,878
1475,A082270,[0.16095462],-15.757615778805585,879
780,A017480,[0.16068776],-15.517512748389304,880
153,A104200,[0.16066904],-13.32771614991481,881
289,A001570,[0.1604945],-7.583874866472462,882
1691,A062860,[0.16047686],-15.575137171963588,883
1124,A038870,[0.16043783],-14.961365320813096,884
102,A009440,[0.16036556],-15.082211497401186,885
1168,A033160,[0.16020329],-14.053179228958845,886
1513,A109820,[0.16018593],-15.955762014585703,887
1630,A066310,[0.16015769],-15.489925615029527,888
1228,A273060,[0.16007461],-15.871906419058831,889
1665,A095610,[0.16007046],-15.403270243189464,890
1506,A119850,[0.15995807],-14.280455137352003,891
1474,A229000,[0.15980973],-18.214270106836477,892
134,A066570,[0.15980875],-15.291730491379843,893
1503,A144510,[0.15977878],-16.133800733035926,894
438,A069460,[0.15976771],-16.64936862829754,895
1139,A067570,[0.15963461],-15.080708803234247,896
1961,A133820,[0.15946414],-14.433670466744644,897
1898,A009460,[0.15944539],-16.09030905438251,898
902,A013810,[0.15942891],-16.021831920038714,899
1190,A080520,[0.1593613],-15.16492574658314,900
4,A265520,[0.15935085],-15.367552450961087,901
1082,A096630,[0.15916356],-14.902480563955898,902
845,A017510,[0.15916161],-15.533380053171518,903
1453,A137950,[0.15910761],-14.751405038588565,904
256,A098460,[0.15904846],-15.862651136687637,905
568,A032350,[0.15882569],-15.896425925762864,906
1577,A047770,[0.1588127],-14.657286045068407,907
440,A298540,[0.15870846],-15.798852786612146,908
1186,A053280,[0.15850117],-16.736414415881494,909
1463,A052670,[0.15833335],-15.583270440677477,910
1027,A001540,[0.15827717],-15.541800562482726,911
190,A210980,[0.15823874],-15.587011968344157,912
385,A290670,[0.15822906],-12.358689569556557,913
388,A084690,[0.15821865],-15.605299820903046,914
1003,A214430,[0.15818101],-14.23500020412797,915
754,A009300,[0.1578201],-14.028522802091999,916
1521,A272450,[0.15762679],-15.176711300013944,917
38,A004840,[0.15752514],-15.500043232186597,918
37,A007340,[0.15747178],-12.540483970450762,919
707,A100220,[0.15741554],-15.959589705589126,920
920,A005390,[0.15734812],-14.883615064603065,921
1345,A041520,[0.1573341],-15.973208615226833,922
1346,A264850,[0.15722251],-14.747501899607354,923
1822,A017890,[0.15722023],-15.237398904839658,924
567,A071280,[0.15719269],-13.762797199391649,925
1626,A040350,[0.15713122],-15.909187687367904,926
115,A114450,[0.15711576],-15.711269007515849,927
806,A200880,[0.15701568],-12.423926713755138,928
569,A000400,[0.15674981],-14.825034534536659,929
138,A006260,[0.15672759],-13.883683046760218,930
720,A032850,[0.15669383],-15.113045949493436,931
841,A080470,[0.15658199],-15.158649311378543,932
1595,A241710,[0.15647943],-14.070042629035301,933
1966,A032560,[0.15626726],-14.510258983232214,934
1869,A014680,[0.15623817],-14.462444945132374,935
1615,A052330,[0.15619808],-14.997207131519625,936
336,A330860,[0.15610758],-15.517872759905261,937
879,A066910,[0.15605535],-15.20926762815186,938
786,A001820,[0.15603107],-14.89661239968414,939
1580,A027050,[0.15566959],-15.420992733022095,940
178,A016250,[0.15563189],-16.4222340331902,941
939,A187270,[0.15555029],-13.189736742690805,942
1322,A023410,[0.1554893],-15.529788568153293,943
1387,A277410,[0.15537691],-15.158823075627572,944
1467,A038010,[0.1551911],-13.322667062823951,945
1593,A044820,[0.15514306],-16.056444899284237,946
401,A047040,[0.15476122],-15.742982237772887,947
36,A068790,[0.15471441],-14.683178547460425,948
1714,A131760,[0.15469681],-14.572690747769071,949
89,A067290,[0.15458485],-15.07530625403787,950
81,A011200,[0.15456248],-15.957463457127705,951
771,A009770,[0.15455373],-14.966908210229498,952
14,A035760,[0.15452497],-15.748791652737257,953
263,A017040,[0.15451338],-14.225664673112686,954
976,A008700,[0.15443816],-14.672092016050804,955
871,A108860,[0.15443008],-8.794727856734543,956
239,A009450,[0.15441038],-15.072015016106743,957
996,A143160,[0.15425494],-14.627552516613937,958
1116,A262260,[0.15417281],-15.251749148497161,959
1824,A080720,[0.15416777],-16.200907307553038,960
198,A285130,[0.15414006],-16.529459897420562,961
1770,A031980,[0.15395344],-14.23172834443273,962
1076,A041510,[0.15372854],-11.684594564973464,963
1962,A061250,[0.15372508],-15.170330594871865,964
916,A001000,[0.15367304],-14.945409497085576,965
1583,A123410,[0.15357314],-14.229942179954548,966
1985,A079980,[0.15348653],-15.908195157870567,967
750,A068290,[0.15342658],-15.446337948935195,968
1183,A265560,[0.15341971],-14.443468823512001,969
701,A033560,[0.15336782],-15.52809404752198,970
624,A080160,[0.15319727],-15.074401103542504,971
807,A019770,[0.15306124],-15.680993846011201,972
1792,A003380,[0.15270054],-13.929901410204181,973
862,A039310,[0.1525557],-15.397140114956613,974
1688,A131290,[0.15243782],-14.649401268376007,975
772,A037460,[0.1524108],-15.016232071903122,976
1144,A265740,[0.15230701],-15.224771372979191,977
1705,A177830,[0.15206346],-14.725116455501588,978
1883,A024740,[0.1520324],-13.211963705321338,979
390,A128820,[0.15153885],-14.29476255215043,980
788,A027580,[0.15151101],-14.259592400286822,981
1279,A044340,[0.15147394],-15.439601555361488,982
748,A010140,[0.15122102],-14.212447298607659,983
696,A337930,[0.15116046],-15.623940948477593,984
1297,A000910,[0.15110634],-13.651636262205724,985
1564,A083550,[0.15104953],-15.152114569571106,986
1527,A278280,[0.15102469],-13.31144118842934,987
1936,A090850,[0.15054893],-14.883753799906772,988
684,A002760,[0.15052637],-14.546870348238773,989
1711,A170790,[0.15050101],-13.590950883730164,990
1669,A054450,[0.1504278],-13.72246700144568,991
65,A267250,[0.15040708],-14.335834529837356,992
543,A187220,[0.15035516],-14.725181504939423,993
357,A040160,[0.15029433],-14.70359957022734,994
995,A020560,[0.15014565],-14.257605540082288,995
90,A001060,[0.15007541],-14.061150657901434,996
1867,A114810,[0.14999279],-13.67117009225153,997
1823,A000240,[0.1499195],-14.803510977739089,998
1932,A039010,[0.14983152],-14.338543235452994,999
1014,A185490,[0.1498051],-17.42359974099266,1000
1365,A083470,[0.1497274],-9.457687178803429,1001
1663,A073640,[0.14970318],-11.612155276569942,1002
1713,A038950,[0.14961678],-14.467489212258398,1003
1285,A065370,[0.14952728],-12.73461138715136,1004
268,A339770,[0.14940083],-15.406055669532398,1005
792,A091580,[0.14926053],-12.410431108376082,1006
1553,A029460,[0.14919073],-14.378544406197266,1007
1006,A010780,[0.14917826],-14.558594608354756,1008
328,A042420,[0.14914976],-12.904346807562822,1009
599,A100590,[0.14879693],-14.695216813289969,1010
1959,A010690,[0.14879674],-11.55375711402285,1011
379,A004780,[0.14860505],-14.408395190371134,1012
127,A061970,[0.14855781],-14.674810942640395,1013
811,A004410,[0.14844344],-14.699329746272763,1014
1122,A230240,[0.14839603],-13.060483169925071,1015
426,A054670,[0.14832082],-14.091596607930606,1016
1612,A282880,[0.14818757],-12.753709931016704,1017
1579,A104540,[0.14818524],-14.295344292251144,1018
1712,A049120,[0.14814543],-14.336123790022722,1019
270,A007690,[0.14814051],-14.484109475840112,1020
1384,A041830,[0.14812865],-13.67354684590218,1021
148,A035420,[0.1480895],-14.749422313531422,1022
1400,A051370,[0.14797884],-13.396866428160006,1023
1798,A126700,[0.14788383],-12.550327768338237,1024
549,A069540,[0.14773929],-14.507544683488511,1025
1766,A032580,[0.14768243],-13.793372248304648,1026
218,A246690,[0.14762169],-15.452699070315203,1027
1464,A271980,[0.14749968],-15.208394841347753,1028
1163,A097520,[0.14748799],-14.318952768078944,1029
884,A036830,[0.14748439],-13.843906561133535,1030
1996,A000540,[0.14737897],-14.30361991380281,1031
1700,A034230,[0.14717498],-14.031944033619213,1032
47,A050120,[0.14697249],-14.259081217841581,1033
1909,A034810,[0.14696332],-14.594692930660552,1034
1489,A001630,[0.1469545],-15.259271957389121,1035
952,A222420,[0.14692376],-13.188670373633167,1036
1348,A164060,[0.14684937],-14.251902502481325,1037
755,A145990,[0.14674833],-14.232020360455438,1038
906,A048870,[0.14664119],-14.209809251769219,1039
661,A301300,[0.14655589],-14.356276583435264,1040
706,A318410,[0.14652347],-14.857539831533716,1041
870,A268600,[0.14645316],-18.146582984644652,1042
858,A067830,[0.14633645],-14.267939276352232,1043
1651,A006890,[0.14632395],-13.325093101711598,1044
615,A059210,[0.14621867],-12.905961274170343,1045
1194,A046120,[0.14620545],-14.949821973791598,1046
1749,A017810,[0.14604977],-14.852822100611743,1047
180,A004060,[0.1458794],-14.285030020310309,1048
130,A034220,[0.14585785],-14.14547681503499,1049
1324,A084370,[0.14556714],-14.174399865778183,1050
1265,A030530,[0.14551054],-14.70724929818383,1051
552,A115390,[0.14550006],-15.376949542801162,1052
627,A012860,[0.14545476],-12.949159308168422,1053
1790,A039130,[0.14540343],-14.275731800083477,1054
774,A054090,[0.1453914],-13.686098520720869,1055
307,A051490,[0.1452977],-13.540170029650342,1056
1723,A028670,[0.14522784],-13.624966185731646,1057
455,A261200,[0.1451881],-13.775585168530778,1058
1684,A246710,[0.14515023],-14.15535682571606,1059
830,A086710,[0.14474393],-14.202996325496649,1060
734,A053700,[0.14473827],-13.30968767811353,1061
1331,A072770,[0.14472933],-12.992608499753674,1062
1727,A263750,[0.14455317],-13.265962884731424,1063
189,A006120,[0.14435516],-14.26876511134792,1064
400,A014160,[0.14429829],-14.407103648238802,1065
1476,A064800,[0.14423491],-13.935100663271971,1066
62,A089470,[0.1441219],-13.592290616538069,1067
550,A347700,[0.14411635],-14.685291679461846,1068
836,A011300,[0.14408185],-10.058029885361524,1069
58,A297890,[0.14405376],-13.35760939511065,1070
1604,A002020,[0.14401373],-13.988794926469357,1071
783,A004450,[0.14363546],-13.627533299151153,1072
1639,A214150,[0.14360681],-11.8220897327114,1073
1728,A251970,[0.14355579],-13.221907093240187,1074
1802,A106190,[0.14344873],-13.416177220577183,1075
343,A251270,[0.14330352],-14.968857141282559,1076
813,A018680,[0.14324714],-14.262767354713912,1077
1571,A258610,[0.14323816],-13.88665064188372,1078
1773,A043370,[0.14305491],-13.44934456009655,1079
1618,A200130,[0.14303315],-14.99816320796285,1080
1432,A289220,[0.14296669],-13.54862306159967,1081
1838,A161890,[0.14285977],-14.054768499512406,1082
1652,A023160,[0.14274333],-11.82919929017191,1083
1237,A115440,[0.14253727],-12.99013942030199,1084
1388,A060150,[0.14250768],-14.030881434201428,1085
1664,A066700,[0.14235226],-13.970893450940755,1086
708,A200780,[0.14226532],-15.003102976139472,1087
52,A114090,[0.14224853],-12.813188127888287,1088
1356,A086890,[0.14216583],-14.63997285334804,1089
687,A000890,[0.14194584],-14.571335108101074,1090
643,A007120,[0.14182309],-5.0901837384821995,1091
186,A011790,[0.14172656],-13.546640018610043,1092
167,A019550,[0.14158986],-14.094965008345115,1093
1893,A002320,[0.14156983],-14.664320114432792,1094
709,A141000,[0.14155254],-13.391961350372233,1095
112,A060720,[0.14154474],-12.759429424963004,1096
949,A010280,[0.14149283],-13.333912076379365,1097
1026,A067160,[0.14138375],-13.139484154334912,1098
1841,A161390,[0.14132201],-13.777619329791223,1099
1707,A150900,[0.1412686],-12.721101170776597,1100
1864,A069640,[0.14117872],-12.905348017447535,1101
1741,A256630,[0.1410446],-14.32390705155089,1102
1833,A000970,[0.14100847],-13.681585844581345,1103
618,A017180,[0.14097002],-14.55749330588877,1104
1910,A076610,[0.14089277],-14.442301713348446,1105
548,A171120,[0.140839],-13.74297197585961,1106
1847,A047810,[0.14070216],-11.78168768128761,1107
732,A014970,[0.1406449],-13.91131917582388,1108
1303,A086390,[0.14050251],-13.585858666620735,1109
1170,A033310,[0.14034061],-15.551146578598102,1110
367,A030210,[0.14026725],-13.622308364408285,1111
374,A008060,[0.140141],-13.620364718301023,1112
435,A005880,[0.14004053],-13.924791329859904,1113
35,A375500,[0.1398325],-15.265004202102958,1114
1912,A101530,[0.1396868],-14.074834121657478,1115
1769,A319660,[0.1393545],-13.76363717332792,1116
1542,A119860,[0.1393256],-14.371841667108427,1117
1273,A065950,[0.13928578],-13.786387777475497,1118
727,A008040,[0.13925244],-13.09283794156132,1119
1395,A211050,[0.13924869],-11.39913874773889,1120
509,A030350,[0.13919723],-14.503556066692562,1121
1200,A053980,[0.13907695],-12.801303210829941,1122
582,A058470,[0.13905453],-13.352584468484388,1123
941,A243840,[0.1390165],-12.623701458977381,1124
1355,A080010,[0.13879704],-13.59208884243807,1125
187,A018670,[0.13877334],-12.452412932053674,1126
80,A060980,[0.13858006],-13.276987090084639,1127
227,A078890,[0.13844238],-13.472222597006892,1128
166,A010950,[0.13820341],-13.281249368838894,1129
801,A294630,[0.13817419],-12.779496823168582,1130
1125,A101360,[0.13811203],-11.771967722666,1131
538,A068930,[0.13809023],-13.337507624519148,1132
177,A005090,[0.13803037],-13.79544314106704,1133
710,A090460,[0.13795263],-11.844941507447727,1134
1217,A082210,[0.1379082],-14.754932347558299,1135
1009,A307180,[0.13772313],-12.085064818961154,1136
1196,A002630,[0.13768908],-14.404315803614496,1137
1454,A033320,[0.13756005],-13.476445814842501,1138
1573,A089010,[0.13754842],-12.550948388678448,1139
280,A204020,[0.1374825],-13.284274354440951,1140
730,A006090,[0.13733577],-13.48283992286841,1141
1597,A005420,[0.13732326],-8.096717711477279,1142
1656,A053620,[0.13729028],-13.359630732207949,1143
1208,A080580,[0.13717081],-13.003404984612107,1144
1051,A290740,[0.13701566],-12.765380369036619,1145
685,A003850,[0.13691162],-14.626348429878362,1146
223,A037270,[0.13678345],-11.879339083524917,1147
1861,A009240,[0.13642915],-14.163493782159415,1148
160,A178920,[0.13640485],-13.047678459433465,1149
1081,A306040,[0.13637808],-14.192889811883015,1150
1611,A056360,[0.13626636],-13.13643616883841,1151
1114,A021080,[0.13617727],-13.683976993837039,1152
1312,A002920,[0.13597183],-12.945474731127726,1153
283,A014530,[0.13576659],-13.304237312483727,1154
959,A004920,[0.13576523],-11.660862727275367,1155
1308,A089850,[0.13572684],-12.165065361896165,1156
810,A046890,[0.13557539],-13.52327497933711,1157
1548,A263700,[0.13557027],-13.035747469890342,1158
1538,A293490,[0.13535794],-12.70534726612599,1159
1270,A336060,[0.13534499],-12.680342019380628,1160
459,A006620,[0.13508202],-13.352776058944144,1161
593,A098120,[0.13474499],-11.74599521625573,1162
506,A131970,[0.1347315],-12.463826357250069,1163
44,A017940,[0.13469823],-12.644542017402992,1164
1074,A080000,[0.1346189],-11.94592328089046,1165
346,A000320,[0.13451683],-13.113169613834925,1166
1232,A332570,[0.13451304],-14.745626198244052,1167
1280,A330350,[0.13429378],-13.8516866793478,1168
1192,A039830,[0.13425052],-13.078448884134737,1169
1854,A256150,[0.13409804],-13.930773588251611,1170
1889,A007770,[0.13402153],-11.017154273685959,1171
69,A267260,[0.13394155],-10.224646406732722,1172
1289,A136540,[0.13391212],-13.081177451339586,1173
1774,A239890,[0.13384222],-12.082552886139922,1174
563,A277810,[0.13368591],-7.5786041150329515,1175
1858,A008930,[0.1336735],-13.376740775977485,1176
946,A217330,[0.13359264],-13.875949644725228,1177
1825,A123890,[0.13358392],-13.431211219986302,1178
433,A001130,[0.13338682],-12.749779453753316,1179
125,A122450,[0.13335967],-14.017938431501136,1180
1627,A051780,[0.13327707],-12.697701177561587,1181
1817,A256840,[0.13322181],-11.181595608672403,1182
1853,A002390,[0.13310652],-13.632443188531731,1183
918,A065350,[0.13308179],-11.88754370354634,1184
927,A002800,[0.13298184],-13.341551741308919,1185
74,A278650,[0.1329094],-13.211505139522092,1186
1628,A115180,[0.1328465],-13.752462822925958,1187
1336,A044960,[0.13280772],-12.719401528755236,1188
213,A089230,[0.13280509],-15.019523566520618,1189
1808,A036460,[0.13271586],-12.712211351398222,1190
59,A078150,[0.13270152],-11.860959171279436,1191
119,A044450,[0.13249483],-13.081473580320122,1192
338,A002350,[0.13246563],-12.093712354092748,1193
285,A019660,[0.13237186],-13.441927716999817,1194
1720,A027710,[0.1323683],-11.607485752414027,1195
948,A003410,[0.132273],-12.89023815629313,1196
1525,A094850,[0.13198507],-13.08700644034296,1197
1676,A199800,[0.13191859],-13.156052300803335,1198
434,A003490,[0.13186107],-12.99888469379771,1199
1871,A004150,[0.13183412],-13.05311781055704,1200
897,A099440,[0.13161219],-10.990546831839039,1201
368,A023590,[0.13145787],-12.90566207172979,1202
450,A024900,[0.13144877],-9.355855896053841,1203
32,A001530,[0.13139976],-13.16158967667864,1204
492,A018500,[0.13123119],-12.088875544525429,1205
136,A051910,[0.13122322],-12.12637557282,1206
86,A099520,[0.13091964],-10.076912039884649,1207
853,A058650,[0.13084538],-11.814365517468612,1208
1065,A042110,[0.13081651],-12.005078515531295,1209
118,A000040,[0.13077117],-13.054264639727808,1210
1993,A024060,[0.13076366],-12.752263249642889,1211
0,A060310,[0.13072222],-12.304843652978748,1212
594,A038290,[0.13067401],-12.919419569588204,1213
558,A038390,[0.13060275],-13.089584980491917,1214
515,A187870,[0.13057769],-13.547416513133657,1215
1001,A099190,[0.13011691],-12.608746166229356,1216
1110,A071670,[0.13003612],-12.423899609613638,1217
1016,A262840,[0.13002218],-12.99851425109204,1218
494,A014820,[0.12999626],-11.87070219460952,1219
574,A286940,[0.12999352],-12.787326645225482,1220
1804,A000140,[0.1298121],-13.393751707757591,1221
1219,A153710,[0.12980684],-12.627222133129843,1222
1060,A238120,[0.12975743],-11.817059353894074,1223
1221,A232140,[0.12967777],-12.856442992656207,1224
57,A007070,[0.1296454],-12.820672295498401,1225
1925,A010620,[0.12964112],-12.101687447170177,1226
1934,A307950,[0.12963398],-11.570826993328662,1227
1647,A065130,[0.1295855],-12.804267023653448,1228
702,A369370,[0.12957772],-11.425864222430915,1229
1759,A335810,[0.12945149],-14.126601099045345,1230
1968,A094280,[0.12944846],-13.0730951005162,1231
979,A090430,[0.12942761],-13.649852720549573,1232
561,A228850,[0.12913974],-12.302999337199132,1233
311,A293580,[0.12907548],-12.448203029007615,1234
421,A015230,[0.12904337],-11.699142275321824,1235
1004,A040910,[0.12874076],-12.16420031712131,1236
956,A049960,[0.12857435],-12.550261702370314,1237
1340,A073490,[0.12853415],-12.768372832891597,1238
1530,A066360,[0.12849417],-13.066636378982087,1239
766,A004380,[0.12845883],-11.807378304413824,1240
1730,A087010,[0.12834205],-12.87118694279638,1241
26,A016610,[0.12815095],-13.05486978902574,1242
330,A085910,[0.12795381],-11.890104058360976,1243
886,A004430,[0.12793486],-12.090322527616902,1244
1066,A298060,[0.12792864],-12.322552851746403,1245
1534,A094360,[0.1278178],-10.309231217463388,1246
1,A095570,[0.1276891],-12.157249617550562,1247
1791,A136480,[0.12758585],-11.952756255578821,1248
1189,A045060,[0.12745544],-12.844929246121833,1249
351,A234690,[0.12737523],-12.435261946433128,1250
767,A002450,[0.12731717],-12.718463116084854,1251
1725,A010820,[0.12725575],-9.943278518516706,1252
85,A095340,[0.12722018],-9.644220846505888,1253
501,A025900,[0.12721759],-12.037641980498455,1254
325,A253590,[0.12718929],-11.577767771577564,1255
444,A012510,[0.12712768],-13.433597835883171,1256
544,A317120,[0.12705904],-12.925517535051469,1257
1363,A074610,[0.1270469],-8.175620747135328,1258
495,A163560,[0.12667223],-12.51915799342212,1259
726,A003960,[0.12644748],-11.296110628848103,1260
284,A204620,[0.12637859],-11.334455839928529,1261
1860,A047080,[0.12636852],-13.140559152999527,1262
1441,A122310,[0.12621322],-12.324932173939498,1263
1257,A307280,[0.12616738],-11.712480668176465,1264
475,A170900,[0.12591417],-12.512137030332939,1265
736,A023600,[0.12590988],-12.741935062933447,1266
384,A317850,[0.12575953],-8.708540985272688,1267
1153,A066970,[0.12558832],-8.458967406977399,1268
467,A007590,[0.12551206],-12.054032232518564,1269
1777,A147760,[0.12543604],-12.93933422326101,1270
1810,A005430,[0.12534487],-12.134990907275508,1271
1115,A200470,[0.12511778],-13.050102787929946,1272
261,A009290,[0.12509688],-12.310890338639432,1273
1379,A096040,[0.1250923],-13.354446157477053,1274
1079,A109610,[0.12503486],-11.198995359659111,1275
1888,A003300,[0.1249386],-11.939962289814277,1276
1878,A045100,[0.12481522],-11.868840126285644,1277
1642,A139670,[0.12422199],-12.890810690739087,1278
986,A002030,[0.12412275],-11.090906282854966,1279
16,A000120,[0.12397705],-12.914490468959803,1280
1300,A011330,[0.12380237],-11.604662600840983,1281
881,A248070,[0.12371005],-11.41578005301792,1282
1113,A230980,[0.12368932],-12.300015085875742,1283
461,A005160,[0.1236571],-9.715869836152272,1284
131,A051900,[0.12359004],-13.379042387337037,1285
1986,A065510,[0.12345026],-9.4480664187422,1286
1561,A105330,[0.12345021],-9.956253755899843,1287
228,A000500,[0.12326778],-12.802895484926891,1288
1164,A179290,[0.12322477],-9.251382228968362,1289
481,A084670,[0.12319739],-12.432416722941214,1290
349,A006280,[0.12317737],-13.25590587418335,1291
304,A121600,[0.12316886],-7.083275788367283,1292
738,A006400,[0.12307587],-10.886284293991945,1293
760,A000070,[0.12303936],-12.148508683906323,1294
1811,A071050,[0.12294808],-12.749155022254392,1295
488,A088910,[0.12284381],-11.612475433163414,1296
244,A214390,[0.12281786],-12.069988809505276,1297
966,A115480,[0.12266257],-11.816650555743973,1298
30,A060900,[0.12263404],-13.965045074295316,1299
1419,A007570,[0.12262089],-12.876746798314256,1300
1112,A224110,[0.122585],-13.23153888165185,1301
184,A025530,[0.12229651],-10.551774097804897,1302
666,A086040,[0.12213976],-11.54228944326633,1303
852,A019440,[0.12191497],-11.01678902409497,1304
970,A060590,[0.12174985],-9.582785337575165,1305
225,A052220,[0.12153225],-11.201438497378211,1306
395,A003540,[0.12152798],-11.887143454411504,1307
141,A229640,[0.12147701],-11.756110994301947,1308
1206,A048260,[0.12139575],-9.040064468917175,1309
15,A311690,[0.12135115],-10.772717421876886,1310
252,A010130,[0.12129894],-10.735719689866185,1311
404,A003090,[0.12123718],-13.012249548306471,1312
1470,A080220,[0.12122235],-11.205067814835143,1313
319,A003920,[0.12114411],-11.348845312410713,1314
100,A036670,[0.12109992],-11.383093773962846,1315
1359,A047560,[0.12102925],-10.126691381399048,1316
1397,A049070,[0.12092766],-10.315517290286135,1317
551,A214260,[0.12079513],-10.73929787168793,1318
1392,A100030,[0.12079248],-10.853831383749935,1319
1908,A195870,[0.12034744],-10.008600521061274,1320
854,A100700,[0.12034085],-12.427434774142782,1321
1685,A340570,[0.12032146],-10.64336717026897,1322
1803,A000080,[0.1203036],-12.19555855195205,1323
366,A058730,[0.11997749],-11.18454077779074,1324
554,A171010,[0.11982019],-10.925516453903608,1325
632,A009680,[0.11966915],-11.662376725150294,1326
514,A217620,[0.11949601],-11.365562863358933,1327
1275,A043590,[0.11922922],-11.223412003902677,1328
1352,A078020,[0.11919514],-12.403795085898237,1329
409,A005710,[0.11910914],-11.362428975007225,1330
1044,A293780,[0.11901148],-13.732922241247268,1331
1025,A158430,[0.11899298],-10.97731182954811,1332
8,A126600,[0.11866167],-9.853119784198018,1333
907,A025320,[0.11856193],-11.20152021503006,1334
798,A252990,[0.11854425],-11.406307251591896,1335
945,A356890,[0.11849412],-11.328046014082574,1336
1243,A010050,[0.11839202],-11.537852684404404,1337
1460,A094970,[0.11834136],-10.876168800401388,1338
1975,A081660,[0.11833547],-11.693062900507556,1339
1304,A241690,[0.11831656],-10.896893581817245,1340
1520,A051630,[0.11828301],-11.075449797118404,1341
822,A008490,[0.11814706],-12.388748452054212,1342
1902,A088350,[0.11792796],-11.631005508129705,1343
821,A065710,[0.11763952],-11.006313477611881,1344
1093,A023960,[0.11741348],-11.313416462108007,1345
259,A215000,[0.11728011],-10.350230445739424,1346
206,A036530,[0.11724766],-11.277663784666636,1347
522,A263690,[0.1170316],-11.16552037224381,1348
1224,A007530,[0.11696622],-10.21265363652771,1349
1704,A005690,[0.1169409],-11.91100309555981,1350
695,A100120,[0.11694004],-10.915566467292493,1351
1989,A263920,[0.11692221],-12.07959904217217,1352
1137,A092870,[0.11682752],-11.318198792450772,1353
185,A034730,[0.11675142],-11.813950502264738,1354
1483,A034940,[0.11674939],-12.048193742299928,1355
520,A110990,[0.1164606],-11.185183989718773,1356
1495,A072020,[0.1163898],-11.583570163992416,1357
429,A006650,[0.11632605],-11.743332660779133,1358
1426,A015860,[0.11631031],-10.920135098287865,1359
1588,A041960,[0.11628629],-11.281610775217736,1360
731,A122350,[0.11627879],-10.690259921902289,1361
625,A087260,[0.11627162],-11.105652605242193,1362
1581,A007810,[0.11621948],-9.886903544268696,1363
124,A060370,[0.11614423],-10.901916239273326,1364
1509,A071320,[0.11594523],-11.93607205981142,1365
1917,A084990,[0.11585996],-13.551554158511257,1366
265,A017900,[0.11580719],-10.408285987413649,1367
352,A005250,[0.11569569],-12.273673127753945,1368
267,A030610,[0.11553691],-11.827223937027028,1369
1447,A033100,[0.11546221],-8.603544078414256,1370
1119,A003060,[0.11543471],-12.96029241248484,1371
1070,A031330,[0.11540572],-10.77951266479542,1372
1171,A259630,[0.11538846],-10.6537691717587,1373
539,A033130,[0.11531605],-11.735800418144393,1374
717,A082920,[0.11528677],-9.968917524003858,1375
173,A036540,[0.11491493],-11.017108168777051,1376
156,A030190,[0.11462447],-12.267519790079604,1377
1896,A005110,[0.11438686],-10.941293797368827,1378
1468,A002620,[0.1142939],-11.44751464077086,1379
254,A014570,[0.11412773],-11.592596944511307,1380
744,A028050,[0.11378128],-9.431606603210486,1381
1757,A303360,[0.11364585],-10.67074008481714,1382
933,A012790,[0.11355541],-11.519088204354789,1383
1015,A059100,[0.11353849],-10.392953329494032,1384
597,A005990,[0.11333891],-10.916237213822932,1385
281,A083420,[0.11315308],-10.409864143767788,1386
1913,A220180,[0.11314449],-10.847639321789783,1387
482,A082640,[0.11306697],-11.156494864498013,1388
1576,A046070,[0.11303273],-10.025625472130887,1389
60,A012630,[0.11293277],-11.88942723610577,1390
260,A121440,[0.11292736],-11.54220053854296,1391
137,A079550,[0.11267922],-8.703515458221492,1392
1020,A124500,[0.11264796],-11.330261760418635,1393
662,A064550,[0.11249635],-5.841990059699327,1394
1281,A348350,[0.11247411],-11.687411305314349,1395
1449,A054950,[0.11235485],-9.468678016406965,1396
759,A272550,[0.11233308],-11.387404085643254,1397
663,A314930,[0.112258],-10.619599736271876,1398
33,A000210,[0.11214336],-11.539009911773245,1399
1517,A007370,[0.11208996],-10.143117839623656,1400
1021,A084850,[0.11205736],-11.696603184785506,1401
1897,A079170,[0.11179847],-8.598346577322008,1402
1407,A115310,[0.11178966],-9.29349873670818,1403
1282,A112040,[0.11165999],-8.76116217028982,1404
1423,A020760,[0.11155483],-12.735228758460327,1405
386,A078140,[0.11152722],-10.873508744220056,1406
216,A069260,[0.11147311],-10.043435962202036,1407
159,A010060,[0.11130534],-10.059049108677424,1408
1859,A128940,[0.11119608],-10.289987492764235,1409
1152,A290650,[0.11108768],-9.798441535075407,1410
291,A011780,[0.11100542],-11.263456233346968,1411
334,A007390,[0.11086733],-9.643217839171713,1412
278,A002720,[0.11052257],-10.936759352583811,1413
1809,A039340,[0.11046279],-10.914397329442446,1414
639,A279600,[0.11031859],-10.066421092702225,1415
1788,A166090,[0.11019388],-9.788842498102333,1416
381,A017650,[0.10994001],-11.178053144089004,1417
1885,A300720,[0.10992637],-11.931633004049054,1418
1943,A126560,[0.10981024],-10.885263259612886,1419
1450,A023440,[0.10956637],-9.522108236686782,1420
1176,A111770,[0.10954991],-9.936574987200585,1421
1127,A086520,[0.10954435],-2.4979713721859165,1422
1252,A018620,[0.10944602],-10.985194926378446,1423
1879,A001750,[0.10937322],-11.296689579420953,1424
1103,A241840,[0.10927744],-10.099132309589544,1425
199,A017670,[0.10907312],-12.308413136786324,1426
1562,A272110,[0.1090263],-9.318565209173267,1427
1758,A053610,[0.10901129],-9.766210790757434,1428
1068,A101490,[0.10898643],-8.538099758108105,1429
337,A005720,[0.10879566],-10.511131586319086,1430
724,A005180,[0.10862707],-10.599743779914519,1431
1100,A195990,[0.10859204],-11.200491455412072,1432
370,A068240,[0.10855839],-10.28657269696857,1433
1209,A067170,[0.10850436],-11.580389304901063,1434
93,A318000,[0.1082779],-8.127302407555879,1435
447,A077360,[0.10825717],-10.99976130811328,1436
1679,A322180,[0.10809658],-9.554628424696547,1437
1398,A119610,[0.10767968],-9.084459539682257,1438
1225,A155650,[0.10745797],-10.396717838843134,1439
23,A083660,[0.10741642],-9.793895280846565,1440
464,A086450,[0.10731836],-11.227493742007512,1441
471,A102260,[0.10723343],-10.552289628255803,1442
406,A007680,[0.10692606],-10.807740860094285,1443
1362,A066980,[0.10689984],-12.34723678361506,1444
1622,A284740,[0.10675582],-11.288588247533053,1445
895,A192440,[0.10664601],-10.962650391338066,1446
412,A024890,[0.10661385],-9.1665265179365,1447
1868,A213500,[0.10659955],-10.513895001311736,1448
1262,A104830,[0.10654091],-10.252251721436801,1449
1641,A237880,[0.10653784],-9.961832055910602,1450
1891,A052690,[0.10630996],-8.652163185055077,1451
660,A053030,[0.10617025],-11.080800548668186,1452
1945,A057050,[0.10610072],-11.140583089427501,1453
1526,A004650,[0.1058669],-10.455031273674555,1454
1428,A049550,[0.10583163],-10.938677118408325,1455
1260,A240810,[0.10564967],-10.573041200500976,1456
11,A013720,[0.10563372],-15.651432847118013,1457
128,A093050,[0.10549313],-10.147201314589013,1458
1948,A003010,[0.10548743],-9.594635306607342,1459
657,A206640,[0.10546715],-10.570719706767377,1460
1452,A287410,[0.10542458],-8.372945665582877,1461
1836,A023760,[0.10521187],-10.34587923699427,1462
1940,A001500,[0.10511036],-10.701273738917322,1463
562,A281740,[0.10507568],-6.081742126854925,1464
1752,A005810,[0.10497493],-9.0812992290144,1465
314,A036800,[0.10495393],-10.57263142457226,1466
1666,A055490,[0.10459016],-9.51577491238522,1467
1350,A139480,[0.10457552],-10.90698220030579,1468
188,A001740,[0.10456591],-10.224926080901426,1469
1787,A067310,[0.1045068],-8.73407269530389,1470
1165,A009780,[0.1043379],-9.450451896645163,1471
1071,A060540,[0.104325],-9.847804782893043,1472
1429,A254120,[0.10423053],-8.816608966971193,1473
373,A006370,[0.10411607],-10.300472611560881,1474
1203,A039200,[0.10410929],-9.908279314825583,1475
773,A032750,[0.10393892],-10.911933616646067,1476
1075,A005850,[0.10392791],-9.025818634593664,1477
1900,A002680,[0.10383127],-8.506233801085234,1478
1048,A310200,[0.10372871],-8.901739836868725,1479
1301,A077500,[0.10366539],-9.6787128090639,1480
900,A253450,[0.10366324],-10.298721505539415,1481
1497,A228760,[0.10360372],-9.368176421403678,1482
313,A130580,[0.10355525],-10.654327527266041,1483
1926,A048410,[0.10350672],-9.593247289036201,1484
981,A074430,[0.10347676],-10.73611163667832,1485
1295,A036200,[0.10331095],-10.307645497443673,1486
925,A031440,[0.10325614],-11.40451454583669,1487
793,A263810,[0.10320544],-8.993980089098963,1488
1964,A000850,[0.10313764],-9.448923458069457,1489
848,A011560,[0.10293148],-9.010813732796594,1490
1890,A051600,[0.10257862],-9.852237402374104,1491
491,A013120,[0.1025424],-10.762292546518044,1492
1230,A122870,[0.10253039],-7.605688136423042,1493
795,A042940,[0.10233472],-10.50930939700418,1494
88,A234080,[0.10222999],-10.313460071746661,1495
1314,A000700,[0.10185127],-9.670059337082526,1496
360,A214870,[0.10177432],-11.964487227024609,1497
61,A039570,[0.10176442],-10.390550198789134,1498
478,A282690,[0.10159219],-9.539173856010112,1499
1762,A009810,[0.1014095],-7.663820341302879,1500
454,A206560,[0.1013399],-7.334895811404464,1501
243,A000050,[0.10128015],-10.137730309957428,1502
1169,A347890,[0.10123936],-9.273477797581059,1503
21,A023460,[0.10090375],-9.972134620630797,1504
1161,A019590,[0.10073413],-9.486082985743613,1505
1131,A064850,[0.10025349],-9.545213210160703,1506
1086,A039440,[0.10022517],-9.953830051563239,1507
789,A038540,[0.10011494],-10.08136719666873,1508
170,A151910,[0.09989],-14.15081066132278,1509
1494,A051980,[0.09946062],-2.153957642520705,1510
1234,A316140,[0.09932286],-8.96573403229487,1511
1261,A074600,[0.09919928],-9.094399979603713,1512
679,A019010,[0.09911522],-9.530877224364325,1513
315,A267320,[0.09907711],-9.168521758113396,1514
645,A085620,[0.0989475],-9.921010740720359,1515
1091,A058610,[0.09865533],-6.127737683573864,1516
723,A065450,[0.09859748],-9.502619475007325,1517
1653,A003240,[0.09833457],-10.465005748419646,1518
174,A255220,[0.09814209],-10.313888197309508,1519
331,A092730,[0.09812296],-10.154104176315737,1520
1482,A120030,[0.09792829],-9.38035587974263,1521
1844,A007280,[0.09792043],-10.231032201003968,1522
1683,A064760,[0.09790051],-9.985757386458692,1523
1491,A036930,[0.09773616],-8.060176696373853,1524
75,A067630,[0.0973868],-7.783685298313849,1525
249,A002140,[0.09736016],-7.881225464403432,1526
577,A011170,[0.09734596],-9.858642421937693,1527
1646,A219130,[0.09716387],-7.5973440226782945,1528
938,A056700,[0.09714084],-8.672320085522193,1529
1440,A095700,[0.09698065],-13.175213345829116,1530
294,A036190,[0.09687998],-9.153132125750806,1531
19,A051500,[0.09683397],-9.042514942590438,1532
1256,A005820,[0.09677402],-9.12797841069578,1533
1877,A078350,[0.09675594],-6.483062215056738,1534
1008,A038880,[0.09660668],-10.488881447706678,1535
1689,A019180,[0.0965395],-8.448504023081139,1536
1670,A078000,[0.09645753],-9.65947918523214,1537
1367,A091120,[0.09643023],-7.566821850141091,1538
665,A038460,[0.09635759],-9.927175284886411,1539
1874,A042520,[0.09595301],-8.809717523107908,1540
448,A004830,[0.09591276],-12.203891119088262,1541
1126,A128540,[0.09585701],-6.576593528184651,1542
1783,A347770,[0.09584076],-8.956710162556533,1543
745,A009150,[0.09572552],-9.204779701427459,1544
728,A007160,[0.0957168],-9.740728662412224,1545
1545,A078340,[0.09571537],-9.855975489840269,1546
757,A225190,[0.09570233],-8.818646841987253,1547
1461,A089790,[0.09543455],-8.447479448424446,1548
1984,A200670,[0.0954339],-8.966778475157735,1549
1145,A354200,[0.09511863],-10.532677658241578,1550
139,A010120,[0.09484576],-8.320046918936372,1551
375,A353200,[0.09478014],-7.524115121896308,1552
1686,A043220,[0.09474268],-10.531569830757853,1553
764,A005680,[0.09473064],-9.370216765101944,1554
1915,A214180,[0.09453992],-9.581950024031546,1555
1614,A015710,[0.09443385],-9.369040377667611,1556
1895,A180640,[0.09432462],-9.618714079358838,1557
898,A053210,[0.0942738],-9.566998328820617,1558
1516,A003780,[0.09421354],-7.853051310693207,1559
27,A005830,[0.09417209],-7.560879540589998,1560
1852,A011500,[0.09416951],-7.441935685738383,1561
133,A011070,[0.09409788],-7.655369825864547,1562
312,A138610,[0.09385146],-9.743650718511969,1563
1939,A005380,[0.09377054],-8.936758492153738,1564
298,A000270,[0.09351099],-8.568892420258184,1565
1635,A110790,[0.09350895],-9.539943533347675,1566
511,A223250,[0.09341296],-8.84993023840267,1567
87,A175330,[0.09339065],-8.265920270208744,1568
1990,A243070,[0.09334822],-9.92482955380677,1569
892,A236200,[0.09305007],-8.916591965274263,1570
958,A222080,[0.09301882],-8.024365058722484,1571
154,A005940,[0.09296062],-9.239270121927142,1572
623,A080420,[0.09287411],-8.659749764267332,1573
445,A213420,[0.0928298],-8.290635779408614,1574
292,A214330,[0.09269625],-10.685905682354521,1575
1693,A321550,[0.09267354],-9.647059385634241,1576
9,A138930,[0.09259084],-8.81522558293359,1577
1843,A034830,[0.09246521],-9.70667928351936,1578
1268,A101160,[0.09243605],-8.165048581777489,1579
596,A267980,[0.09243449],-9.593536052644358,1580
546,A232680,[0.09227601],-9.198101234937022,1581
1095,A200710,[0.09202295],-8.46668964674396,1582
1465,A001560,[0.0918228],-7.772235327129394,1583
297,A092440,[0.09159428],-9.41167851541781,1584
818,A122690,[0.09149734],-7.204008918872114,1585
1019,A119830,[0.09113368],-8.20061498675238,1586
700,A018290,[0.09109711],-9.237479252117934,1587
1487,A185750,[0.09103254],-9.275975730580504,1588
837,A081580,[0.09087029],-8.429482842761034,1589
1829,A006200,[0.09081184],-8.550048025629067,1590
1158,A170920,[0.09076845],-8.294350804005452,1591
342,A217270,[0.09071121],-10.150428124616603,1592
1992,A145020,[0.09064203],-9.634958620833066,1593
1499,A013890,[0.09046472],-10.69086427168372,1594
1650,A015890,[0.09042558],-7.995886538658533,1595
1920,A086280,[0.09020176],-8.515779375761413,1596
1555,A281820,[0.09019604],-8.954042887347557,1597
1600,A166480,[0.09017575],-9.715484995293094,1598
116,A025000,[0.09010336],-9.096887619687081,1599
526,A196490,[0.08989263],-8.731386664381954,1600
1554,A115500,[0.0897895],-7.779298929861303,1601
930,A009270,[0.08954206],-8.537278516871252,1602
523,A214680,[0.08949693],-6.42046590521651,1603
274,A043650,[0.08929792],-8.772553808234818,1604
799,A007540,[0.08926863],-7.986618449276786,1605
1067,A260970,[0.08920428],-10.029709278007214,1606
229,A036620,[0.08915654],-5.8526197691500315,1607
347,A194700,[0.08908047],-11.250168216658995,1608
557,A141080,[0.08899061],-8.236467826497323,1609
1716,A091700,[0.08882607],-8.513518548822395,1610
1177,A009970,[0.08879261],-7.382678553839323,1611
1047,A196300,[0.08873984],-7.355477964149942,1612
474,A000640,[0.08864722],-8.975392155046816,1613
749,A016360,[0.08863018],-8.678665548280456,1614
1311,A078070,[0.08855671],-9.144973529666231,1615
987,A183190,[0.08843356],-10.359327624278702,1616
1610,A033290,[0.08834204],-8.759971403010828,1617
1724,A222110,[0.088339],-9.14042928289182,1618
1963,A010660,[0.08826651],-6.431258545900485,1619
926,A006880,[0.08791504],-6.457773176712585,1620
922,A035510,[0.087815],-10.193071041034198,1621
571,A020150,[0.08767201],-8.008774094439925,1622
988,A002310,[0.08756195],-9.047690980964934,1623
1088,A237690,[0.0875031],-8.087853520852251,1624
575,A004990,[0.08748375],-8.835841699319117,1625
1862,A020000,[0.08737136],-9.248417827037885,1626
1952,A064240,[0.08733562],-6.698581711372102,1627
883,A357780,[0.08732803],-8.741037987581269,1628
1343,A272290,[0.0872215],-8.211944995677328,1629
1786,A299030,[0.08706111],-7.6369594634596565,1630
151,A181710,[0.08676256],-9.587960745686363,1631
1785,A086790,[0.08645385],-8.09051224980943,1632
53,A078930,[0.08624245],-8.300366879755417,1633
1271,A095270,[0.08582774],-8.011414114363658,1634
1603,A029960,[0.08581625],-8.425483960777987,1635
469,A026960,[0.08553652],-8.655405764808572,1636
1789,A293480,[0.08552777],-8.88221843597044,1637
1710,A368770,[0.08549932],-5.839513793355958,1638
1558,A093320,[0.085428],-8.028381405518116,1639
1967,A004800,[0.0853755],-8.7078317901948,1640
1780,A304840,[0.08537128],-9.108261162337842,1641
725,A143240,[0.08532122],-8.888420718274823,1642
1974,A093370,[0.08528661],-6.667147718447776,1643
1550,A221980,[0.08505023],-8.228670543663785,1644
646,A006800,[0.08483193],-8.481008243960309,1645
1320,A000220,[0.08442217],-8.495426051267398,1646
117,A092230,[0.08441518],-8.5551998238287,1647
528,A127120,[0.08440701],-7.176341238724485,1648
10,A001460,[0.08392912],-7.647198450856365,1649
1662,A191420,[0.08388216],-9.160598433333544,1650
350,A142280,[0.08365498],-8.518173923087277,1651
1522,A011000,[0.08353556],-9.438122080498475,1652
983,A083930,[0.08353407],-6.580097844186849,1653
1584,A003690,[0.08325487],-8.136817282512341,1654
324,A094860,[0.08315805],-9.678390623986715,1655
664,A086820,[0.08276122],-9.111845823151906,1656
1739,A189690,[0.08274631],-7.8477738584155725,1657
915,A004970,[0.08264832],-8.297873737783574,1658
1519,A100250,[0.08244269],-7.4321719958811325,1659
877,A290690,[0.08234128],-5.685132921516678,1660
961,A264660,[0.08230892],-7.572059287860761,1661
1673,A051360,[0.08228198],-6.7645316510544315,1662
678,A206400,[0.08226211],-7.684509581318071,1663
104,A092220,[0.08184218],-7.343666210977994,1664
705,A082800,[0.08168388],-7.728914421319683,1665
45,A245620,[0.08154922],-9.26241327771585,1666
1649,A014580,[0.08139789],-6.101863701250768,1667
54,A083450,[0.08127532],-7.209500357667708,1668
1512,A018120,[0.08123888],-9.045057239878098,1669
785,A011230,[0.08113799],-3.3391324241339424,1670
1606,A102940,[0.08074979],-6.522997644961801,1671
248,A012200,[0.0804983],-8.858395734866548,1672
1715,A140860,[0.08037014],-7.021833889898972,1673
1098,A298380,[0.08036695],-6.6300106656571405,1674
1587,A183300,[0.0802195],-8.093436931166009,1675
95,A105560,[0.08009143],-7.621494805582965,1676
387,A001680,[0.07990967],-8.244988767644717,1677
28,A000990,[0.07968591],-6.593185156806134,1678
1682,A057680,[0.07922707],-6.6854773816569795,1679
242,A011040,[0.07922567],-7.9185455289278535,1680
690,A001270,[0.07919052],-7.782048344954832,1681
1831,A025770,[0.07900304],-6.451228163358775,1682
576,A005300,[0.07898338],-7.34590796692893,1683
600,A067280,[0.07879499],-7.283432951361031,1684
458,A002150,[0.07878312],-7.1034616327699185,1685
428,A023910,[0.07877991],-7.681334325753795,1686
132,A032640,[0.07869777],-7.982226525968814,1687
339,A089140,[0.07859344],-3.0755288412161814,1688
1479,A004700,[0.07859167],-7.568127442785019,1689
1938,A005440,[0.07858756],-9.357591478431281,1690
164,A327260,[0.07806243],-8.293430641756265,1691
462,A075970,[0.07800661],-7.314372605882044,1692
1142,A036570,[0.07786529],-8.818703527857835,1693
1394,A034590,[0.07785681],-7.357920615212192,1694
1931,A041440,[0.07729939],-6.069560551958116,1695
1634,A096240,[0.07715126],-8.267981971868073,1696
753,A006110,[0.07692094],-1.2602409001083386,1697
1106,A072990,[0.07687519],-8.711254988872655,1698
585,A012700,[0.07652376],-7.596685289305131,1699
129,A003550,[0.07635964],-7.261585272412339,1700
842,A043260,[0.07604109],-6.537337450127822,1701
1528,A000650,[0.07603217],-7.905731042013199,1702
815,A093920,[0.07598992],-7.350926324427028,1703
1812,A034950,[0.07587694],-7.397972644941096,1704
531,A013570,[0.07580421],-6.6439258704859405,1705
470,A002210,[0.0757592],-8.263819962945943,1706
29,A139130,[0.07574572],-7.564116683947705,1707
1873,A226440,[0.07566044],-6.859493539716924,1708
602,A215200,[0.07526791],-6.782345711036575,1709
1424,A103590,[0.07504585],-5.6950115266528165,1710
704,A121800,[0.07499049],-7.493585371588511,1711
1928,A069960,[0.07453779],-8.052099768448814,1712
1017,A175250,[0.0745206],-11.270314806492326,1713
570,A023530,[0.07447378],-7.702097704234571,1714
1546,A063080,[0.07422327],-4.676448328723124,1715
417,A120240,[0.07379495],-7.380623800800903,1716
310,A089600,[0.07365431],-8.093777155751269,1717
327,A095660,[0.07357077],-4.662015597310656,1718
997,A054800,[0.07297253],-6.768222526920163,1719
1820,A002200,[0.0729301],-8.017082498283349,1720
443,A299170,[0.07292477],-7.25510993253577,1721
1950,A008770,[0.07280164],-7.057473462727701,1722
743,A018260,[0.07260981],-7.651211194485136,1723
1307,A206650,[0.07245591],-9.916305777771415,1724
1338,A214320,[0.07242733],-7.773136580366151,1725
1393,A023800,[0.07238711],-7.685403130376944,1726
1486,A002600,[0.0723003],-6.598302553823182,1727
1329,A003460,[0.07227905],-6.9776291916374245,1728
1965,A016580,[0.07223471],-7.353186275931995,1729
502,A000020,[0.07215685],-7.466950567610221,1730
1073,A056190,[0.07213377],-6.759702060334235,1731
1120,A244920,[0.07207281],-7.736056200820769,1732
1389,A033230,[0.07177054],-4.9713893006424055,1733
1160,A058970,[0.07159847],-3.4895191811455764,1734
1636,A083790,[0.07123029],-7.69417038537211,1735
722,A093190,[0.07115515],-6.266520238328223,1736
232,A035250,[0.07107151],-7.467323351169476,1737
446,A317330,[0.07101581],-5.949363193426515,1738
797,A075180,[0.07040073],-7.150877624760401,1739
1703,A208340,[0.07033289],-9.323229589707708,1740
1818,A004090,[0.07032481],-6.971342633612777,1741
207,A005610,[0.07026681],-6.702650927738128,1742
1609,A021240,[0.07024839],-7.51049647116071,1743
145,A383800,[0.0701574],-7.020755501943187,1744
770,A000520,[0.06999358],-6.889533801607217,1745
1706,A037070,[0.06973574],-6.848337791887994,1746
601,A072870,[0.06948889],-6.858615650267126,1747
12,A001040,[0.06939366],-6.786719321877623,1748
329,A311390,[0.06931866],-5.544956611758048,1749
1214,A226950,[0.06920077],-7.658610464275321,1750
496,A109860,[0.06883881],-4.117767049199207,1751
355,A072710,[0.06843857],-6.582920829693679,1752
1923,A012330,[0.06813722],-6.725818522022134,1753
817,A178320,[0.06670102],-7.680733011549441,1754
1167,A032790,[0.0662544],-6.346129976281829,1755
1484,A067000,[0.06600047],-7.510315176103513,1756
1998,A037440,[0.06556892],-4.989906278862378,1757
1444,A225220,[0.06552439],-7.7148321161996725,1758
1826,A015760,[0.0654992],-6.726405539176001,1759
1596,A005070,[0.06536713],-0.4573688794265287,1760
442,A192080,[0.06528367],-6.7016657514264235,1761
1624,A060280,[0.06497466],-5.498629320509286,1762
999,A122900,[0.06495673],-6.176240311428101,1763
1930,A004310,[0.0644437],-6.536001140033652,1764
332,A306620,[0.06430073],-5.364127617575959,1765
1283,A101730,[0.06425826],-1.488015312664559,1766
1378,A092130,[0.06400242],-6.603668457408343,1767
1092,A043340,[0.06388519],-6.4218974955904145,1768
1881,A009420,[0.06343296],-5.527465251936428,1769
1659,A044490,[0.06342227],-5.385998352438117,1770
1726,A016800,[0.06341626],-6.662697551439829,1771
617,A096640,[0.06301705],-5.058270849466142,1772
758,A002170,[0.06255282],-6.753125775636082,1773
299,A024110,[0.06214253],-5.803471134945835,1774
1191,A007310,[0.06173808],-6.07746978575854,1775
1341,A246960,[0.06164271],-6.719317596364472,1776
513,A192650,[0.06159541],-5.922852509833342,1777
937,A055550,[0.06093704],-5.970850081712807,1778
1511,A035000,[0.06011007],-5.752749311201068,1779
746,A005930,[0.06003511],-5.892758509712041,1780
951,A208640,[0.05954647],-8.131216973837954,1781
756,A003230,[0.05803797],-4.77275435589873,1782
742,A032830,[0.05699135],-5.69240685919037,1783
1213,A244460,[0.05691006],-6.942783626196313,1784
1204,A226400,[0.05688328],-4.925350473414601,1785
1080,A012750,[0.05668933],-6.087716129858195,1786
1721,A004720,[0.05655901],-5.795024602979514,1787
1328,A000100,[0.05632231],-5.347885893258769,1788
288,A008870,[0.05623681],-4.237815383501571,1789
1781,A087600,[0.05612998],-4.85381599106372,1790
155,A034310,[0.05611375],-5.984429843942208,1791
873,A068270,[0.05606025],-5.881164911296464,1792
1978,A192410,[0.05597225],-7.539072108806641,1793
1775,A347740,[0.05582102],-7.780784035481741,1794
762,A002810,[0.05486524],-5.542760029669295,1795
1850,A030520,[0.05435718],-5.519529668375193,1796
857,A021820,[0.05419697],-4.7193462351254025,1797
1244,A101170,[0.05343076],-3.230049893583139,1798
802,A038070,[0.05304373],-5.05781640372945,1799
875,A091990,[0.05289053],-5.6611013527708955,1800
969,A101240,[0.05283455],-4.961303969742751,1801
572,A280360,[0.05280692],-5.576810837115364,1802
1101,A003800,[0.05270494],-5.70012367143854,1803
257,A035290,[0.052366],2.640574803089031,1804
914,A029530,[0.05224047],-4.717313110677148,1805
1216,A131030,[0.05183041],-5.433349303140931,1806
490,A049770,[0.051747],-7.249217414207347,1807
1621,A192400,[0.05172054],-7.5947753271136245,1808
605,A041920,[0.05144273],-6.252675733305509,1809
1771,A002230,[0.05108222],-5.111770968767039,1810
1518,A010640,[0.05089379],-3.404008393916464,1811
439,A067080,[0.05089285],-4.8448548122392525,1812
960,A352480,[0.05085549],-4.182820004472455,1813
740,A028260,[0.05053967],-5.146340155466635,1814
752,A000810,[0.0504488],-4.378649820410588,1815
1856,A053690,[0.0501003],-1.486937816807551,1816
1107,A227100,[0.05009552],-6.034751812731892,1817
1157,A037950,[0.05005695],-3.978081887398579,1818
1187,A015360,[0.04982906],-4.982468319403249,1819
1753,A220100,[0.04978599],-5.634877489548021,1820
751,A029780,[0.04970198],-4.826359536368097,1821
932,A002700,[0.04946639],-4.327529449004347,1822
652,A134380,[0.04929986],-4.971866841743614,1823
1358,A005950,[0.04864545],-0.4530409744951429,1824
928,A005800,[0.04846931],-6.554469465820708,1825
1699,A046210,[0.0478598],-5.092101936049047,1826
120,A030200,[0.0473388],-4.45545675141852,1827
1755,A203690,[0.04609561],0.08807450465873057,1828
654,A059090,[0.04603479],-4.734419005822806,1829
1768,A241820,[0.04593106],-6.928153917077847,1830
874,A068760,[0.04556886],-4.746585584610421,1831
1198,A001800,[0.04510149],-4.376401772958052,1832
1146,A183490,[0.04499799],-10.404178946058689,1833
1104,A312610,[0.04462199],-5.140508912090849,1834
1740,A318020,[0.04421993],-4.350596795281756,1835
277,A307750,[0.04393388],-2.433128438622455,1836
649,A002840,[0.04388093],-4.6158153560967135,1837
1258,A053080,[0.04323149],-6.278111510256281,1838
1821,A002960,[0.04312172],-4.426997387157438,1839
465,A023450,[0.04301256],-4.532418278032474,1840
965,A359090,[0.04291675],-4.962243649519482,1841
405,A069620,[0.04260131],-4.462371677830059,1842
844,A340440,[0.04230538],-2.308196355034735,1843
653,A003650,[0.0418036],-4.335612310003373,1844
547,A300120,[0.04092684],-5.6219725128038815,1845
647,A049950,[0.04048745],-2.9039658302891214,1846
1215,A057540,[0.04039587],-3.929923229212307,1847
861,A036630,[0.04015806],-3.265740868417585,1848
200,A000660,[0.03994302],-4.08045558815647,1849
1599,A355150,[0.03970797],-2.2088834269551185,1850
1748,A007330,[0.03966648],-4.85570761218411,1851
1162,A169330,[0.03900858],-4.92835217587322,1852
1675,A079970,[0.03879665],-4.684269280168598,1853
1034,A131370,[0.03860578],-4.753507385559304,1854
333,A153460,[0.03851844],-2.829112940336376,1855
1756,A321260,[0.03841521],-1.6951748052642344,1856
517,A024090,[0.03820367],-3.660422666195111,1857
940,A004080,[0.03772646],-3.51793905391346,1858
1315,A054930,[0.0369712],-1.8958682205081345,1859
1668,A089030,[0.03689609],-5.568075911616319,1860
1293,A033270,[0.03684346],-4.9321658909043045,1861
826,A007610,[0.03684279],-3.9013231882445245,1862
1406,A175140,[0.03683062],-3.3273320174025085,1863
929,A001720,[0.03639684],-3.684442290255088,1864
525,A109740,[0.03578539],-3.76506963735553,1865
560,A228670,[0.03494888],-2.384191589993964,1866
775,A005500,[0.03494126],-3.5705683047665286,1867
306,A039860,[0.03479533],-3.7012243609480118,1868
354,A004370,[0.03466758],-2.3654803894162115,1869
1462,A030000,[0.03459293],-3.8368728093310684,1870
1677,A105550,[0.03372842],-5.279639376963697,1871
1403,A150840,[0.03348292],-0.04908102118520841,1872
1591,A082660,[0.03338323],-1.7769459629435045,1873
72,A028300,[0.03325169],-1.9171380460758976,1874
394,A016710,[0.03311406],-2.4445153582307166,1875
1772,A057880,[0.03247729],-1.857718430897641,1876
364,A064260,[0.03234395],-3.1762918536532103,1877
1436,A000950,[0.03170802],-3.0265708533918607,1878
1043,A291650,[0.03138058],-5.766650031721841,1879
18,A097950,[0.030842],-3.5971737500408083,1880
942,A222800,[0.03077856],-1.7978735166561544,1881
741,A207940,[0.03062796],-2.891334898853964,1882
1944,A001450,[0.03056333],-1.8658472112317168,1883
1443,A187420,[0.03055175],-3.527679620228507,1884
1690,A356860,[0.02983281],-3.3994754453265883,1885
655,A214610,[0.02936431],-3.0038620566828866,1886
651,A107590,[0.02735975],-3.0051154710958876,1887
921,A004170,[0.02706397],-3.2928705656454795,1888
650,A268280,[0.0265976],-2.9204908236028775,1889
934,A138070,[0.02562044],-3.5648009533101406,1890
1718,A318010,[0.02557315],-1.9497936519484975,1891
667,A032980,[0.02527845],-1.4249035814512283,1892
1417,A003200,[0.02484159],-3.9661514073025215,1893
1197,A271560,[0.02450149],-1.8630580226639826,1894
146,A086960,[0.02404398],-3.4434756543751313,1895
1532,A131100,[0.02270027],5.06685169576255,1896
825,A003100,[0.0219849],-1.1073452907426513,1897
430,A001440,[0.02057549],15.4976117068108,1898
962,A352700,[0.01881314],-3.4709386430416194,1899
924,A031430,[0.01813911],-5.271743772868033,1900
1420,A178780,[0.01803969],7.4359506501853305,1901
1038,A148250,[0.0179976],-2.8516447423854236,1902
808,A017390,[0.01753345],-0.7899147371725581,1903
777,A004690,[0.01675647],0.6437424069957682,1904
1438,A040420,[0.0161214],-1.5662840619270726,1905
51,A130500,[0.01561402],-1.9215790593582145,1906
121,A033780,[0.015304],-1.3925964891790095,1907
912,A016590,[0.01526351],-4.235155354322367,1908
1052,A238090,[0.01525711],-0.5419337123483051,1909
224,A040300,[0.01327279],0.3964234899469301,1910
31,A025440,[0.01226406],6.053060803140717,1911
855,A024830,[0.00996047],-0.022400422764275008,1912
917,A215600,[0.00874382],-2.158248284844838,1913
583,A019570,[0.00862568],2.247632085168963,1914
521,A078590,[0.00807055],-1.6328534600587092,1915
1201,A052420,[0.00715021],-2.296331751542757,1916
872,A208370,[0.00709854],4.531490620679581,1917
991,A246720,[0.00655835],2.0699070199217764,1918
984,A149950,[0.00522838],-0.2696746876228243,1919
909,A269620,[0.00513211],-1.817817054327123,1920
974,A123860,[0.00404992],-0.7239521764529522,1921
712,A142760,[0.00270076],-0.04207184430247024,1922
427,A001070,[0.0019109],0.29027293073253757,1923
1371,A088290,[0.00161905],-1.2804130022899582,1924
633,A118990,[0.00097059],10.41370690982186,1925
498,A004890,[0.00078883],1.862799832454691,1926
353,A065560,[-0.],0.0,1927
399,A006580,[-0.],0.0,1928
619,A257370,[-0.],0.0,1929
955,A015540,[-0.],0.0,1930
1377,A160600,[-0.],0.0,1931
1529,A012600,[-0.],0.0,1932
1543,A223310,[-0.],0.0,1933
1544,A109070,[-0.],0.0,1934
1598,A069110,[-0.],0.0,1935
237,A053950,[-0.00108145],-2.3747365243517664,1936
824,A357550,[-0.00144814],2.728162707038229,1937
411,A003220,[-0.00161965],0.3063653918393938,1938
1857,A042700,[-0.0036137],0.44851862428538003,1939
489,A094170,[-0.00387623],1.2944279343271603,1940
266,A037710,[-0.00490878],-1.5684989257890556,1941
1761,A041590,[-0.00708612],2.0844312701356102,1942
43,A180400,[-0.00858048],1.1697867145279932,1943
192,A302440,[-0.01090151],0.5297681428242799,1944
7,A282330,[-0.01290067],1.2949679947199049,1945
1077,A010580,[-0.015946],12.667687476533391,1946
1997,A003280,[-0.01655729],13.196792138511716,1947
968,A096530,[-0.01672325],-0.06703114874235494,1948
77,A047920,[-0.01808069],3.1070009891425023,1949
616,A058110,[-0.01880777],-0.3621232210420273,1950
590,A027740,[-0.01921855],7.455554121861179,1951
48,A383220,[-0.02201798],1.337634341525213,1952
675,A331520,[-0.02301855],1.2668905134892194,1953
22,A056730,[-0.02502444],3.4266339994561577,1954
890,A084180,[-0.02580032],0.5457494635977331,1955
1799,A106080,[-0.02725607],6.656781947189643,1956
1983,A032860,[-0.03243009],1.2455216008304302,1957
911,A139050,[-0.03423762],2.520241821843075,1958
896,A136510,[-0.03464251],4.302394885182533,1959
1629,A182360,[-0.0350235],14.78953056414258,1960
534,A104460,[-0.03547365],3.42498577419431,1961
493,A006040,[-0.03577752],1.1034972526363687,1962
1987,A215090,[-0.03956101],4.989451582758687,1963
1481,A000480,[-0.04020908],1.5623607057960318,1964
251,A049720,[-0.04096125],4.309235769997002,1965
78,A115450,[-0.04517676],3.8740954090929582,1966
1056,A030960,[-0.0520487],7.192487641023754,1967
1105,A015260,[-0.05830516],6.567271196693073,1968
719,A307870,[-0.06403469],6.91712430312816,1969
1431,A234920,[-0.06687869],12.834170340936604,1970
1072,A351320,[-0.06937105],8.968992664899515,1971
1578,A078940,[-0.0739674],5.986024464776883,1972
1590,A009730,[-0.07464588],13.386441332633055,1973
555,A084650,[-0.07809581],6.499486483873291,1974
1793,A101670,[-0.07974533],19.526908620920143,1975
1414,A003120,[-0.08150341],7.3159544668548735,1976
559,A294140,[-0.08646781],9.231947092858794,1977
73,A003580,[-0.09254014],8.239376484736004,1978
305,A247660,[-0.09959724],11.93543218437851,1979
876,A060230,[-0.11066912],18.46960883218059,1980
171,A036120,[-0.11227937],10.732082915575088,1981
107,A003620,[-0.13257387],17.71291901197357,1982
1373,A181340,[-0.13322058],8.170074009756338,1983
1057,A073570,[-0.13706108],24.6913562259666,1984
1477,A044060,[-0.14232101],9.815081182714458,1985
891,A253840,[-0.15001748],13.452820970985144,1986
612,A140410,[-0.15342519],12.813923878319187,1987
1531,A047820,[-0.17451847],31.185772521824006,1988
860,A258830,[-0.17732819],19.013697755015215,1989
264,A029480,[-0.19521738],28.323105559673316,1990
233,A114190,[-0.20325262],26.17427422444154,1991
1980,A205470,[-0.24108009],22.201074200365966,1992
279,A035080,[-0.25041085],32.53389323848664,1993
1717,A032800,[-0.28854573],40.7780155465757,1994
1339,A056090,[-0.30488939],31.24068451510992,1995
1269,A064090,[-0.31678335],51.36276316215418,1996
1360,A093230,[-0.32532698],47.844253276958256,1997
50,A214270,[-0.49841001],60.38169317140448,1998
1059,A263540,[-0.83702375],118.23537867272948,1999
371,A145210,[-1.69329722],215.62650537746595,2000
