,Date,Open,High,Low,Close,Volume,name,code
0,20180620,27270,27543,27200,27386,8586214,KODEX_200,069500
1,20180621,27356,27464,27125,27153,9493457,KODEX_200,069500
2,20180622,26893,27351,26889,27358,10291911,KODEX_200,069500
3,20180625,27279,27400,27070,27344,15507285,KODEX_200,069500
4,20180626,27089,27363,26981,27313,8795326,KODEX_200,069500
5,20180627,27228,27378,27188,27216,12336214,KODEX_200,069500
6,20180628,27120,27180,26893,26973,9273669,KODEX_200,069500
7,20180629,26995,27089,26708,27031,15899936,KODEX_200,069500
8,20180702,26977,27053,26418,26427,10619070,KODEX_200,069500
9,20180703,26567,26617,26262,26465,10991525,KODEX_200,069500
10,20180704,26468,26585,26357,26387,7818026,KODEX_200,069500
11,20180705,26380,26500,26164,26324,8807543,KODEX_200,069500
12,20180706,26308,26626,26199,26514,10009304,KODEX_200,069500
13,20180709,26495,26789,26418,26710,9353001,KODEX_200,069500
14,20180710,26813,26897,26722,26746,5485328,KODEX_200,069500
15,20180711,26544,26652,26335,26596,11421501,KODEX_200,069500
16,20180712,26634,26803,26531,26677,8172343,KODEX_200,069500
17,20180713,26708,27016,26698,26942,8885520,KODEX_200,069500
18,20180716,26958,27025,26826,26860,8716938,KODEX_200,069500
19,20180717,26856,26914,26693,26828,8075605,KODEX_200,069500
20,20180718,26958,27084,26726,26764,8404148,KODEX_200,069500
21,20180719,26851,26897,26667,26693,7848921,KODEX_200,069500
22,20180720,26712,26856,26544,26823,9466916,KODEX_200,069500
23,20180723,26803,26813,26554,26609,8095992,KODEX_200,069500
24,20180724,26647,26730,26504,26689,2848354,KODEX_200,069500
25,20180725,26740,26843,26599,26642,6780080,KODEX_200,069500
26,20180726,26784,26922,26671,26818,2890108,KODEX_200,069500
27,20180727,26847,26893,26762,26900,1843583,KODEX_200,069500
28,20180730,26821,26907,26722,26837,6075938,KODEX_200,069500
29,20180731,26838,26875,26752,26873,5973668,KODEX_200,069500
30,20180801,26918,27071,26902,26969,6297742,KODEX_200,069500
31,20180802,26955,26955,26449,26486,6315816,KODEX_200,069500
32,20180803,26558,26697,26484,26692,6506376,KODEX_200,069500
33,20180806,26708,26847,26643,26653,9280859,KODEX_200,069500
34,20180807,26693,26835,26576,26833,6911199,KODEX_200,069500
35,20180808,26893,26941,26808,26837,6206242,KODEX_200,069500
36,20180809,26831,26860,26703,26823,5557593,KODEX_200,069500
37,20180810,26762,26762,26467,26533,6190011,KODEX_200,069500
38,20180813,26338,26379,26033,26180,7776903,KODEX_200,069500
39,20180814,26184,26338,26171,26295,5711641,KODEX_200,069500
40,20180816,25967,26111,25797,26041,6989531,KODEX_200,069500
41,20180817,26042,26120,25987,26050,5417431,KODEX_200,069500
42,20180820,26153,26275,26030,26072,5735291,KODEX_200,069500
43,20180821,26056,26383,26003,26355,5462988,KODEX_200,069500
44,20180822,26374,26516,26334,26449,11706280,KODEX_200,069500
45,20180823,26567,26572,26408,26559,5403783,KODEX_200,069500
46,20180824,26504,26712,26413,26663,4091947,KODEX_200,069500
47,20180827,26752,26835,26662,26796,4407400,KODEX_200,069500
48,20180828,26914,26982,26799,26815,7380570,KODEX_200,069500
49,20180829,26842,26918,26799,26890,3995581,KODEX_200,069500
50,20180830,26923,27062,26835,26905,8012112,KODEX_200,069500
51,20180831,26780,27017,26730,27015,5061348,KODEX_200,069500
52,20180903,26991,26991,26813,26855,6555297,KODEX_200,069500
53,20180904,26856,26991,26803,26973,6502412,KODEX_200,069500
54,20180905,26875,26928,26576,26626,6532980,KODEX_200,069500
55,20180906,26554,26698,26512,26587,7192223,KODEX_200,069500
56,20180907,26379,26526,26248,26435,5849108,KODEX_200,069500
57,20180910,26416,26543,26391,26495,5423490,KODEX_200,069500
58,20180911,26467,26599,26322,26409,4741249,KODEX_200,069500
59,20180912,26427,26467,26252,26382,6979941,KODEX_200,069500
60,20180913,26392,26481,26348,26418,3794029,KODEX_200,069500
61,20180914,26580,26860,26580,26837,6148309,KODEX_200,069500
62,20180917,26748,26762,26540,26626,6559297,KODEX_200,069500
63,20180918,26441,26762,26427,26741,6918283,KODEX_200,069500
64,20180919,26860,26860,26652,26764,6989587,KODEX_200,069500
65,20180920,26847,27109,26813,27019,6048201,KODEX_200,069500
66,20180921,27085,27118,26982,27127,9171572,KODEX_200,069500
67,20180927,27061,27375,27054,27333,4484977,KODEX_200,069500
68,20180928,27362,27362,27138,27161,6987430,KODEX_200,069500
69,20181001,27196,27279,27050,27156,4915218,KODEX_200,069500
70,20181002,27126,27201,26803,26828,5073326,KODEX_200,069500
71,20181004,26856,26856,26356,26413,8115451,KODEX_200,069500
72,20181005,26366,26462,26188,26372,8789207,KODEX_200,069500
73,20181008,26243,26441,26226,26241,5275252,KODEX_200,069500
74,20181010,26280,26293,25972,26072,7142819,KODEX_200,069500
75,20181011,25412,25576,24961,24993,13035846,KODEX_200,069500
76,20181012,24971,25431,24939,25237,18430497,KODEX_200,069500
77,20181015,25161,25221,25021,25097,4599715,KODEX_200,069500
78,20181016,25198,25279,24990,25031,3778399,KODEX_200,069500
79,20181017,25327,25501,25251,25356,4677890,KODEX_200,069500
80,20181018,25256,25331,25099,25127,5543445,KODEX_200,069500
81,20181019,24931,25256,24785,25227,4855684,KODEX_200,069500
82,20181022,25045,25327,24985,25277,3757702,KODEX_200,069500
83,20181023,25090,25115,24521,24691,8767734,KODEX_200,069500
84,20181024,24813,24834,24516,24564,12539145,KODEX_200,069500
85,20181025,24049,24179,23816,24173,12106469,KODEX_200,069500
86,20181026,24192,24197,23568,23788,8531236,KODEX_200,069500
87,20181029,23866,24025,23548,23596,5495105,KODEX_200,069500
88,20181030,23560,23969,23476,23760,8303525,KODEX_200,069500
89,20181031,23817,23890,23625,23869,6388888,KODEX_200,069500
90,20181101,23900,24164,23760,23768,5308709,KODEX_200,069500
91,20181102,24071,24677,24032,24667,6656197,KODEX_200,069500
92,20181105,24551,24551,24105,24397,7189790,KODEX_200,069500
93,20181106,24520,24603,24292,24567,6579802,KODEX_200,069500
94,20181107,24556,24780,24373,24443,6939682,KODEX_200,069500
95,20181108,24825,24980,24645,24648,6450728,KODEX_200,069500
96,20181109,24640,24728,24479,24501,8738439,KODEX_200,069500
97,20181112,24310,24611,24274,24562,4386296,KODEX_200,069500
98,20181113,24186,24410,23954,24379,8402814,KODEX_200,069500
99,20181114,24391,24420,24242,24317,5327084,KODEX_200,069500
100,20181115,24282,24574,24201,24557,7524511,KODEX_200,069500
101,20181116,24657,24715,24501,24538,5104435,KODEX_200,069500
102,20181119,24579,24776,24501,24627,4844965,KODEX_200,069500
103,20181120,24355,24492,24305,24384,8558197,KODEX_200,069500
104,20181121,24064,24287,23992,24265,6141961,KODEX_200,069500
105,20181122,24265,24341,24186,24239,6119137,KODEX_200,069500
106,20181123,24221,24287,23974,24084,5344075,KODEX_200,069500
107,20181126,24140,24424,24117,24410,6519116,KODEX_200,069500
108,20181127,24487,24645,24351,24598,6315396,KODEX_200,069500
109,20181128,24677,24751,24551,24749,5363480,KODEX_200,069500
110,20181129,25083,25116,24732,24795,4150377,KODEX_200,069500
111,20181130,24844,24893,24501,24562,5947395,KODEX_200,069500
112,20181203,24907,25050,24751,24993,6110470,KODEX_200,069500
113,20181204,24884,24916,24584,24712,8417842,KODEX_200,069500
114,20181205,24383,24649,24383,24562,10905166,KODEX_200,069500
115,20181206,24432,24442,24145,24198,9920214,KODEX_200,069500
116,20181207,24292,24383,24169,24279,8614593,KODEX_200,069500
117,20181210,23945,24091,23867,24050,12864193,KODEX_200,069500
118,20181211,24081,24105,23910,23993,19551069,KODEX_200,069500
119,20181212,24081,24341,24051,24307,13600440,KODEX_200,069500
120,20181213,24297,24547,24274,24434,17302123,KODEX_200,069500
121,20181214,24410,24420,23923,24040,13370352,KODEX_200,069500
122,20181217,24113,24201,24071,24110,10557981,KODEX_200,069500
123,20181218,23979,24149,23940,24024,7383964,KODEX_200,069500
124,20181219,24081,24216,24032,24183,10191745,KODEX_200,069500
125,20181220,24036,24095,23822,23971,10949995,KODEX_200,069500
126,20181221,23910,23992,23840,23950,10867071,KODEX_200,069500
127,20181224,23900,23964,23805,23958,15729640,KODEX_200,069500
128,20181226,23664,23773,23498,23646,7589547,KODEX_200,069500
129,20181227,23959,24041,23872,23940,9600801,KODEX_200,069500
130,20181228,23992,24140,23992,24035,4795790,KODEX_200,069500
131,20190102,24211,24247,23673,23760,5302887,KODEX_200,069500
132,20190103,23747,23773,23493,23529,6246348,KODEX_200,069500
133,20190104,23511,23733,23448,23709,11368166,KODEX_200,069500
134,20190107,24000,24216,23988,24045,6302814,KODEX_200,069500
135,20190108,24051,24122,23867,23892,5164216,KODEX_200,069500
136,20190109,23983,24450,23983,24384,5819735,KODEX_200,069500
137,20190110,24396,24510,24301,24375,6550921,KODEX_200,069500
138,20190111,24470,24589,24388,24523,5588358,KODEX_200,069500
139,20190114,24465,24492,24278,24312,3921203,KODEX_200,069500
140,20190115,24392,24803,24378,24800,5246211,KODEX_200,069500
141,20190116,24780,24898,24711,24909,7294444,KODEX_200,069500
142,20190117,24951,25063,24863,24963,5357877,KODEX_200,069500
143,20190118,25096,25165,25036,25148,6263909,KODEX_200,069500
144,20190121,25309,25314,25012,25163,6351378,KODEX_200,069500
145,20190122,25179,25221,24939,25039,5691815,KODEX_200,069500
146,20190123,24936,25230,24921,25183,4443926,KODEX_200,069500
147,20190124,25161,25383,25131,25391,6367046,KODEX_200,069500
148,20190125,25460,25862,25428,25852,7885004,KODEX_200,069500
149,20190128,25894,26007,25746,25838,8264226,KODEX_200,069500
150,20190129,25791,25954,25668,25961,6006241,KODEX_200,069500
151,20190130,25941,26270,25912,26276,9281305,KODEX_200,069500
152,20190131,26516,26526,26238,26250,8085314,KODEX_200,069500
153,20190201,26334,26458,26178,26222,8703413,KODEX_200,069500
154,20190207,26366,26397,26142,26222,5980259,KODEX_200,069500
155,20190208,26073,26087,25795,25852,6930758,KODEX_200,069500
156,20190211,25848,25891,25724,25897,7632460,KODEX_200,069500
157,20190212,25894,26092,25848,26040,10620240,KODEX_200,069500
158,20190213,26147,26192,26074,26170,4502135,KODEX_200,069500
159,20190214,26077,26413,25958,26422,5469772,KODEX_200,069500
160,20190215,26303,26303,25958,26074,4627437,KODEX_200,069500
161,20190218,26197,26348,26142,26263,5909970,KODEX_200,069500
162,20190219,26206,26265,25986,26142,5340596,KODEX_200,069500
163,20190220,26312,26536,26248,26444,7270493,KODEX_200,069500
164,20190221,26348,26541,26238,26444,5426037,KODEX_200,069500
165,20190222,26388,26449,26303,26459,2817293,KODEX_200,069500
166,20190225,26600,26639,26404,26513,4858791,KODEX_200,069500
167,20190226,26490,26521,26352,26413,8082846,KODEX_200,069500
168,20190227,26495,26555,26437,26499,3935664,KODEX_200,069500
169,20190228,26449,26490,26041,26052,6386283,KODEX_200,069500
170,20190304,26226,26325,25912,25926,5832112,KODEX_200,069500
171,20190305,25834,25862,25654,25745,5600936,KODEX_200,069500
172,20190306,25719,25719,25604,25671,5561870,KODEX_200,069500
173,20190307,25645,25786,25493,25593,9591531,KODEX_200,069500
174,20190308,25469,25511,25238,25248,8190590,KODEX_200,069500
175,20190311,25272,25341,25165,25264,18580904,KODEX_200,069500
176,20190312,25433,25568,25433,25524,10299507,KODEX_200,069500
177,20190313,25438,25443,25154,25338,12886213,KODEX_200,069500
178,20190314,25409,25493,25247,25405,5347435,KODEX_200,069500
179,20190315,25369,25782,25364,25700,6509469,KODEX_200,069500
180,20190318,25746,25791,25649,25721,12081400,KODEX_200,069500
181,20190319,25741,25764,25599,25695,6161321,KODEX_200,069500
182,20190320,25617,25724,25391,25726,12238076,KODEX_200,069500
183,20190321,25769,26114,25769,25902,13078632,KODEX_200,069500
184,20190322,26024,26097,25902,25961,9801541,KODEX_200,069500
185,20190325,25613,25654,25450,25460,5044914,KODEX_200,069500
186,20190326,25506,25556,25438,25479,6947111,KODEX_200,069500
187,20190327,25414,25552,25252,25474,6206834,KODEX_200,069500
188,20190328,25314,25424,25214,25334,5121636,KODEX_200,069500
189,20190329,25341,25489,25280,25483,7677024,KODEX_200,069500
190,20190401,25599,25843,25599,25819,5520060,KODEX_200,069500
191,20190402,25867,25981,25857,25922,6318135,KODEX_200,069500
192,20190403,25940,26292,25881,26298,5504493,KODEX_200,069500
193,20190404,26289,26485,26248,26326,8336257,KODEX_200,069500
194,20190405,26325,26449,26307,26376,5400602,KODEX_200,069500
195,20190408,26462,26481,26235,26313,7806207,KODEX_200,069500
196,20190409,26338,26490,26252,26358,6722089,KODEX_200,069500
197,20190410,26256,26489,26242,26495,7401334,KODEX_200,069500
198,20190411,26516,26550,26334,26435,5964149,KODEX_200,069500
199,20190412,26404,26545,26289,26499,7486280,KODEX_200,069500
200,20190415,26572,26735,26572,26608,9023605,KODEX_200,069500
201,20190416,26559,26723,26559,26711,4964551,KODEX_200,069500
202,20190417,26718,26762,26653,26693,16067989,KODEX_200,069500
203,20190418,26709,26740,26226,26268,6749095,KODEX_200,069500
204,20190419,26361,26417,26261,26272,4903960,KODEX_200,069500
205,20190422,26275,26427,26157,26276,4655430,KODEX_200,069500
206,20190423,26265,26371,26221,26322,10307714,KODEX_200,069500
207,20190424,26417,26441,25912,26040,7609293,KODEX_200,069500
208,20190425,26000,26114,25926,25997,2257941,KODEX_200,069500
209,20190426,25867,25941,25710,25843,3315868,KODEX_200,069500
210,20190429,25938,26356,25887,26361,4237335,KODEX_200,069500
211,20190430,26356,26356,25974,26199,12631637,KODEX_200,069500
212,20190502,26092,26379,26018,26311,3415677,KODEX_200,069500
213,20190503,26288,26288,26023,26078,4391582,KODEX_200,069500
214,20190507,25839,25887,25614,25870,6560801,KODEX_200,069500
215,20190508,25527,25896,25519,25752,5157725,KODEX_200,069500
216,20190509,25633,25674,24956,24998,10640469,KODEX_200,069500
217,20190510,25109,25225,24795,25044,10873478,KODEX_200,069500
218,20190513,24842,24956,24696,24749,6769586,KODEX_200,069500
219,20190514,24471,24870,24446,24704,13902761,KODEX_200,069500
220,20190515,24777,24897,24587,24819,8429814,KODEX_200,069500
221,20190516,24773,24810,24406,24468,12618053,KODEX_200,069500
222,20190517,24577,24648,24262,24309,6274712,KODEX_200,069500
223,20190520,24382,24606,24313,24374,4453373,KODEX_200,069500
224,20190521,24363,24686,24337,24492,9224524,KODEX_200,069500
225,20190522,24548,24606,24262,24545,5888314,KODEX_200,069500
226,20190523,24542,24558,24322,24516,4757178,KODEX_200,069500
227,20190524,24410,24488,24205,24337,5250330,KODEX_200,069500
228,20190527,24299,24451,24212,24356,4228829,KODEX_200,069500
229,20190528,24337,24466,24231,24392,5171021,KODEX_200,069500
230,20190529,24303,24313,23941,24058,6119053,KODEX_200,069500
231,20190530,24109,24290,24085,24281,6307993,KODEX_200,069500
232,20190531,24227,24377,24070,24240,9406985,KODEX_200,069500
233,20190603,24192,24660,24122,24639,4817807,KODEX_200,069500
234,20190604,24614,24673,24527,24591,7168108,KODEX_200,069500
235,20190605,24814,24870,24582,24620,5600789,KODEX_200,069500
236,20190607,24614,24810,24461,24630,4146890,KODEX_200,069500
237,20190610,24752,25036,24691,24988,4642754,KODEX_200,069500
238,20190611,24935,25160,24911,25129,1856629,KODEX_200,069500
239,20190612,25119,25213,25013,25044,2482525,KODEX_200,069500
240,20190613,24943,25060,24660,24837,6740525,KODEX_200,069500
241,20190614,24827,24961,24696,24832,5743502,KODEX_200,069500
242,20190617,24800,24961,24747,24847,3259489,KODEX_200,069500
243,20190618,24818,24999,24800,24971,4556791,KODEX_200,069500
244,20190619,25242,25333,25198,25283,4921704,KODEX_200,069500
245,20190620,25284,25376,25233,25371,6505149,KODEX_200,069500
246,20190621,25376,25394,25242,25303,5118352,KODEX_200,069500
247,20190624,25315,25441,25302,25343,4579654,KODEX_200,069500
248,20190625,25310,25464,25198,25308,7191635,KODEX_200,069500
249,20190626,25266,25388,25246,25334,10199665,KODEX_200,069500
250,20190627,25399,25679,25347,25641,8851681,KODEX_200,069500
251,20190628,25633,25674,25511,25576,6030496,KODEX_200,069500
252,20190701,25763,25828,25537,25581,6081010,KODEX_200,069500
253,20190702,25464,25578,25319,25439,6797858,KODEX_200,069500
254,20190703,25412,25497,25070,25112,5285143,KODEX_200,069500
255,20190704,25134,25319,25080,25325,6028235,KODEX_200,069500
256,20190705,25319,25371,25124,25288,5056679,KODEX_200,069500
257,20190708,25098,25098,24747,24758,5815418,KODEX_200,069500
258,20190709,24822,24911,24701,24708,6119624,KODEX_200,069500
259,20190710,24791,24915,24787,24801,4618458,KODEX_200,069500
260,20190711,24939,25173,24911,25102,4726451,KODEX_200,069500
261,20190712,25060,25188,25013,25156,3224855,KODEX_200,069500
262,20190715,25069,25197,24984,25141,2166460,KODEX_200,069500
263,20190716,25168,25305,25102,25256,4727106,KODEX_200,069500
264,20190717,25102,25129,24935,25031,4512522,KODEX_200,069500
265,20190718,24980,25055,24875,24975,5046577,KODEX_200,069500
266,20190719,25106,25376,25106,25325,5026236,KODEX_200,069500
267,20190722,25247,25385,25218,25317,4415744,KODEX_200,069500
268,20190723,25366,25511,25324,25439,4274620,KODEX_200,069500
269,20190724,25371,25497,25160,25194,4463288,KODEX_200,069500
270,20190725,25257,25306,25013,25146,5187721,KODEX_200,069500
271,20190726,25027,25124,24966,25094,2259082,KODEX_200,069500
272,20190729,25046,25070,24660,24758,3624040,KODEX_200,069500
273,20190730,24828,24888,24765,24824,6889087,KODEX_200,069500
274,20190731,24733,24848,24480,24574,4964100,KODEX_200,069500
275,20190801,24415,24682,24401,24544,4288286,KODEX_200,069500
276,20190802,24275,24336,24144,24271,7565642,KODEX_200,069500
277,20190805,24144,24410,23700,23745,17225918,KODEX_200,069500
278,20190806,23199,23715,23142,23413,13224652,KODEX_200,069500
279,20190807,23407,23507,23177,23271,7490420,KODEX_200,069500
280,20190808,23457,23563,23281,23371,6555554,KODEX_200,069500
281,20190809,23507,23624,23476,23534,5703106,KODEX_200,069500
282,20190812,23545,23645,23471,23569,5834652,KODEX_200,069500
283,20190813,23462,23471,23310,23332,5682662,KODEX_200,069500
284,20190814,23553,23683,23471,23496,8875419,KODEX_200,069500
285,20190816,23350,23411,23189,23418,5384477,KODEX_200,069500
286,20190819,23558,23599,23457,23565,4818101,KODEX_200,069500
287,20190820,23545,23833,23512,23795,5541161,KODEX_200,069500
288,20190821,23744,23922,23729,23843,7371601,KODEX_200,069500
289,20190822,23857,23857,23624,23653,5591350,KODEX_200,069500
290,20190823,23545,23678,23517,23630,5768424,KODEX_200,069500
291,20190826,23208,23332,23147,23285,4148385,KODEX_200,069500
292,20190827,23392,23498,23301,23358,3938374,KODEX_200,069500
293,20190828,23435,23594,23388,23584,3740159,KODEX_200,069500
294,20190829,23585,23599,23392,23454,5925071,KODEX_200,069500
295,20190830,23599,23932,23599,23843,5464271,KODEX_200,069500
296,20190902,23802,23935,23774,23885,5993022,KODEX_200,069500
297,20190903,23810,23940,23739,23790,6003211,KODEX_200,069500
298,20190904,23765,24139,23744,24146,4777186,KODEX_200,069500
299,20190905,24181,24522,24168,24360,6841565,KODEX_200,069500
300,20190906,24517,24527,24401,24467,7368773,KODEX_200,069500
301,20190909,24517,24765,24507,24666,3977622,KODEX_200,069500
302,20190910,24686,24788,24644,24772,4419715,KODEX_200,069500
303,20190911,24843,24991,24833,24957,4534869,KODEX_200,069500
304,20190916,25051,25056,24848,25037,4145420,KODEX_200,069500
305,20190917,25028,25084,24944,25028,6526764,KODEX_200,069500
306,20190918,25066,25215,24981,25162,4497516,KODEX_200,069500
307,20190919,25130,25433,25130,25331,5501723,KODEX_200,069500
308,20190920,25312,25499,25277,25469,5671849,KODEX_200,069500
309,20190923,25405,25521,25401,25501,4382114,KODEX_200,069500
310,20190924,25494,25645,25405,25652,5796444,KODEX_200,069500
311,20190925,25521,25534,25269,25284,6255529,KODEX_200,069500
312,20190926,25358,25470,25205,25331,5616376,KODEX_200,069500
313,20190927,25277,25281,24981,25063,3811444,KODEX_200,069500
314,20190930,24995,25290,24949,25274,4738799,KODEX_200,069500
315,20191001,25231,25443,25205,25335,2497266,KODEX_200,069500
316,20191002,25149,25149,24788,24796,5623878,KODEX_200,069500
317,20191004,24729,24952,24686,24694,5987820,KODEX_200,069500
318,20191007,24806,24908,24665,24735,4083531,KODEX_200,069500
319,20191008,24796,25107,24783,25098,4933727,KODEX_200,069500
320,20191010,24815,25014,24587,24919,7571040,KODEX_200,069500
321,20191011,25115,25190,25000,25095,6125190,KODEX_200,069500
322,20191014,25368,25470,25326,25354,5605435,KODEX_200,069500
323,20191015,25303,25414,25303,25385,4167476,KODEX_200,069500
324,20191016,25525,25645,25438,25529,5924068,KODEX_200,069500
325,20191017,25549,25566,25391,25446,5184201,KODEX_200,069500
326,20191018,25499,25598,25165,25191,6703919,KODEX_200,069500
327,20191021,25210,25331,25210,25335,4474036,KODEX_200,069500
328,20191022,25428,25701,25424,25670,6274830,KODEX_200,069500
329,20191023,25608,25641,25451,25516,5310637,KODEX_200,069500
330,20191024,25608,25645,25358,25583,6148754,KODEX_200,069500
331,20191025,25649,25659,25485,25605,5577436,KODEX_200,069500
332,20191028,25710,25826,25645,25704,4445419,KODEX_200,069500
333,20191029,25798,25829,25598,25648,5984188,KODEX_200,069500
334,20191030,25669,25669,25428,25455,10241124,KODEX_200,069500
335,20191031,25581,25799,25499,25551,9633168,KODEX_200,069500
336,20191101,25529,25740,25470,25745,6986838,KODEX_200,069500
337,20191104,25978,26125,25887,26115,5840763,KODEX_200,069500
338,20191105,26135,26303,26102,26289,6023930,KODEX_200,069500
339,20191106,26284,26462,26237,26302,11000524,KODEX_200,069500
340,20191107,26265,26329,26173,26271,6637312,KODEX_200,069500
341,20191108,26404,26449,26149,26184,5743616,KODEX_200,069500
342,20191111,26164,26173,25927,25981,7381102,KODEX_200,069500
343,20191112,26041,26214,25960,26213,6884312,KODEX_200,069500
344,20191113,26116,26116,25927,25998,5265698,KODEX_200,069500
345,20191114,26041,26199,25988,26208,4994398,KODEX_200,069500
346,20191115,26265,26597,26195,26578,6235900,KODEX_200,069500
347,20191118,26546,26578,26453,26549,5474584,KODEX_200,069500
348,20191119,26408,26458,26237,26433,4795469,KODEX_200,069500
349,20191120,26293,26367,26074,26092,6101733,KODEX_200,069500
350,20191121,26056,26083,25631,25707,7321639,KODEX_200,069500
351,20191122,25735,25872,25726,25832,5587027,KODEX_200,069500
352,20191125,25983,26199,25978,26120,5817955,KODEX_200,069500
353,20191126,26168,26333,26115,26124,5833941,KODEX_200,069500
354,20191127,26195,26289,26015,26151,5208346,KODEX_200,069500
355,20191128,26029,26139,25964,26037,4948257,KODEX_200,069500
356,20191129,26083,26121,25561,25588,5627077,KODEX_200,069500
357,20191202,25744,25838,25641,25670,6843983,KODEX_200,069500
358,20191203,25443,25581,25321,25541,4333339,KODEX_200,069500
359,20191204,25363,25414,25234,25371,5316069,KODEX_200,069500
360,20191205,25499,25576,25199,25312,6038697,KODEX_200,069500
361,20191206,25405,25631,25405,25605,8238272,KODEX_200,069500
362,20191209,25730,25790,25626,25721,8272913,KODEX_200,069500
363,20191210,25636,25862,25608,25851,6447435,KODEX_200,069500
364,20191211,25834,25993,25767,25952,6281614,KODEX_200,069500
365,20191212,26098,26416,26056,26423,7745164,KODEX_200,069500
366,20191213,26750,26852,26703,26834,8075957,KODEX_200,069500
367,20191216,26830,26915,26801,26825,5784543,KODEX_200,069500
368,20191217,26925,27240,26885,27195,11445759,KODEX_200,069500
369,20191218,27225,27360,27119,27190,7268379,KODEX_200,069500
370,20191219,27281,27360,27085,27219,7447913,KODEX_200,069500
371,20191220,27309,27343,27180,27279,8002048,KODEX_200,069500
372,20191223,27382,27387,27193,27275,7855988,KODEX_200,069500
373,20191224,27286,27305,27066,27099,5991210,KODEX_200,069500
374,20191226,27085,27200,26998,27210,4510498,KODEX_200,069500
375,20191227,27319,27834,27276,27606,6009007,KODEX_200,069500
376,20191230,27678,27688,27502,27510,8212118,KODEX_200,069500
377,20200102,27525,27593,27161,27219,5184747,KODEX_200,069500
378,20200103,27453,27603,27061,27215,8592029,KODEX_200,069500
379,20200106,27016,27095,26943,27007,6237872,KODEX_200,069500
380,20200107,27180,27378,27115,27279,5990616,KODEX_200,069500
381,20200108,27061,27244,26920,27104,6918665,KODEX_200,069500
382,20200109,27472,27547,27368,27557,4950655,KODEX_200,069500
383,20200110,27547,27796,27543,27782,11160227,KODEX_200,069500
384,20200113,27775,28079,27758,28069,5801191,KODEX_200,069500
385,20200114,28211,28388,28173,28199,6466960,KODEX_200,069500
386,20200115,28132,28168,27983,28037,5287629,KODEX_200,069500
387,20200116,28030,28325,27997,28322,7038656,KODEX_200,069500
388,20200117,28458,28624,28321,28387,13007210,KODEX_200,069500
389,20200120,28505,28754,28491,28599,6482781,KODEX_200,069500
390,20200121,28570,28624,28243,28280,6517951,KODEX_200,069500
391,20200122,28215,28676,28202,28654,6572224,KODEX_200,069500
392,20200123,28463,28500,28252,28280,6079827,KODEX_200,069500
393,20200128,27612,27758,27276,27421,8835958,KODEX_200,069500
394,20200129,27534,27650,27368,27514,3213370,KODEX_200,069500
395,20200130,27472,27535,26915,26997,8940487,KODEX_200,069500
396,20200131,27171,27276,26702,26709,7053480,KODEX_200,069500
397,20200203,26402,26824,26272,26735,8752048,KODEX_200,069500
398,20200204,26735,27267,26711,27194,17475049,KODEX_200,069500
399,20200205,27467,27535,27180,27329,9584704,KODEX_200,069500
400,20200206,27618,28184,27577,28142,8346389,KODEX_200,069500
401,20200207,28076,28076,27727,27906,6667324,KODEX_200,069500
402,20200210,27582,27781,27467,27759,5492599,KODEX_200,069500
403,20200211,27840,28199,27840,28028,8138088,KODEX_200,069500
404,20200212,27988,28299,27910,28257,7146485,KODEX_200,069500
405,20200213,28318,28483,28109,28186,8282722,KODEX_200,069500
406,20200214,28134,28465,27998,28361,8310240,KODEX_200,069500
407,20200217,28309,28455,28189,28337,5363989,KODEX_200,069500
408,20200218,28124,28189,27840,27890,8983359,KODEX_200,069500
409,20200219,28031,28086,27674,27941,8034671,KODEX_200,069500
410,20200220,28114,28199,27623,27796,6380016,KODEX_200,069500
411,20200221,27401,27642,27328,27396,9814189,KODEX_200,069500
412,20200224,26929,26929,26342,26365,14058459,KODEX_200,069500
413,20200225,26347,26660,26227,26659,14009022,KODEX_200,069500
414,20200226,26263,26425,26073,26270,10976014,KODEX_200,069500
415,20200227,26254,26337,25901,25996,14049442,KODEX_200,069500
416,20200228,25610,25699,25103,25157,23310320,KODEX_200,069500
417,20200302,25278,25546,24957,25399,15413179,KODEX_200,069500
418,20200303,25962,26022,25384,25517,10139023,KODEX_200,069500
419,20200304,25309,26128,25309,26094,6769886,KODEX_200,069500
420,20200305,26245,26440,26017,26325,8244113,KODEX_200,069500
421,20200306,25971,26076,25667,25798,10733917,KODEX_200,069500
422,20200309,24976,25089,24539,24709,15389488,KODEX_200,069500
423,20200310,24663,24921,24509,24849,24442780,KODEX_200,069500
424,20200311,24800,24856,24001,24107,20293117,KODEX_200,069500
425,20200312,23922,23970,22849,23298,29669129,KODEX_200,069500
426,20200313,21486,23169,21330,22697,36506291,KODEX_200,069500
427,20200316,22849,23099,21803,21874,43412659,KODEX_200,069500
428,20200317,21068,22029,20902,21386,51077344,KODEX_200,069500
429,20200318,21386,21549,20200,20210,30582194,KODEX_200,069500
430,20200319,20659,20804,18448,18727,63583025,KODEX_200,069500
431,20200320,19264,20161,18853,20168,43247660,KODEX_200,069500
432,20200323,18714,19444,18675,18985,24282759,KODEX_200,069500
433,20200324,19518,20739,19237,20745,20583551,KODEX_200,069500
434,20200325,21359,21977,21072,21935,38225200,KODEX_200,069500
435,20200326,21917,22247,21167,21508,17858231,KODEX_200,069500
436,20200327,22415,22524,21285,22027,19774764,KODEX_200,069500
437,20200330,21330,22117,21196,21898,17108953,KODEX_200,069500
438,20200331,22029,22331,21867,22284,12758039,KODEX_200,069500
439,20200401,22081,22336,21233,21242,20269377,KODEX_200,069500
440,20200402,21345,21889,21050,21893,16080325,KODEX_200,069500
441,20200403,21932,22076,21567,21837,16017187,KODEX_200,069500
442,20200406,22047,22736,22024,22707,14617583,KODEX_200,069500
443,20200407,23043,23302,22660,23064,14203300,KODEX_200,069500
444,20200408,22936,23234,22717,22725,14862389,KODEX_200,069500
445,20200409,23118,23154,22835,23087,21708897,KODEX_200,069500
446,20200410,23034,23307,22960,23281,13096908,KODEX_200,069500
447,20200413,23205,23205,22867,22883,31477293,KODEX_200,069500
448,20200414,23071,23399,22991,23281,20500198,KODEX_200,069500
449,20200416,23029,23316,22894,23281,11225997,KODEX_200,069500
450,20200417,23752,24178,23729,23988,15555908,KODEX_200,069500
451,20200420,23950,24034,23630,23701,11776672,KODEX_200,069500
452,20200421,23579,23677,23043,23438,20997391,KODEX_200,069500
453,20200422,23118,23729,22991,23642,22434660,KODEX_200,069500
454,20200423,23783,24005,23638,23874,17902110,KODEX_200,069500
455,20200424,23729,23778,23404,23517,6122599,KODEX_200,069500
456,20200427,23592,24069,23556,23983,6563470,KODEX_200,069500
457,20200428,24067,24209,23827,24129,9448770,KODEX_200,069500
458,20200429,24152,24447,24081,24290,10546130,KODEX_200,069500
459,20200504,23812,23873,23512,23551,17270662,KODEX_200,069500
460,20200506,23985,23985,23629,23988,10436112,KODEX_200,069500
461,20200507,23893,24101,23808,23933,8818587,KODEX_200,069500
462,20200508,24086,24305,24086,24139,6743921,KODEX_200,069500
463,20200511,24191,24344,23927,23966,6209015,KODEX_200,069500
464,20200512,23990,24011,23582,23795,13401163,KODEX_200,069500
465,20200513,23512,24064,23480,24067,9359183,KODEX_200,069500
466,20200514,23841,23908,23672,23814,7276737,KODEX_200,069500
467,20200515,24006,24006,23691,23872,8855432,KODEX_200,069500
468,20200518,23990,24096,23780,24025,8972653,KODEX_200,069500
469,20200519,24557,24697,24472,24646,6921835,KODEX_200,069500
470,20200520,24543,24768,24524,24704,8295082,KODEX_200,069500
471,20200521,24848,24889,24735,24813,7812514,KODEX_200,069500
472,20200522,24805,24838,24278,24393,9272139,KODEX_200,069500
473,20200525,24519,24697,24344,24699,8365912,KODEX_200,069500
474,20200526,24730,25140,24717,25143,9089544,KODEX_200,069500
475,20200527,25022,25286,24974,25158,10288167,KODEX_200,069500
476,20200528,25337,25498,24933,25235,11969250,KODEX_200,069500
477,20200529,25066,25346,24942,25188,8531073,KODEX_200,069500
478,20200601,25242,25681,25242,25686,8116416,KODEX_200,069500
479,20200602,25681,25992,25619,25954,9526996,KODEX_200,069500
480,20200603,26175,27061,26175,26904,9825266,KODEX_200,069500
481,20200604,27242,27539,26839,26938,14481079,KODEX_200,069500
482,20200605,26867,27412,26786,27389,13132909,KODEX_200,069500
483,20200608,27747,27871,27252,27351,13663566,KODEX_200,069500
484,20200609,27547,27732,27071,27365,8600805,KODEX_200,069500
485,20200610,27351,27557,27242,27451,6331399,KODEX_200,069500
486,20200611,27228,27450,26701,27000,11702165,KODEX_200,069500
487,20200612,26024,26508,25930,26448,15411749,KODEX_200,069500
488,20200615,26146,26358,25111,25118,21089369,KODEX_200,069500
489,20200616,25762,26653,25729,26661,14536025,KODEX_200,069500
490,20200617,26593,26772,26141,26586,13763765,KODEX_200,069500
491,20200618,26461,26617,26293,26509,8993858,KODEX_200,069500
492,20200619,26758,26786,26151,26604,11133926,KODEX_200,069500
493,20200622,26358,26639,26322,26415,7691287,KODEX_200,069500
494,20200623,26626,26852,26222,26486,14463005,KODEX_200,069500
495,20200624,26608,27066,26598,26918,10676262,KODEX_200,069500
496,20200625,26512,26688,26237,26241,17775887,KODEX_200,069500
497,20200626,26489,26734,26339,26609,18887431,KODEX_200,069500
498,20200629,26273,26517,26079,26181,12353080,KODEX_200,069500
499,20200630,26551,26739,26400,26407,9381557,KODEX_200,069500
500,20200701,26696,26725,26339,26419,7509797,KODEX_200,069500
501,20200702,26489,26749,26470,26753,5575219,KODEX_200,069500
502,20200703,26852,26983,26711,26975,6346154,KODEX_200,069500
503,20200706,27025,27445,26983,27389,9542564,KODEX_200,069500
504,20200707,27539,27618,27035,27061,8543360,KODEX_200,069500
505,20200708,27053,27178,26901,26980,8876254,KODEX_200,069500
506,20200709,27111,27304,27071,27107,8504050,KODEX_200,069500
507,20200710,27153,27173,26715,26844,8027844,KODEX_200,069500
508,20200713,27116,27374,27015,27356,6509365,KODEX_200,069500
509,20200714,27158,27309,27045,27313,7484492,KODEX_200,069500
510,20200715,27604,27779,27440,27587,8793092,KODEX_200,069500
511,20200716,27581,27594,27199,27286,8168085,KODEX_200,069500
512,20200717,27319,27529,27314,27493,7842111,KODEX_200,069500
513,20200720,27566,27608,27242,27426,6644891,KODEX_200,069500
514,20200721,27670,27929,27642,27827,8273884,KODEX_200,069500
515,20200722,27810,27919,27670,27722,8366172,KODEX_200,069500
516,20200723,27729,27729,27364,27560,8149225,KODEX_200,069500
517,20200724,27323,27576,27280,27407,5628911,KODEX_200,069500
518,20200727,27356,27820,27343,27671,6712496,KODEX_200,069500
519,20200728,27862,28393,27862,28249,6997926,KODEX_200,069500
520,20200729,28245,28574,28221,28397,8226164,KODEX_200,069500
521,20200730,28504,28646,28417,28436,6796983,KODEX_200,069500
522,20200731,28545,28659,28156,28205,7471277,KODEX_200,069500
523,20200803,28208,28282,28023,28205,6132841,KODEX_200,069500
524,20200804,28370,28650,28366,28547,6953333,KODEX_200,069500
525,20200805,28621,28857,28522,28858,7396702,KODEX_200,069500
526,20200806,28948,29474,28948,29315,10332406,KODEX_200,069500
527,20200807,29398,29583,29176,29437,8613694,KODEX_200,069500
528,20200810,29380,29929,29347,29873,9505198,KODEX_200,069500
529,20200811,29942,30413,29886,30254,9464898,KODEX_200,069500
530,20200812,30136,30413,29904,30416,9644282,KODEX_200,069500
531,20200813,30724,30742,30081,30402,10183139,KODEX_200,069500
532,20200814,30356,30394,29810,30083,10242975,KODEX_200,069500
533,20200818,30184,30312,29365,29461,8115356,KODEX_200,069500
534,20200819,29663,29862,29522,29566,8725464,KODEX_200,069500
535,20200820,29314,29450,28374,28426,10209669,KODEX_200,069500
536,20200821,28748,29191,28555,28853,9085360,KODEX_200,069500
537,20200824,28918,29220,28607,29173,9949942,KODEX_200,069500
538,20200825,29380,29602,29247,29556,8993276,KODEX_200,069500
539,20200826,29522,29673,29176,29561,8185816,KODEX_200,069500
540,20200827,29620,29667,29288,29296,7794143,KODEX_200,069500
541,20200828,29498,29775,29280,29452,7861169,KODEX_200,069500
542,20200831,29663,29790,28969,28976,9243751,KODEX_200,069500
543,20200901,29026,29304,28974,29202,7951582,KODEX_200,069500
544,20200902,29393,29484,29061,29353,8022226,KODEX_200,069500
545,20200903,29625,29899,29606,29796,8978270,KODEX_200,069500
546,20200904,29031,29423,29014,29381,8368929,KODEX_200,069500
547,20200907,29375,29597,29261,29513,10884473,KODEX_200,069500
548,20200908,29756,29886,29633,29888,12603366,KODEX_200,069500
549,20200909,29527,29733,29464,29523,10717618,KODEX_200,069500
550,20200910,29800,29929,29709,29805,9274862,KODEX_200,069500
551,20200911,29658,29810,29479,29787,10824991,KODEX_200,069500
552,20200914,30043,30228,29979,30188,8091510,KODEX_200,069500
553,20200915,30279,30446,30156,30420,11329639,KODEX_200,069500
554,20200916,30394,30512,30275,30337,10916621,KODEX_200,069500
555,20200917,30265,30299,29828,29888,12863871,KODEX_200,069500
556,20200918,30012,30072,29800,29988,9529406,KODEX_200,069500
557,20200921,29947,30208,29648,29733,8895737,KODEX_200,069500
558,20200922,29678,29738,28908,29041,18621053,KODEX_200,069500
559,20200923,29215,29289,28575,29149,21092899,KODEX_200,069500
560,20200924,28771,28877,28456,28476,21957837,KODEX_200,069500
561,20200925,28669,28730,28461,28603,12471228,KODEX_200,069500
562,20200928,28876,29089,28763,29022,7103502,KODEX_200,069500
563,20200929,29308,29392,29154,29296,12045361,KODEX_200,069500
564,20201005,29275,29718,29224,29616,10122028,KODEX_200,069500
565,20201006,29728,29881,29583,29681,9291219,KODEX_200,069500
566,20201007,29493,29979,29450,29968,7202118,KODEX_200,069500
567,20201008,30170,30228,29881,29978,9097031,KODEX_200,069500
568,20201012,30166,30203,30007,30102,8529840,KODEX_200,069500
569,20201013,30275,30312,29896,30127,10749603,KODEX_200,069500
570,20201014,30151,30170,29765,29829,9670484,KODEX_200,069500
571,20201015,29770,29800,29469,29606,7524262,KODEX_200,069500
572,20201016,29673,29738,29229,29432,9322047,KODEX_200,069500
573,20201019,29522,29728,29474,29498,9915757,KODEX_200,069500
574,20201020,29365,29699,29257,29706,9726162,KODEX_200,069500
575,20201021,29751,29881,29653,29800,9126935,KODEX_200,069500
576,20201022,29628,29643,29418,29597,9194425,KODEX_200,069500
577,20201023,29714,29800,29474,29706,7923023,KODEX_200,069500
578,20201026,29790,29896,29616,29648,9048248,KODEX_200,069500
579,20201027,29432,29611,29322,29395,8233635,KODEX_200,069500
580,20201028,29280,29550,29191,29551,5844193,KODEX_200,069500
581,20201029,29176,29266,28912,29244,10393112,KODEX_200,069500
582,20201030,29128,29142,28445,28452,21130265,KODEX_200,069500
583,20201102,28512,28907,28483,28886,8788239,KODEX_200,069500
584,20201103,28999,29489,28994,29461,7285170,KODEX_200,069500
585,20201104,29654,29806,29403,29645,15472411,KODEX_200,069500
586,20201105,29824,30314,29762,30297,9386421,KODEX_200,069500
587,20201106,30410,30597,30281,30372,11701236,KODEX_200,069500
588,20201109,30659,30980,30640,30753,9891093,KODEX_200,069500
589,20201110,30896,30896,30532,30748,13401671,KODEX_200,069500
590,20201111,30856,31292,30830,31244,10703562,KODEX_200,069500
591,20201112,31225,31274,30992,31095,13811093,KODEX_200,069500
592,20201113,30971,31424,30937,31419,9375848,KODEX_200,069500
593,20201116,31622,32171,31541,32089,10064233,KODEX_200,069500
594,20201117,32166,32283,31990,32080,11757039,KODEX_200,069500
595,20201118,32089,32229,31970,32048,8221743,KODEX_200,069500
596,20201119,31914,32094,31831,32089,7750161,KODEX_200,069500
597,20201120,32017,32224,31942,32120,7735877,KODEX_200,069500
598,20201123,32233,32890,32142,32858,9485325,KODEX_200,069500
599,20201124,32972,33230,32864,33037,12127003,KODEX_200,069500
600,20201125,33244,33355,32671,32846,11690996,KODEX_200,069500
601,20201126,32824,33167,32741,33170,8695015,KODEX_200,069500
602,20201127,33167,33288,33057,33246,10145126,KODEX_200,069500
603,20201130,33345,33477,32737,32740,15899014,KODEX_200,069500
604,20201201,32939,33350,32930,33260,5735133,KODEX_200,069500
605,20201202,33416,33884,33372,33840,8387513,KODEX_200,069500
606,20201203,33950,34112,33812,34081,12884506,KODEX_200,069500
607,20201204,34207,34889,34199,34690,11781589,KODEX_200,069500
608,20201207,34978,35029,34461,34880,19792900,KODEX_200,069500
609,20201208,34841,34859,34317,34322,13952156,KODEX_200,069500
610,20201209,34524,35110,34484,35115,14036628,KODEX_200,069500
611,20201210,34712,35148,34521,34836,12439002,KODEX_200,069500
612,20201211,35057,35299,35034,35139,11056693,KODEX_200,069500
613,20201214,35157,35326,34955,35001,14501970,KODEX_200,069500
614,20201215,35015,35062,34646,35001,14590090,KODEX_200,069500
615,20201216,35271,35360,35044,35149,8136369,KODEX_200,069500
616,20201217,35167,35177,34747,35115,8656470,KODEX_200,069500
617,20201218,35196,35220,34973,35068,8006198,KODEX_200,069500
618,20201221,35115,35134,34675,35112,14854263,KODEX_200,069500
619,20201222,34973,35057,34533,34539,13877353,KODEX_200,069500
620,20201223,34712,35072,34418,35030,16750523,KODEX_200,069500
621,20201224,35090,35852,35090,35727,10644013,KODEX_200,069500
622,20201228,35949,36215,35762,35908,10428968,KODEX_200,069500
623,20201229,36239,36544,35808,36517,17403917,KODEX_200,069500
624,20201230,36356,37365,36281,37286,13493346,KODEX_200,069500
625,20210104,37360,38333,37192,38269,12908817,KODEX_200,069500
626,20210105,38062,38840,37943,38842,9668635,KODEX_200,069500
627,20210106,38952,39338,38314,38466,16125486,KODEX_200,069500
628,20210107,38895,39679,38876,39362,9272139,KODEX_200,069500
629,20210108,39872,41324,39749,41103,12205340,KODEX_200,069500
630,20210111,41528,42822,40519,41208,24479876,KODEX_200,069500
631,20210112,40991,41270,39759,40887,27008931,KODEX_200,069500
632,20210113,40925,41429,40598,41117,12700769,KODEX_200,069500
633,20210114,40906,41367,40812,41066,9631593,KODEX_200,069500
634,20210115,41278,41703,40146,40165,12619079,KODEX_200,069500
635,20210118,39730,40107,39125,39231,12669857,KODEX_200,069500
636,20210119,39439,40537,39254,40262,10329922,KODEX_200,069500
637,20210120,40972,41053,40061,40497,11314233,KODEX_200,069500
638,20210121,40868,41142,40593,41089,9627190,KODEX_200,069500
639,20210122,41222,41463,40798,40802,13817466,KODEX_200,069500
640,20210125,40967,41831,40835,41779,6764190,KODEX_200,069500
641,20210126,41681,41712,40449,40642,11237521,KODEX_200,069500
642,20210127,40934,41344,40373,40506,9301381,KODEX_200,069500
643,20210128,39834,40298,39526,39758,11465734,KODEX_200,069500
644,20210129,40212,40274,38657,38864,14108573,KODEX_200,069500
645,20210201,38742,39849,38463,39834,11318429,KODEX_200,069500
646,20210202,40255,41012,39999,40425,13248148,KODEX_200,069500
647,20210203,40751,41017,40236,40761,10874481,KODEX_200,069500
648,20210204,40660,40660,39806,40080,19183938,KODEX_200,069500
649,20210205,40313,40660,40051,40589,14023596,KODEX_200,069500
650,20210208,40543,40717,40136,40193,7821514,KODEX_200,069500
651,20210209,40476,40770,40051,40057,8715059,KODEX_200,069500
652,20210210,40183,40439,39778,40334,6905909,KODEX_200,069500
653,20210215,40921,41115,40770,40925,6987803,KODEX_200,069500
654,20210216,41082,41455,40897,41104,9039484,KODEX_200,069500
655,20210217,40874,40888,40383,40660,18549981,KODEX_200,069500
656,20210218,40586,40751,40051,40080,9355514,KODEX_200,069500
657,20210219,40103,40449,39424,40430,10293894,KODEX_200,069500
658,20210222,40684,40879,39961,40004,9013559,KODEX_200,069500
659,20210223,39735,40270,39433,39961,8183509,KODEX_200,069500
660,20210224,39923,40332,39072,39111,11014162,KODEX_200,069500
661,20210225,39698,40556,39651,40533,9373838,KODEX_200,069500
662,20210226,39651,39683,39049,39413,10896202,KODEX_200,069500
663,20210302,40354,40556,39531,39852,9101774,KODEX_200,069500
664,20210303,39754,40303,39616,40296,6499197,KODEX_200,069500
665,20210304,39778,40098,39489,39780,7171758,KODEX_200,069500
666,20210305,39187,39693,38966,39569,10966498,KODEX_200,069500
667,20210308,39923,39923,39111,39196,8779281,KODEX_200,069500
668,20210309,39201,39253,38331,38951,12588195,KODEX_200,069500
669,20210310,39460,39460,38625,38728,8663854,KODEX_200,069500
670,20210311,38879,39626,38866,39517,6791150,KODEX_200,069500
671,20210312,39928,40080,39703,39867,7357888,KODEX_200,069500
672,20210315,39905,39984,39626,39673,8989999,KODEX_200,069500
673,20210316,39858,40098,39774,40004,5900002,KODEX_200,069500
674,20210317,40008,40023,39433,39687,8602640,KODEX_200,069500
675,20210318,39989,40364,39970,39975,9196165,KODEX_200,069500
676,20210319,39419,39759,39352,39556,9817188,KODEX_200,069500
677,20210322,39713,39778,39323,39623,6714152,KODEX_200,069500
678,20210323,39858,39942,39201,39248,7032194,KODEX_200,069500
679,20210324,38994,39231,38756,39068,6001850,KODEX_200,069500
680,20210325,38961,39494,38941,39238,10349651,KODEX_200,069500
681,20210326,39390,39646,39286,39603,7020940,KODEX_200,069500
682,20210329,39735,39744,39376,39531,6790525,KODEX_200,069500
683,20210330,39631,40117,39631,39975,5396198,KODEX_200,069500
684,20210331,40075,40345,39853,39867,7657911,KODEX_200,069500
685,20210401,40146,40303,39984,40230,5525336,KODEX_200,069500
686,20210402,40556,40813,40533,40680,5663217,KODEX_200,069500
687,20210405,40822,40879,40520,40761,5488525,KODEX_200,069500
688,20210406,40992,41017,40594,40815,5197138,KODEX_200,069500
689,20210407,40888,41054,40761,40916,5404229,KODEX_200,069500
690,20210408,40849,40963,40693,40877,5635532,KODEX_200,069500
691,20210409,40907,41082,40581,40684,7604986,KODEX_200,069500
692,20210412,40822,40874,40586,40684,6233056,KODEX_200,069500
693,20210413,40689,41284,40675,41147,4959631,KODEX_200,069500
694,20210414,41257,41479,41086,41431,7070807,KODEX_200,069500
695,20210415,41355,41705,41317,41469,7071010,KODEX_200,069500
696,20210416,41602,41617,41307,41446,6269672,KODEX_200,069500
697,20210419,41441,41692,41321,41441,5403905,KODEX_200,069500
698,20210420,41350,41739,41350,41699,5771527,KODEX_200,069500
699,20210421,41426,41489,40817,40953,12283995,KODEX_200,069500
700,20210422,41125,41284,40968,41016,6615134,KODEX_200,069500
701,20210423,40794,41153,40561,41039,4444096,KODEX_200,069500
702,20210426,41143,41418,41105,41412,4977494,KODEX_200,069500
703,20210427,41445,41492,41275,41460,4970048,KODEX_200,069500
704,20210428,41408,41413,40935,41020,4112541,KODEX_200,069500
705,20210429,41160,41289,40796,40880,5388951,KODEX_200,069500
706,20210430,40815,40939,40440,40597,5209393,KODEX_200,069500
707,20210503,40549,40915,40287,40338,5306554,KODEX_200,069500
708,20210504,40378,40675,40244,40679,4591741,KODEX_200,069500
709,20210506,40506,40933,40459,40918,4250154,KODEX_200,069500
710,20210507,40978,41307,40920,41183,4961571,KODEX_200,069500
711,20210510,41405,41971,41317,41875,5595649,KODEX_200,069500
712,20210511,41567,41640,40978,41139,5601054,KODEX_200,069500
713,20210512,41155,41155,40166,40458,7309071,KODEX_200,069500
714,20210513,39917,40397,39812,39993,6699351,KODEX_200,069500
715,20210514,40142,40503,40094,40367,7326616,KODEX_200,069500
716,20210517,40593,40608,39963,40194,5438905,KODEX_200,069500
717,20210518,40317,40728,40317,40669,4572996,KODEX_200,069500
718,20210520,40354,40641,40268,40540,4392005,KODEX_200,069500
719,20210521,40762,41112,40435,40520,8591529,KODEX_200,069500
720,20210524,40474,40636,40302,40405,6362168,KODEX_200,069500
721,20210525,40608,40843,40512,40791,6048379,KODEX_200,069500
722,20210526,40838,40953,40621,40709,5422079,KODEX_200,069500
723,20210527,40733,40781,40345,40636,13728327,KODEX_200,069500
724,20210528,40752,41040,40679,40885,5433373,KODEX_200,069500
725,20210531,41012,41040,40723,41044,4811323,KODEX_200,069500
726,20210601,41040,41499,40982,41279,5518611,KODEX_200,069500
727,20210602,41284,41519,41200,41246,5047233,KODEX_200,069500
728,20210603,41317,41797,41317,41630,4954603,KODEX_200,069500
729,20210604,41463,41554,41200,41471,5494633,KODEX_200,069500
730,20210607,41707,41822,41337,41620,4425145,KODEX_200,069500
731,20210608,41617,41750,41477,41537,2959004,KODEX_200,069500
732,20210609,41443,41494,41064,41068,3603718,KODEX_200,069500
733,20210610,41092,41327,41026,41207,5075148,KODEX_200,069500
734,20210611,41317,41592,41312,41510,4561351,KODEX_200,069500
735,20210614,41544,41544,41342,41490,3226658,KODEX_200,069500
736,20210615,41514,41645,41438,41587,3202214,KODEX_200,069500
737,20210616,41529,41895,41519,41841,3830021,KODEX_200,069500
738,20210617,41607,41675,41428,41601,5622083,KODEX_200,069500
739,20210618,41694,41832,41607,41725,3834050,KODEX_200,069500
740,20210621,41293,41463,41136,41323,5803364,KODEX_200,069500
741,20210622,41544,41660,41499,41605,4653014,KODEX_200,069500
742,20210623,41745,41885,41636,41821,4567551,KODEX_200,069500
743,20210624,41885,42091,41880,41978,3284765,KODEX_200,069500
744,20210625,42145,42397,42115,42191,4309709,KODEX_200,069500
745,20210628,42244,42288,42038,42147,3660281,KODEX_200,069500
746,20210629,42168,42192,41851,41983,4104186,KODEX_200,069500
747,20210630,42081,42249,42043,42133,3388246,KODEX_200,069500
748,20210701,42148,42148,41822,41890,4469463,KODEX_200,069500
749,20210702,41870,42053,41827,41836,3580477,KODEX_200,069500
750,20210705,42010,42145,41952,42032,2890737,KODEX_200,069500
751,20210706,42145,42326,42130,42224,4176827,KODEX_200,069500
752,20210707,42076,42076,41851,41961,3976320,KODEX_200,069500
753,20210708,42005,42110,41519,41524,5427207,KODEX_200,069500
754,20210709,41117,41317,40738,41081,8635095,KODEX_200,069500
755,20210712,41327,41519,41327,41453,4093567,KODEX_200,069500
756,20210713,41636,41812,41636,41802,3807412,KODEX_200,069500
757,20210714,41655,41716,41487,41658,3598067,KODEX_200,069500
758,20210715,41774,41962,41636,41941,2959921,KODEX_200,069500
759,20210716,41750,41807,41602,41763,3768289,KODEX_200,069500
760,20210719,41400,41419,41204,41294,4203191,KODEX_200,069500
761,20210720,40987,41204,40944,41159,4047481,KODEX_200,069500
762,20210721,41410,41410,40910,40947,5194764,KODEX_200,069500
763,20210722,41185,41539,41185,41457,3838702,KODEX_200,069500
764,20210723,41519,41655,41405,41532,5608797,KODEX_200,069500
765,20210726,41660,41660,41084,41086,3909894,KODEX_200,069500
766,20210727,41297,41458,41151,41154,3768779,KODEX_200,069500
767,20210728,41079,41337,40934,41279,3846266,KODEX_200,069500
768,20210729,41396,41478,41195,41337,4161241,KODEX_200,069500
769,20210730,41160,41175,40796,40831,5271247,KODEX_200,069500
770,20210802,41021,41088,40718,41025,5896023,KODEX_200,069500
771,20210803,40968,41381,40939,41385,4821638,KODEX_200,069500
772,20210804,41488,42006,41416,41966,7258721,KODEX_200,069500
773,20210805,41953,42127,41813,41891,5347377,KODEX_200,069500
774,20210806,41881,41977,41593,41691,3888635,KODEX_200,069500
775,20210809,41505,41661,41356,41500,4133107,KODEX_200,069500
776,20210810,41637,41637,41088,41232,3545380,KODEX_200,069500
777,20210811,41117,41247,40834,40860,4799242,KODEX_200,069500
778,20210812,40847,40934,40554,40698,4687765,KODEX_200,069500
779,20210813,40598,40626,39839,40010,7382723,KODEX_200,069500
780,20210817,40045,40146,39488,39560,6153130,KODEX_200,069500
781,20210818,39569,39948,39358,39755,5003228,KODEX_200,069500
782,20210819,39446,39690,38960,38963,7032972,KODEX_200,069500
783,20210820,39113,39277,38421,38583,8748571,KODEX_200,069500
784,20210823,38845,39234,38691,38929,5628605,KODEX_200,069500
785,20210824,39249,39690,39249,39670,4413122,KODEX_200,069500
786,20210825,39772,39987,39522,39793,3975704,KODEX_200,069500
787,20210826,39854,39972,39426,39496,3921798,KODEX_200,069500
788,20210827,39348,39627,39176,39473,5277739,KODEX_200,069500
789,20210830,39864,39939,39468,39568,4390544,KODEX_200,069500
790,20210831,39597,40349,39406,40352,4957540,KODEX_200,069500
791,20210901,40301,40521,40122,40409,4767870,KODEX_200,069500
792,20210902,40325,40400,39906,40039,6232543,KODEX_200,069500
793,20210903,40160,40382,40045,40298,4680412,KODEX_200,069500
794,20210906,40340,40482,40204,40438,4632792,KODEX_200,069500
795,20210907,40400,40414,40050,40198,3737145,KODEX_200,069500
796,20210908,40050,40175,39777,39847,4400563,KODEX_200,069500
797,20210909,39720,39757,39108,39140,4390254,KODEX_200,069500
798,20210910,39210,39416,39084,39323,5058719,KODEX_200,069500
799,20210913,39176,39534,39118,39410,4700396,KODEX_200,069500
800,20210914,39554,39892,39554,39660,5442931,KODEX_200,069500
801,20210915,39666,39864,39493,39716,4788743,KODEX_200,069500
802,20210916,39873,39873,39286,39371,5841061,KODEX_200,069500
803,20210917,39230,39534,39088,39473,4507140,KODEX_200,069500
804,20210923,39230,39507,39157,39410,5662199,KODEX_200,069500
805,20210924,39594,39662,39315,39371,6519524,KODEX_200,069500
806,20210927,39373,39685,39286,39501,4953337,KODEX_200,069500
807,20210928,39468,39468,38979,38987,5627508,KODEX_200,069500
808,20210929,38512,38671,38119,38472,10993385,KODEX_200,069500
809,20210930,38398,38723,38252,38630,6860108,KODEX_200,069500
810,20211001,38411,38503,37878,37910,4982535,KODEX_200,069500
811,20211005,37561,37713,37037,37348,9299767,KODEX_200,069500
812,20211006,37538,37728,36767,36772,8213041,KODEX_200,069500
813,20211007,37095,37476,37086,37387,5218058,KODEX_200,069500
814,20211008,37548,37566,37249,37305,4558676,KODEX_200,069500
815,20211012,37187,37215,36508,36665,5572444,KODEX_200,069500
816,20211013,36634,37162,36581,37035,4415417,KODEX_200,069500
817,20211014,37244,37519,37239,37501,4545294,KODEX_200,069500
818,20211015,37758,37989,37733,37886,3871674,KODEX_200,069500
819,20211018,37926,37956,37504,37766,3644813,KODEX_200,069500
820,20211019,38033,38147,37893,38083,4029589,KODEX_200,069500
821,20211020,38228,38340,37912,37915,3991001,KODEX_200,069500
822,20211021,37961,38091,37796,37849,4065800,KODEX_200,069500
823,20211022,37796,38033,37718,37882,2883478,KODEX_200,069500
824,20211025,37781,38133,37574,38078,3694733,KODEX_200,069500
825,20211026,38286,38499,38179,38434,3745330,KODEX_200,069500
826,20211027,38310,38374,37975,38112,2984714,KODEX_200,069500
827,20211028,38081,38268,37989,38005,3659431,KODEX_200,069500
828,20211029,38161,38170,37309,37394,5688871,KODEX_200,069500
829,20211101,37703,37728,37508,37548,4339071,KODEX_200,069500
830,20211102,37748,38346,37748,38049,3569007,KODEX_200,069500
831,20211103,38195,38195,37411,37510,4612269,KODEX_200,069500
832,20211104,37863,38086,37651,37723,5776676,KODEX_200,069500
833,20211105,37998,38062,37338,37558,5763187,KODEX_200,069500
834,20211108,37627,37646,37131,37510,5271074,KODEX_200,069500
835,20211109,37518,37893,37397,37606,4739788,KODEX_200,069500
836,20211110,37392,37613,37155,37207,4935644,KODEX_200,069500
837,20211111,36954,37199,36857,37202,4438144,KODEX_200,069500
838,20211112,37450,37733,37299,37596,3639277,KODEX_200,069500
839,20211115,37848,38101,37781,38029,5473909,KODEX_200,069500
840,20211116,38013,38185,37811,37962,4597694,KODEX_200,069500
841,20211117,38033,38037,37435,37485,4356109,KODEX_200,069500
842,20211118,37329,37552,37238,37331,4683122,KODEX_200,069500
843,20211119,37430,37661,37266,37606,4421429,KODEX_200,069500
844,20211122,37805,38503,37790,38477,5232898,KODEX_200,069500
845,20211123,38412,38460,38086,38141,5198935,KODEX_200,069500
846,20211124,38248,38436,37863,38064,5978557,KODEX_200,069500
847,20211125,38086,38086,37713,37785,4064674,KODEX_200,069500
848,20211126,37608,37786,37025,37091,5253472,KODEX_200,069500
849,20211129,36708,37088,36603,36797,5393048,KODEX_200,069500
850,20211130,37117,37194,35727,36051,7854985,KODEX_200,069500
851,20211201,36160,36987,36053,36918,5463882,KODEX_200,069500
852,20211202,36675,37518,36588,37500,5674559,KODEX_200,069500
853,20211203,37372,37888,37204,37785,6514565,KODEX_200,069500
854,20211206,37656,38023,37324,37858,10157402,KODEX_200,069500
855,20211207,37893,38200,37651,38171,5213939,KODEX_200,069500
856,20211208,38500,38793,38214,38339,7313055,KODEX_200,069500
857,20211209,38287,38591,38263,38454,7616988,KODEX_200,069500
858,20211210,38316,38422,38156,38243,2930099,KODEX_200,069500
859,20211213,38427,38874,38229,38271,4887688,KODEX_200,069500
860,20211214,38042,38243,37888,38054,5196949,KODEX_200,069500
861,20211215,37883,38076,37801,38064,3784077,KODEX_200,069500
862,20211216,38370,38460,38042,38285,5253626,KODEX_200,069500
863,20211217,38052,38409,37936,38382,3823252,KODEX_200,069500
864,20211220,38185,38185,37603,37674,4809897,KODEX_200,069500
865,20211221,37868,38101,37713,37962,5442506,KODEX_200,069500
866,20211222,38175,38346,38037,38166,5024402,KODEX_200,069500
867,20211223,38370,38389,38148,38353,4902727,KODEX_200,069500
868,20211224,38500,38793,38490,38636,4822248,KODEX_200,069500
869,20211227,38648,38663,38409,38410,3875335,KODEX_200,069500
870,20211228,38563,38721,38278,38724,5254510,KODEX_200,069500
871,20211229,38721,38884,38586,38636,4474679,KODEX_200,069500
872,20211230,38663,38769,38321,38401,4010934,KODEX_200,069500
873,20220103,38573,38855,38356,38492,5112052,KODEX_200,069500
874,20220104,38591,38591,38253,38468,4888762,KODEX_200,069500
875,20220105,38379,38431,37713,37920,9150982,KODEX_200,069500
876,20220106,37656,38003,37498,37538,10788775,KODEX_200,069500
877,20220107,37776,38091,37700,38010,3822132,KODEX_200,069500
878,20220110,37966,37989,37445,37723,5171186,KODEX_200,069500
879,20220111,37776,37989,37608,37833,4463333,KODEX_200,069500
880,20220112,38086,38460,38071,38454,4488822,KODEX_200,069500
881,20220113,38500,38553,38214,38257,4338421,KODEX_200,069500
882,20220114,37951,38023,37593,37664,4396179,KODEX_200,069500
883,20220117,37661,37700,37175,37390,6064880,KODEX_200,069500
884,20220118,37503,37556,36992,37101,5957932,KODEX_200,069500
885,20220119,36842,37204,36713,36832,6012373,KODEX_200,069500
886,20220120,36832,37044,36693,37048,4801113,KODEX_200,069500
887,20220121,36693,36770,36386,36629,9501847,KODEX_200,069500
888,20220124,36520,36636,36068,36214,10663529,KODEX_200,069500
889,20220125,36121,36150,35143,35333,11807550,KODEX_200,069500
890,20220126,35451,35644,35187,35223,6113620,KODEX_200,069500
891,20220127,35308,35356,34057,34061,10828012,KODEX_200,069500
892,20220128,34240,35196,33957,34971,11555885,KODEX_200,069500
893,20220203,35573,35886,35308,35309,7117146,KODEX_200,069500
894,20220204,35403,35781,35313,35771,5825137,KODEX_200,069500
895,20220207,35698,35771,35070,35406,7376375,KODEX_200,069500
896,20220208,35683,35848,35216,35474,5111004,KODEX_200,069500
897,20220209,35791,35972,35698,35967,5029029,KODEX_200,069500
898,20220210,36180,36340,36021,36265,4834597,KODEX_200,069500
899,20220211,35933,36180,35756,35927,4996328,KODEX_200,069500
900,20220214,35568,35723,35187,35445,5681743,KODEX_200,069500
901,20220215,35548,35583,35055,35227,5529102,KODEX_200,069500
902,20220216,35610,35890,35596,35864,4385043,KODEX_200,069500
903,20220217,35972,36407,35703,36096,8460159,KODEX_200,069500
904,20220218,35713,36055,35601,35962,5658919,KODEX_200,069500
905,20220221,35528,35982,35240,35986,4144441,KODEX_200,069500
906,20220222,35413,35606,35221,35465,5278390,KODEX_200,069500
907,20220223,35713,35791,35398,35589,4831276,KODEX_200,069500
908,20220224,35152,35211,34550,34659,10846433,KODEX_200,069500
909,20220225,34980,35240,34873,35049,8480304,KODEX_200,069500
910,20220228,34820,35313,34738,35314,6785312,KODEX_200,069500
911,20220302,35331,35423,35128,35170,5261459,KODEX_200,069500
912,20220303,35495,35863,35452,35840,4231663,KODEX_200,069500
913,20220304,35703,35731,35128,35285,8074015,KODEX_200,069500
914,20220307,34728,34753,34274,34494,15512025,KODEX_200,069500
915,20220308,34057,34420,33923,34046,6602642,KODEX_200,069500
916,20220310,34728,34893,34637,34749,3536938,KODEX_200,069500
917,20220311,34645,34758,34435,34620,10352153,KODEX_200,069500
918,20220314,34577,34767,34420,34557,8976949,KODEX_200,069500
919,20220315,34444,34501,34144,34259,13699372,KODEX_200,069500
920,20220316,34612,34820,34357,34769,6073677,KODEX_200,069500
921,20220317,35351,35558,35284,35294,8581932,KODEX_200,069500
922,20220318,35196,35389,35119,35372,4532313,KODEX_200,069500
923,20220321,35548,35548,34970,35011,5769061,KODEX_200,069500
924,20220322,35008,35355,34984,35329,4689890,KODEX_200,069500
925,20220323,35524,35781,35442,35637,6343067,KODEX_200,069500
926,20220324,35389,35480,35196,35474,5959615,KODEX_200,069500
927,20220325,35625,35630,35255,35329,4495850,KODEX_200,069500
928,20220328,35211,35447,35017,35353,4255368,KODEX_200,069500
929,20220329,35533,35688,35403,35537,4380198,KODEX_200,069500
930,20220330,35771,35886,35587,35662,4535456,KODEX_200,069500
931,20220331,35635,35914,35583,35771,4667567,KODEX_200,069500
932,20220401,35620,35625,35323,35497,4226752,KODEX_200,069500
933,20220404,35428,35698,35264,35667,4815887,KODEX_200,069500
934,20220405,35804,35848,35538,35632,4654471,KODEX_200,069500
935,20220406,35403,35460,35240,35265,5425026,KODEX_200,069500
936,20220407,35099,35099,34723,34803,10608787,KODEX_200,069500
937,20220408,34873,34917,34637,34826,6603269,KODEX_200,069500
938,20220411,34690,34960,34564,34826,9302553,KODEX_200,069500
939,20220412,34582,34718,34362,34499,9992254,KODEX_200,069500
940,20220413,34592,35182,34550,35156,7077639,KODEX_200,069500
941,20220414,35143,35143,34840,34957,7702288,KODEX_200,069500
942,20220415,34728,34728,34469,34543,6735392,KODEX_200,069500
943,20220418,34430,34680,34313,34572,5719380,KODEX_200,069500
944,20220419,34710,35055,34700,34976,3136854,KODEX_200,069500
945,20220420,34984,35027,34685,34948,2910429,KODEX_200,069500
946,20220421,35055,35294,35032,35103,5925212,KODEX_200,069500
947,20220422,34785,34820,34573,34716,5379206,KODEX_200,069500
948,20220425,34338,34435,34144,34162,6973813,KODEX_200,069500
949,20220426,34299,34454,34245,34307,2984110,KODEX_200,069500
950,20220427,33840,33937,33619,33900,4581684,KODEX_200,069500
951,20220428,34105,34246,33835,34239,6774114,KODEX_200,069500
952,20220429,34261,34780,34148,34752,6403994,KODEX_200,069500
953,20220502,34349,34677,34349,34621,5961767,KODEX_200,069500
954,20220503,34623,34883,34535,34537,6118306,KODEX_200,069500
955,20220504,34692,34809,34491,34621,5682164,KODEX_200,069500
956,20220506,34261,34261,34042,34141,6213486,KODEX_200,069500
957,20220509,34002,34163,33766,33818,7320373,KODEX_200,069500
958,20220510,33562,33707,33131,33642,8087018,KODEX_200,069500
959,20220511,33464,33683,33375,33637,6691875,KODEX_200,069500
960,20220512,33292,33562,33063,33083,7266389,KODEX_200,069500
961,20220513,33282,33905,33262,33867,5377276,KODEX_200,069500
962,20220516,34105,34178,33659,33735,7537593,KODEX_200,069500
963,20220517,33786,34105,33781,34063,4086643,KODEX_200,069500
964,20220518,34241,34394,34027,34126,6515438,KODEX_200,069500
965,20220519,33395,33712,33331,33637,6186911,KODEX_200,069500
966,20220520,33776,34275,33747,34239,4763617,KODEX_200,069500
967,20220523,34384,34473,34168,34350,6004117,KODEX_200,069500
968,20220524,34202,34280,33712,33716,5534718,KODEX_200,069500
969,20220525,33919,34080,33692,33857,6882374,KODEX_200,069500
970,20220526,33855,34198,33620,33745,6924810,KODEX_200,069500
971,20220527,34090,34236,34046,34101,6013937,KODEX_200,069500
972,20220530,34473,34583,34320,34547,5501759,KODEX_200,069500
973,20220531,34486,34746,34325,34684,5605041,KODEX_200,069500
974,20220602,34486,34520,34231,34308,6087606,KODEX_200,069500
975,20220603,34598,34672,34414,34498,6406995,KODEX_200,069500
976,20220607,34330,34349,33786,33857,3848768,KODEX_200,069500
977,20220608,33880,34100,33850,33930,3783922,KODEX_200,069500
978,20220609,33810,33952,33672,33827,4777080,KODEX_200,069500
979,20220610,33562,33607,33341,33480,4483698,KODEX_200,069500
980,20220613,32793,32890,32295,32296,9640105,KODEX_200,069500
981,20220614,31717,32250,31717,32168,12460790,KODEX_200,069500
982,20220615,32103,32162,31395,31597,10770221,KODEX_200,069500
983,20220616,31995,32227,31530,31577,9386695,KODEX_200,069500
984,20220617,31001,31418,30895,31341,7450609,KODEX_200,069500
985,20220620,31550,31736,30595,30837,9804437,KODEX_200,069500
986,20220621,31001,31252,30068,31014,7690393,KODEX_200,069500
987,20220622,31124,31124,30229,30231,10423182,KODEX_200,069500
988,20220623,30209,30494,29857,29986,13429810,KODEX_200,069500
989,20220624,30140,30738,30043,30618,10679796,KODEX_200,069500
990,20220627,30845,31247,30565,31009,8759591,KODEX_200,069500
991,20220628,31046,31247,30885,31248,6893570,KODEX_200,069500
992,20220629,30880,30978,30694,30726,6312192,KODEX_200,069500
993,20220630,30610,30610,30209,30217,8113505,KODEX_200,069500
994,20220701,30386,30509,29685,29907,6377035,KODEX_200,069500
995,20220704,29916,30092,29618,29917,9126949,KODEX_200,069500
996,20220705,30194,30499,30058,30392,7403082,KODEX_200,069500
997,20220706,30150,30263,29677,29703,9315268,KODEX_200,069500
998,20220707,29936,30480,29872,30299,6893606,KODEX_200,069500
999,20220708,30519,30763,30465,30465,9029488,KODEX_200,069500
1000,20220711,30533,30654,30263,30296,6713793,KODEX_200,069500
1001,20220712,30170,30239,29842,30006,5672658,KODEX_200,069500
1002,20220713,30077,30366,30004,30162,6989634,KODEX_200,069500
1003,20220714,29936,30273,29847,30055,6025169,KODEX_200,069500
1004,20220715,30239,30273,29685,30236,7413197,KODEX_200,069500
1005,20220718,30538,30939,30494,30906,7350346,KODEX_200,069500
1006,20220719,30782,30827,30620,30803,4788070,KODEX_200,069500
1007,20220720,31301,31380,30973,31033,6958705,KODEX_200,069500
1008,20220721,31075,31390,31041,31371,5671887,KODEX_200,069500
1009,20220722,31301,31501,31134,31176,6379183,KODEX_200,069500
1010,20220725,31070,31446,31046,31297,5058052,KODEX_200,069500
1011,20220726,31188,31427,31129,31410,2331236,KODEX_200,069500
1012,20220727,31400,31423,31188,31420,2146515,KODEX_200,069500
1013,20220728,31722,31846,31526,31626,7450876,KODEX_200,069500
1014,20220729,31874,32041,31654,31763,8555130,KODEX_200,069500
1015,20220801,31683,31889,31536,31749,6196156,KODEX_200,069500
1016,20220802,31713,31713,31477,31577,6443210,KODEX_200,069500
1017,20220803,31590,31796,31467,31798,5662607,KODEX_200,069500
1018,20220804,32007,32061,31841,31960,7600180,KODEX_200,069500
1019,20220805,32056,32267,32056,32170,6350344,KODEX_200,069500
1020,20220808,31948,32140,31924,32111,5532293,KODEX_200,069500
1021,20220809,32120,32262,31958,32214,6220110,KODEX_200,069500
1022,20220810,32041,32076,31806,31836,6521984,KODEX_200,069500
1023,20220811,32199,32365,32194,32367,7116587,KODEX_200,069500
1024,20220812,32330,32536,32330,32489,6537098,KODEX_200,069500
1025,20220816,32709,32742,32531,32572,6937965,KODEX_200,069500
1026,20220817,32630,32724,32365,32406,7219718,KODEX_200,069500
1027,20220818,32233,32350,32026,32283,7720122,KODEX_200,069500
1028,20220819,32315,32315,32056,32097,4607198,KODEX_200,069500
1029,20220822,31752,31851,31610,31680,5899360,KODEX_200,069500
1030,20220823,31457,31580,31247,31282,6273045,KODEX_200,069500
1031,20220824,31385,31492,31262,31410,5922351,KODEX_200,069500
1032,20220825,31531,31777,31497,31778,5512868,KODEX_200,069500
1033,20220826,31929,32056,31767,31798,5094580,KODEX_200,069500
1034,20220829,31036,31153,30968,31032,6890680,KODEX_200,069500
1035,20220830,31178,31385,31129,31371,4533054,KODEX_200,069500
1036,20220831,31080,31732,31031,31611,8047307,KODEX_200,069500
1037,20220901,31208,31232,30874,30895,13894828,KODEX_200,069500
1038,20220902,31026,31056,30599,30724,10453989,KODEX_200,069500
1039,20220905,30717,30996,30604,30724,7424200,KODEX_200,069500
1040,20220906,30796,30953,30624,30724,7671478,KODEX_200,069500
1041,20220907,30512,30512,30095,30278,9751568,KODEX_200,069500
1042,20220908,30487,30492,30257,30336,6531686,KODEX_200,069500
1043,20220913,30889,31370,30831,31292,5701576,KODEX_200,069500
1044,20220914,30394,30811,30325,30675,7979845,KODEX_200,069500
1045,20220915,30742,30786,30468,30503,7548689,KODEX_200,069500
1046,20220916,30212,30349,30123,30288,8302104,KODEX_200,069500
1047,20220919,30354,30413,30011,30072,6298607,KODEX_200,069500
1048,20220920,30280,30428,30128,30174,5312519,KODEX_200,069500
1049,20220921,29948,30050,29829,29895,7244764,KODEX_200,069500
1050,20220922,29535,29634,29374,29571,13271620,KODEX_200,069500
1051,20220923,29565,29619,29129,29208,9363501,KODEX_200,069500
1052,20220926,28834,28874,28432,28492,10707583,KODEX_200,069500
1053,20220927,28515,28570,28217,28547,8905929,KODEX_200,069500
1054,20220928,28217,28437,27618,27845,13042248,KODEX_200,069500
1055,20220929,28187,28372,27854,27855,8104604,KODEX_200,069500
1056,20220930,27746,28039,27481,27732,7775260,KODEX_200,069500
1057,20221004,28133,28471,28103,28404,4590418,KODEX_200,069500
1058,20221005,28897,28897,28295,28409,10903247,KODEX_200,069500
1059,20221006,28638,28869,28540,28723,12616504,KODEX_200,069500
1060,20221007,28412,28756,28349,28615,10522164,KODEX_200,069500
1061,20221011,28049,28054,27784,28032,11135470,KODEX_200,069500
1062,20221012,27976,28276,27956,28271,9855086,KODEX_200,069500
1063,20221013,28167,28187,27819,27820,11295598,KODEX_200,069500
1064,20221014,28226,28608,28226,28497,11103714,KODEX_200,069500
1065,20221017,28118,28560,28049,28517,7529481,KODEX_200,069500
1066,20221018,28932,28932,28540,28885,7108342,KODEX_200,069500
1067,20221019,28902,29065,28643,28649,8275725,KODEX_200,069500
1068,20221020,28486,28535,28207,28370,8712760,KODEX_200,069500
1069,20221021,28286,28598,28266,28429,6680380,KODEX_200,069500
1070,20221024,28874,28986,28603,28694,7758414,KODEX_200,069500
1071,20221025,28731,28942,28648,28738,6293005,KODEX_200,069500
1072,20221026,28727,29085,28682,28934,3885919,KODEX_200,069500
1073,20221027,29099,29476,29070,29439,8154626,KODEX_200,069500
1074,20221028,29222,29403,29049,29059,8594096,KODEX_200,069500
1075,20221031,29374,29561,29207,29493,6697736,KODEX_200,069500
1076,20221101,29571,29945,29527,29940,7612085,KODEX_200,069500
1077,20221102,29792,30019,29728,29887,6440058,KODEX_200,069500
1078,20221103,29384,29905,29265,29719,7000162,KODEX_200,069500
1079,20221104,29591,29979,29487,29980,7910096,KODEX_200,069500
1080,20221107,30073,30343,30004,30300,8227016,KODEX_200,069500
1081,20221108,30531,30801,30457,30738,9268945,KODEX_200,069500
1082,20221109,30880,31165,30806,31043,8902326,KODEX_200,069500
1083,20221110,30806,31027,30653,30655,9231232,KODEX_200,069500
1084,20221111,31633,31918,31598,31885,16470987,KODEX_200,069500
1085,20221114,31923,32007,31662,31683,11498890,KODEX_200,069500
1086,20221115,31776,31845,31559,31771,6984665,KODEX_200,069500
1087,20221116,31835,31835,31367,31712,9415984,KODEX_200,069500
1088,20221117,31544,31578,31254,31294,6644066,KODEX_200,069500
1089,20221118,31293,31598,31200,31225,7775914,KODEX_200,069500
1090,20221121,31298,31308,30880,30984,10785637,KODEX_200,069500
1091,20221122,30910,31057,30762,30763,7875240,KODEX_200,069500
1092,20221123,30984,31066,30850,30969,7591916,KODEX_200,069500
1093,20221124,31185,31274,31066,31259,11710743,KODEX_200,069500
1094,20221125,31279,31313,31121,31132,4617099,KODEX_200,069500
1095,20221128,30934,30944,30673,30753,6642266,KODEX_200,069500
1096,20221129,30737,31111,30668,31102,6671639,KODEX_200,069500
1097,20221130,30934,31569,30934,31570,4227477,KODEX_200,069500
1098,20221201,32021,32095,31702,31757,7698704,KODEX_200,069500
1099,20221202,31643,31643,31047,31048,8284191,KODEX_200,069500
1100,20221205,31155,31249,30860,30950,10012941,KODEX_200,069500
1101,20221206,30683,30875,30536,30556,5201137,KODEX_200,069500
1102,20221207,30447,30574,30363,30383,3179751,KODEX_200,069500
1103,20221208,30408,30447,30176,30383,7458655,KODEX_200,069500
1104,20221209,30536,30781,30417,30738,5402272,KODEX_200,069500
1105,20221212,30521,30609,30442,30546,5592191,KODEX_200,069500
1106,20221213,30707,30732,30412,30521,6168106,KODEX_200,069500
1107,20221214,30633,30900,30624,30866,5006966,KODEX_200,069500
1108,20221215,30678,30717,30353,30354,7349202,KODEX_200,069500
1109,20221216,29900,30250,29896,30212,5940910,KODEX_200,069500
1110,20221219,30136,30348,30093,30217,4293662,KODEX_200,069500
1111,20221220,30103,30205,29841,29965,5902141,KODEX_200,069500
1112,20221221,30146,30151,29856,29892,5815993,KODEX_200,069500
1113,20221222,30029,30279,29960,30281,4711597,KODEX_200,069500
1114,20221223,29940,30019,29703,29759,7289665,KODEX_200,069500
1115,20221226,29728,29836,29655,29803,6088549,KODEX_200,069500
1116,20221227,29930,30083,29876,30014,2959260,KODEX_200,069500
1117,20221228,29876,29915,29625,29660,7388701,KODEX_200,069500
1118,20221229,29497,29536,29128,29129,5600305,KODEX_200,069500
1119,20230102,29197,29359,28926,28957,5717622,KODEX_200,069500
1120,20230103,28990,29079,28414,28957,9409205,KODEX_200,069500
1121,20230104,28794,29635,28779,29567,8226510,KODEX_200,069500
1122,20230105,29733,29945,29571,29803,8272825,KODEX_200,069500
1123,20230106,29596,30279,29596,30123,7490659,KODEX_200,069500
1124,20230109,30457,30944,30408,30935,8066249,KODEX_200,069500
1125,20230110,30850,31175,30801,30974,7624633,KODEX_200,069500
1126,20230111,31111,31205,30880,31028,6123892,KODEX_200,069500
1127,20230112,31214,31249,30949,31117,5529541,KODEX_200,069500
1128,20230113,31195,31519,31185,31343,6358256,KODEX_200,069500
1129,20230116,31402,31726,31372,31595,6607260,KODEX_200,069500
1130,20230117,31574,31623,31298,31343,4760867,KODEX_200,069500
1131,20230118,31308,31377,30969,31142,5728515,KODEX_200,069500
1132,20230119,30974,31338,30974,31333,5735610,KODEX_200,069500
1133,20230120,31303,31549,31214,31540,6892810,KODEX_200,069500
1134,20230125,31982,32135,31938,32038,4506900,KODEX_200,069500
1135,20230126,32066,32514,31987,32481,3846659,KODEX_200,069500
1136,20230127,32548,32947,32420,32736,4179181,KODEX_200,069500
1137,20230130,32750,32839,32208,32218,7018416,KODEX_200,069500
1138,20230131,32218,32277,31680,31720,7918454,KODEX_200,069500
1139,20230201,31946,32144,31843,32065,6501304,KODEX_200,069500
1140,20230202,32504,32637,32154,32411,8943049,KODEX_200,069500
1141,20230203,32351,32632,32218,32544,5614456,KODEX_200,069500
1142,20230206,32252,32336,31803,31804,9381893,KODEX_200,069500
1143,20230207,31828,32099,31754,32001,5454036,KODEX_200,069500
1144,20230208,32203,32602,32198,32499,7634342,KODEX_200,069500
1145,20230209,32306,32523,32223,32396,6724103,KODEX_200,069500
1146,20230210,32193,32346,32080,32312,8139777,KODEX_200,069500
1147,20230213,32144,32232,31902,32120,10350814,KODEX_200,069500
1148,20230214,32380,32543,32252,32312,7059816,KODEX_200,069500
1149,20230215,32380,32385,31680,31700,11655210,KODEX_200,069500
1150,20230216,31912,32405,31892,32332,7174315,KODEX_200,069500
1151,20230217,31877,32326,31877,32046,7366245,KODEX_200,069500
1152,20230220,32080,32262,31764,32154,6171423,KODEX_200,069500
1153,20230221,32149,32237,31951,32110,5491609,KODEX_200,069500
1154,20230222,31724,31828,31537,31552,8664866,KODEX_200,069500
1155,20230223,31675,32075,31665,31952,12744901,KODEX_200,069500
1156,20230224,31892,32080,31646,31666,7030563,KODEX_200,069500
1157,20230227,31379,31394,31118,31385,11437156,KODEX_200,069500
1158,20230228,31498,31744,31384,31473,7912451,KODEX_200,069500
1159,20230302,31498,31833,31384,31552,10041154,KODEX_200,069500
1160,20230303,31724,31769,31483,31621,7244170,KODEX_200,069500
1161,20230306,31892,32080,31754,32065,9318451,KODEX_200,069500
1162,20230307,32015,32163,31897,31898,6124183,KODEX_200,069500
1163,20230308,31606,31621,31389,31444,11075842,KODEX_200,069500
1164,20230309,31567,31641,31345,31345,6819709,KODEX_200,069500
1165,20230310,30975,31103,30842,31005,8391825,KODEX_200,069500
1166,20230313,31147,31330,30782,31256,8814966,KODEX_200,069500
1167,20230314,30955,30965,30501,30526,12465248,KODEX_200,069500
1168,20230315,30837,31103,30758,30911,8577111,KODEX_200,069500
1169,20230316,30595,30886,30437,30798,8611519,KODEX_200,069500
1170,20230317,31147,31231,30930,31153,7077844,KODEX_200,069500
1171,20230320,31142,31295,30920,30926,5906068,KODEX_200,069500
1172,20230321,31098,31172,30935,31005,5744804,KODEX_200,069500
1173,20230322,31281,31404,31177,31394,6338607,KODEX_200,069500
1174,20230323,31162,31507,31128,31488,5533027,KODEX_200,069500
1175,20230324,31478,31522,31211,31380,7090329,KODEX_200,069500
1176,20230327,31483,31483,31078,31237,5698876,KODEX_200,069500
1177,20230328,31345,31601,31305,31602,5918206,KODEX_200,069500
1178,20230329,31542,31665,31453,31651,4092445,KODEX_200,069500
1179,20230330,31843,31991,31695,31873,7549044,KODEX_200,069500
1180,20230331,31986,32311,31937,32248,5214758,KODEX_200,069500
1181,20230403,32341,32341,32035,32085,5536134,KODEX_200,069500
1182,20230404,32114,32336,32070,32233,8098341,KODEX_200,069500
1183,20230405,32237,32449,32193,32415,6407716,KODEX_200,069500
1184,20230406,32277,32302,31823,31838,6821676,KODEX_200,069500
1185,20230407,32070,32440,32070,32381,6678160,KODEX_200,069500
1186,20230410,32361,32844,32321,32692,8223297,KODEX_200,069500
1187,20230411,32785,33204,32755,33121,5578064,KODEX_200,069500
1188,20230412,33086,33318,33041,33224,5168011,KODEX_200,069500
1189,20230413,33061,33323,32992,33289,6182441,KODEX_200,069500
1190,20230414,33490,33628,33303,33407,6684156,KODEX_200,069500
1191,20230417,33392,33461,33258,33417,5357990,KODEX_200,069500
1192,20230418,33441,33485,33160,33367,7393430,KODEX_200,069500
1193,20230419,33352,33520,33323,33392,5817155,KODEX_200,069500
1194,20230420,33278,33387,33170,33293,6320778,KODEX_200,069500
1195,20230421,33219,33283,33007,33126,4982093,KODEX_200,069500
1196,20230424,33017,33066,32874,32899,4989861,KODEX_200,069500
1197,20230425,32977,33022,32321,32485,3362951,KODEX_200,069500
1198,20230426,32459,32597,32385,32450,2554615,KODEX_200,069500
1199,20230427,32470,32580,32160,32560,6525733,KODEX_200,069500
1200,20230428,32735,32895,32490,32625,9407032,KODEX_200,069500
1201,20230502,32720,32980,32675,32980,6646106,KODEX_200,069500
1202,20230503,32725,32820,32620,32685,6572422,KODEX_200,069500
1203,20230504,32555,32650,32455,32560,7297380,KODEX_200,069500
1204,20230508,32920,33070,32875,32970,6547105,KODEX_200,069500
1205,20230509,32910,32925,32760,32870,4545144,KODEX_200,069500
1206,20230510,32860,32860,32535,32665,6417438,KODEX_200,069500
1207,20230511,32780,32895,32575,32575,5099307,KODEX_200,069500
1208,20230512,32455,32580,32355,32420,6233274,KODEX_200,069500
1209,20230515,32350,32510,32220,32510,6872961,KODEX_200,069500
1210,20230516,32720,32835,32535,32600,5661588,KODEX_200,069500
1211,20230517,32540,32805,32530,32705,4019257,KODEX_200,069500
1212,20230518,32905,33040,32815,33020,4944113,KODEX_200,069500
1213,20230519,33260,33505,33260,33485,5211634,KODEX_200,069500
1214,20230522,33485,33840,33425,33700,3957548,KODEX_200,069500
1215,20230523,33815,33920,33715,33800,5034538,KODEX_200,069500
1216,20230524,33600,33810,33590,33675,4566173,KODEX_200,069500
1217,20230525,33840,33865,33565,33645,5259621,KODEX_200,069500
1218,20230526,33700,33865,33635,33760,5966030,KODEX_200,069500
1219,20230530,34100,34225,34030,34215,4103040,KODEX_200,069500
1220,20230531,34170,34300,33970,33970,5638414,KODEX_200,069500
1221,20230601,33925,34020,33780,33860,4794356,KODEX_200,069500
1222,20230602,34080,34295,34050,34295,6094219,KODEX_200,069500
1223,20230605,34500,34515,34345,34395,4238342,KODEX_200,069500
1224,20230607,34495,34580,34320,34320,2843547,KODEX_200,069500
1225,20230608,34215,34300,34100,34275,3996672,KODEX_200,069500
1226,20230609,34450,34780,34340,34730,4790733,KODEX_200,069500
1227,20230612,34810,34855,34420,34505,6195794,KODEX_200,069500
1228,20230613,34705,34785,34575,34670,6870619,KODEX_200,069500
1229,20230614,34670,34710,34435,34500,6200984,KODEX_200,069500
1230,20230615,34585,34700,34340,34380,5777708,KODEX_200,069500
1231,20230616,34555,34575,34350,34545,5714938,KODEX_200,069500
1232,20230619,34445,34490,34260,34355,3673429,KODEX_200,069500
1233,20230620,34260,34340,34155,34295,4699219,KODEX_200,069500
1234,20230621,34230,34235,33960,33975,4799234,KODEX_200,069500
1235,20230622,33910,34180,33895,34060,3096561,KODEX_200,069500
1236,20230623,34195,34225,33855,33895,6266048,KODEX_200,069500
1237,20230626,33840,34100,33805,34065,3577737,KODEX_200,069500
1238,20230627,34000,34070,33885,34050,4294631,KODEX_200,069500
1239,20230628,34175,34175,33805,33865,5107857,KODEX_200,069500
1240,20230629,33965,34175,33860,33860,4378180,KODEX_200,069500
1241,20230630,33870,34050,33620,33960,5393824,KODEX_200,069500
1242,20230703,34085,34515,34085,34490,3845275,KODEX_200,069500
1243,20230704,34475,34525,34335,34355,6672043,KODEX_200,069500
1244,20230705,34300,34430,34030,34030,5141747,KODEX_200,069500
1245,20230706,34010,34020,33730,33770,4764556,KODEX_200,069500
1246,20230707,33575,33580,33185,33290,5853036,KODEX_200,069500
1247,20230710,33340,33505,33185,33235,4109417,KODEX_200,069500
1248,20230711,33475,33845,33440,33845,5441607,KODEX_200,069500
1249,20230712,33850,34015,33750,33970,963087,KODEX_200,069500
