,Unnamed: 0_x,Date,ADR,Unnamed: 0_y,Open,High,Low,Close,Volume,name,code
0,1,20180620,73.81,0,27270,27543,27200,27386,8586214,KODEX_200,69500
1,2,20180621,69.72,1,27356,27464,27125,27153,9493457,KODEX_200,69500
2,3,20180622,70.92,2,26893,27351,26889,27358,10291911,KODEX_200,69500
3,4,20180625,75.88,3,27279,27400,27070,27344,15507285,KODEX_200,69500
4,5,20180626,77.95,4,27089,27363,26981,27313,8795326,KODEX_200,69500
5,6,20180627,71.09,5,27228,27378,27188,27216,12336214,KODEX_200,69500
6,7,20180628,70.63,6,27120,27180,26893,26973,9273669,KODEX_200,69500
7,8,20180629,75.35,7,26995,27089,26708,27031,15899936,KODEX_200,69500
8,9,20180702,67.27,8,26977,27053,26418,26427,10619070,KODEX_200,69500
9,10,20180703,67.15,9,26567,26617,26262,26465,10991525,KODEX_200,69500
10,11,20180704,67.3,10,26468,26585,26357,26387,7818026,KODEX_200,69500
11,12,20180705,64.58,11,26380,26500,26164,26324,8807543,KODEX_200,69500
12,13,20180706,66.83,12,26308,26626,26199,26514,10009304,KODEX_200,69500
13,14,20180709,67.94,13,26495,26789,26418,26710,9353001,KODEX_200,69500
14,15,20180710,68.99,14,26813,26897,26722,26746,5485328,KODEX_200,69500
15,16,20180711,68.94,15,26544,26652,26335,26596,11421501,KODEX_200,69500
16,17,20180712,74.25,16,26634,26803,26531,26677,8172343,KODEX_200,69500
17,18,20180713,77.67,17,26708,27016,26698,26942,8885520,KODEX_200,69500
18,19,20180716,80.8,18,26958,27025,26826,26860,8716938,KODEX_200,69500
19,20,20180717,85.2,19,26856,26914,26693,26828,8075605,KODEX_200,69500
20,21,20180718,77.04,20,26958,27084,26726,26764,8404148,KODEX_200,69500
21,22,20180719,77.08,21,26851,26897,26667,26693,7848921,KODEX_200,69500
22,23,20180720,78.08,22,26712,26856,26544,26823,9466916,KODEX_200,69500
23,24,20180723,71.28,23,26803,26813,26554,26609,8095992,KODEX_200,69500
24,25,20180724,77.73,24,26647,26730,26504,26689,2848354,KODEX_200,69500
25,26,20180725,79.48,25,26740,26843,26599,26642,6780080,KODEX_200,69500
26,27,20180726,87.86,26,26784,26922,26671,26818,2890108,KODEX_200,69500
27,28,20180727,89.3,27,26847,26893,26762,26900,1843583,KODEX_200,69500
28,29,20180730,98.91,28,26821,26907,26722,26837,6075938,KODEX_200,69500
29,30,20180731,99.85,29,26838,26875,26752,26873,5973668,KODEX_200,69500
30,31,20180801,103.98,30,26918,27071,26902,26969,6297742,KODEX_200,69500
31,32,20180802,104.26,31,26955,26955,26449,26486,6315816,KODEX_200,69500
32,33,20180803,103.83,32,26558,26697,26484,26692,6506376,KODEX_200,69500
33,34,20180806,106.96,33,26708,26847,26643,26653,9280859,KODEX_200,69500
34,35,20180807,101.29,34,26693,26835,26576,26833,6911199,KODEX_200,69500
35,36,20180808,102.27,35,26893,26941,26808,26837,6206242,KODEX_200,69500
36,37,20180809,99.67,36,26831,26860,26703,26823,5557593,KODEX_200,69500
37,38,20180810,95.53,37,26762,26762,26467,26533,6190011,KODEX_200,69500
38,39,20180813,89.76,38,26338,26379,26033,26180,7776903,KODEX_200,69500
39,40,20180814,94.73,39,26184,26338,26171,26295,5711641,KODEX_200,69500
40,41,20180816,98.27,40,25967,26111,25797,26041,6989531,KODEX_200,69500
41,42,20180817,107.64,41,26042,26120,25987,26050,5417431,KODEX_200,69500
42,43,20180820,109.75,42,26153,26275,26030,26072,5735291,KODEX_200,69500
43,44,20180821,120.1,43,26056,26383,26003,26355,5462988,KODEX_200,69500
44,45,20180822,112.27,44,26374,26516,26334,26449,11706280,KODEX_200,69500
45,46,20180823,114.66,45,26567,26572,26408,26559,5403783,KODEX_200,69500
46,47,20180824,110.73,46,26504,26712,26413,26663,4091947,KODEX_200,69500
47,48,20180827,104.9,47,26752,26835,26662,26796,4407400,KODEX_200,69500
48,49,20180828,104.56,48,26914,26982,26799,26815,7380570,KODEX_200,69500
49,50,20180829,104.27,49,26842,26918,26799,26890,3995581,KODEX_200,69500
50,51,20180830,99.87,50,26923,27062,26835,26905,8012112,KODEX_200,69500
51,52,20180831,105.51,51,26780,27017,26730,27015,5061348,KODEX_200,69500
52,53,20180903,98.9,52,26991,26991,26813,26855,6555297,KODEX_200,69500
53,54,20180904,99.47,53,26856,26991,26803,26973,6502412,KODEX_200,69500
54,55,20180905,98.49,54,26875,26928,26576,26626,6532980,KODEX_200,69500
55,56,20180906,97.38,55,26554,26698,26512,26587,7192223,KODEX_200,69500
56,57,20180907,99.5,56,26379,26526,26248,26435,5849108,KODEX_200,69500
57,58,20180910,101.23,57,26416,26543,26391,26495,5423490,KODEX_200,69500
58,59,20180911,111.86,58,26467,26599,26322,26409,4741249,KODEX_200,69500
59,60,20180912,106.65,59,26427,26467,26252,26382,6979941,KODEX_200,69500
60,61,20180913,109.87,60,26392,26481,26348,26418,3794029,KODEX_200,69500
61,62,20180914,109.0,61,26580,26860,26580,26837,6148309,KODEX_200,69500
62,63,20180917,103.25,62,26748,26762,26540,26626,6559297,KODEX_200,69500
63,64,20180918,98.49,63,26441,26762,26427,26741,6918283,KODEX_200,69500
64,65,20180919,95.44,64,26860,26860,26652,26764,6989587,KODEX_200,69500
65,66,20180920,93.36,65,26847,27109,26813,27019,6048201,KODEX_200,69500
66,67,20180921,95.26,66,27085,27118,26982,27127,9171572,KODEX_200,69500
67,68,20180927,99.96,67,27061,27375,27054,27333,4484977,KODEX_200,69500
68,69,20180928,97.3,68,27362,27362,27138,27161,6987430,KODEX_200,69500
69,70,20181001,95.35,69,27196,27279,27050,27156,4915218,KODEX_200,69500
70,71,20181002,90.06,70,27126,27201,26803,26828,5073326,KODEX_200,69500
71,72,20181004,85.12,71,26856,26856,26356,26413,8115451,KODEX_200,69500
72,73,20181005,83.04,72,26366,26462,26188,26372,8789207,KODEX_200,69500
73,74,20181008,78.41,73,26243,26441,26226,26241,5275252,KODEX_200,69500
74,75,20181010,73.57,74,26280,26293,25972,26072,7142819,KODEX_200,69500
75,76,20181011,67.94,75,25412,25576,24961,24993,13035846,KODEX_200,69500
76,77,20181012,70.77,76,24971,25431,24939,25237,18430497,KODEX_200,69500
77,78,20181015,67.95,77,25161,25221,25021,25097,4599715,KODEX_200,69500
78,79,20181016,69.5,78,25198,25279,24990,25031,3778399,KODEX_200,69500
79,80,20181017,74.33,79,25327,25501,25251,25356,4677890,KODEX_200,69500
80,81,20181018,70.83,80,25256,25331,25099,25127,5543445,KODEX_200,69500
81,82,20181019,68.7,81,24931,25256,24785,25227,4855684,KODEX_200,69500
82,83,20181022,71.34,82,25045,25327,24985,25277,3757702,KODEX_200,69500
83,84,20181023,66.44,83,25090,25115,24521,24691,8767734,KODEX_200,69500
84,85,20181024,67.61,84,24813,24834,24516,24564,12539145,KODEX_200,69500
85,86,20181025,64.58,85,24049,24179,23816,24173,12106469,KODEX_200,69500
86,87,20181026,57.89,86,24192,24197,23568,23788,8531236,KODEX_200,69500
87,88,20181029,51.22,87,23866,24025,23548,23596,5495105,KODEX_200,69500
88,89,20181030,53.93,88,23560,23969,23476,23760,8303525,KODEX_200,69500
89,90,20181031,58.12,89,23817,23890,23625,23869,6388888,KODEX_200,69500
90,91,20181101,64.04,90,23900,24164,23760,23768,5308709,KODEX_200,69500
91,92,20181102,73.2,91,24071,24677,24032,24667,6656197,KODEX_200,69500
92,93,20181105,73.59,92,24551,24551,24105,24397,7189790,KODEX_200,69500
93,94,20181106,78.3,93,24520,24603,24292,24567,6579802,KODEX_200,69500
94,95,20181107,81.38,94,24556,24780,24373,24443,6939682,KODEX_200,69500
95,96,20181108,96.34,95,24825,24980,24645,24648,6450728,KODEX_200,69500
96,97,20181109,90.18,96,24640,24728,24479,24501,8738439,KODEX_200,69500
97,98,20181112,90.56,97,24310,24611,24274,24562,4386296,KODEX_200,69500
98,99,20181113,85.93,98,24186,24410,23954,24379,8402814,KODEX_200,69500
99,100,20181114,81.4,99,24391,24420,24242,24317,5327084,KODEX_200,69500
100,101,20181115,86.11,100,24282,24574,24201,24557,7524511,KODEX_200,69500
101,102,20181116,89.5,101,24657,24715,24501,24538,5104435,KODEX_200,69500
102,103,20181119,94.6,102,24579,24776,24501,24627,4844965,KODEX_200,69500
103,104,20181120,100.21,103,24355,24492,24305,24384,8558197,KODEX_200,69500
104,105,20181121,104.41,104,24064,24287,23992,24265,6141961,KODEX_200,69500
105,106,20181122,107.74,105,24265,24341,24186,24239,6119137,KODEX_200,69500
106,107,20181123,110.27,106,24221,24287,23974,24084,5344075,KODEX_200,69500
107,108,20181126,126.99,107,24140,24424,24117,24410,6519116,KODEX_200,69500
108,109,20181127,125.75,108,24487,24645,24351,24598,6315396,KODEX_200,69500
109,110,20181128,118.81,109,24677,24751,24551,24749,5363480,KODEX_200,69500
110,111,20181129,115.45,110,25083,25116,24732,24795,4150377,KODEX_200,69500
111,112,20181130,104.35,111,24844,24893,24501,24562,5947395,KODEX_200,69500
112,113,20181203,113.74,112,24907,25050,24751,24993,6110470,KODEX_200,69500
113,114,20181204,110.7,113,24884,24916,24584,24712,8417842,KODEX_200,69500
114,115,20181205,112.67,114,24383,24649,24383,24562,10905166,KODEX_200,69500
115,116,20181206,98.29,115,24432,24442,24145,24198,9920214,KODEX_200,69500
116,117,20181207,100.62,116,24292,24383,24169,24279,8614593,KODEX_200,69500
117,118,20181210,96.78,117,23945,24091,23867,24050,12864193,KODEX_200,69500
118,119,20181211,94.62,118,24081,24105,23910,23993,19551069,KODEX_200,69500
119,120,20181212,100.05,119,24081,24341,24051,24307,13600440,KODEX_200,69500
120,121,20181213,103.89,120,24297,24547,24274,24434,17302123,KODEX_200,69500
121,122,20181214,97.82,121,24410,24420,23923,24040,13370352,KODEX_200,69500
122,123,20181217,91.98,122,24113,24201,24071,24110,10557981,KODEX_200,69500
123,124,20181218,92.04,123,23979,24149,23940,24024,7383964,KODEX_200,69500
124,125,20181219,94.13,124,24081,24216,24032,24183,10191745,KODEX_200,69500
125,126,20181220,95.48,125,24036,24095,23822,23971,10949995,KODEX_200,69500
126,127,20181221,98.97,126,23910,23992,23840,23950,10867071,KODEX_200,69500
127,128,20181224,91.18,127,23900,23964,23805,23958,15729640,KODEX_200,69500
128,129,20181226,82.9,128,23664,23773,23498,23646,7589547,KODEX_200,69500
129,130,20181227,85.04,129,23959,24041,23872,23940,9600801,KODEX_200,69500
130,131,20181228,87.47,130,23992,24140,23992,24035,4795790,KODEX_200,69500
131,132,20190102,84.45,131,24211,24247,23673,23760,5302887,KODEX_200,69500
132,133,20190103,77.7,132,23747,23773,23493,23529,6246348,KODEX_200,69500
133,134,20190104,78.96,133,23511,23733,23448,23709,11368166,KODEX_200,69500
134,135,20190107,85.21,134,24000,24216,23988,24045,6302814,KODEX_200,69500
135,136,20190108,90.04,135,24051,24122,23867,23892,5164216,KODEX_200,69500
136,137,20190109,94.07,136,23983,24450,23983,24384,5819735,KODEX_200,69500
137,138,20190110,98.23,137,24396,24510,24301,24375,6550921,KODEX_200,69500
138,139,20190111,105.22,138,24470,24589,24388,24523,5588358,KODEX_200,69500
139,140,20190114,99.64,139,24465,24492,24278,24312,3921203,KODEX_200,69500
140,141,20190115,97.91,140,24392,24803,24378,24800,5246211,KODEX_200,69500
141,142,20190116,102.42,141,24780,24898,24711,24909,7294444,KODEX_200,69500
142,143,20190117,101.02,142,24951,25063,24863,24963,5357877,KODEX_200,69500
143,144,20190118,109.4,143,25096,25165,25036,25148,6263909,KODEX_200,69500
144,145,20190121,107.29,144,25309,25314,25012,25163,6351378,KODEX_200,69500
145,146,20190122,108.83,145,25179,25221,24939,25039,5691815,KODEX_200,69500
146,147,20190123,112.75,146,24936,25230,24921,25183,4443926,KODEX_200,69500
147,148,20190124,118.33,147,25161,25383,25131,25391,6367046,KODEX_200,69500
148,149,20190125,130.98,148,25460,25862,25428,25852,7885004,KODEX_200,69500
149,150,20190128,126.5,149,25894,26007,25746,25838,8264226,KODEX_200,69500
150,151,20190129,118.19,150,25791,25954,25668,25961,6006241,KODEX_200,69500
151,152,20190130,126.41,151,25941,26270,25912,26276,9281305,KODEX_200,69500
152,153,20190131,132.48,152,26516,26526,26238,26250,8085314,KODEX_200,69500
153,154,20190201,131.77,153,26334,26458,26178,26222,8703413,KODEX_200,69500
154,155,20190207,127.23,154,26366,26397,26142,26222,5980259,KODEX_200,69500
155,156,20190208,126.1,155,26073,26087,25795,25852,6930758,KODEX_200,69500
156,157,20190211,117.9,156,25848,25891,25724,25897,7632460,KODEX_200,69500
157,158,20190212,120.05,157,25894,26092,25848,26040,10620240,KODEX_200,69500
158,159,20190213,120.81,158,26147,26192,26074,26170,4502135,KODEX_200,69500
159,160,20190214,121.95,159,26077,26413,25958,26422,5469772,KODEX_200,69500
160,161,20190215,113.32,160,26303,26303,25958,26074,4627437,KODEX_200,69500
161,162,20190218,113.82,161,26197,26348,26142,26263,5909970,KODEX_200,69500
162,163,20190219,116.86,162,26206,26265,25986,26142,5340596,KODEX_200,69500
163,164,20190220,111.12,163,26312,26536,26248,26444,7270493,KODEX_200,69500
164,165,20190221,107.61,164,26348,26541,26238,26444,5426037,KODEX_200,69500
165,166,20190222,107.76,165,26388,26449,26303,26459,2817293,KODEX_200,69500
166,167,20190225,105.63,166,26600,26639,26404,26513,4858791,KODEX_200,69500
167,168,20190226,103.16,167,26490,26521,26352,26413,8082846,KODEX_200,69500
168,169,20190227,102.45,168,26495,26555,26437,26499,3935664,KODEX_200,69500
169,170,20190228,96.0,169,26449,26490,26041,26052,6386283,KODEX_200,69500
170,171,20190304,102.59,170,26226,26325,25912,25926,5832112,KODEX_200,69500
171,172,20190305,100.11,171,25834,25862,25654,25745,5600936,KODEX_200,69500
172,173,20190306,97.07,172,25719,25719,25604,25671,5561870,KODEX_200,69500
173,174,20190307,91.9,173,25645,25786,25493,25593,9591531,KODEX_200,69500
174,175,20190308,86.55,174,25469,25511,25238,25248,8190590,KODEX_200,69500
175,176,20190311,86.68,175,25272,25341,25165,25264,18580904,KODEX_200,69500
176,177,20190312,91.45,176,25433,25568,25433,25524,10299507,KODEX_200,69500
177,178,20190313,91.36,177,25438,25443,25154,25338,12886213,KODEX_200,69500
178,179,20190314,92.72,178,25409,25493,25247,25405,5347435,KODEX_200,69500
179,180,20190315,90.37,179,25369,25782,25364,25700,6509469,KODEX_200,69500
180,181,20190318,95.95,180,25746,25791,25649,25721,12081400,KODEX_200,69500
181,182,20190319,92.45,181,25741,25764,25599,25695,6161321,KODEX_200,69500
182,183,20190320,89.69,182,25617,25724,25391,25726,12238076,KODEX_200,69500
183,184,20190321,85.58,183,25769,26114,25769,25902,13078632,KODEX_200,69500
184,185,20190322,85.25,184,26024,26097,25902,25961,9801541,KODEX_200,69500
185,186,20190325,79.91,185,25613,25654,25450,25460,5044914,KODEX_200,69500
186,187,20190326,82.08,186,25506,25556,25438,25479,6947111,KODEX_200,69500
187,188,20190327,81.57,187,25414,25552,25252,25474,6206834,KODEX_200,69500
188,189,20190328,75.46,188,25314,25424,25214,25334,5121636,KODEX_200,69500
189,190,20190329,84.33,189,25341,25489,25280,25483,7677024,KODEX_200,69500
190,191,20190401,85.95,190,25599,25843,25599,25819,5520060,KODEX_200,69500
191,192,20190402,86.74,191,25867,25981,25857,25922,6318135,KODEX_200,69500
192,193,20190403,92.05,192,25940,26292,25881,26298,5504493,KODEX_200,69500
193,194,20190404,97.35,193,26289,26485,26248,26326,8336257,KODEX_200,69500
194,195,20190405,102.47,194,26325,26449,26307,26376,5400602,KODEX_200,69500
195,196,20190408,104.58,195,26462,26481,26235,26313,7806207,KODEX_200,69500
196,197,20190409,99.43,196,26338,26490,26252,26358,6722089,KODEX_200,69500
197,198,20190410,103.1,197,26256,26489,26242,26495,7401334,KODEX_200,69500
198,199,20190411,101.72,198,26516,26550,26334,26435,5964149,KODEX_200,69500
199,200,20190412,105.4,199,26404,26545,26289,26499,7486280,KODEX_200,69500
200,201,20190415,104.13,200,26572,26735,26572,26608,9023605,KODEX_200,69500
201,202,20190416,103.65,201,26559,26723,26559,26711,4964551,KODEX_200,69500
202,203,20190417,108.13,202,26718,26762,26653,26693,16067989,KODEX_200,69500
203,204,20190418,106.66,203,26709,26740,26226,26268,6749095,KODEX_200,69500
204,205,20190419,112.95,204,26361,26417,26261,26272,4903960,KODEX_200,69500
205,206,20190422,122.18,205,26275,26427,26157,26276,4655430,KODEX_200,69500
206,207,20190423,118.22,206,26265,26371,26221,26322,10307714,KODEX_200,69500
207,208,20190424,114.86,207,26417,26441,25912,26040,7609293,KODEX_200,69500
208,209,20190425,116.72,208,26000,26114,25926,25997,2257941,KODEX_200,69500
209,210,20190426,108.62,209,25867,25941,25710,25843,3315868,KODEX_200,69500
210,211,20190429,105.86,210,25938,26356,25887,26361,4237335,KODEX_200,69500
211,212,20190430,104.31,211,26356,26356,25974,26199,12631637,KODEX_200,69500
212,213,20190502,102.2,212,26092,26379,26018,26311,3415677,KODEX_200,69500
213,214,20190503,99.81,213,26288,26288,26023,26078,4391582,KODEX_200,69500
214,215,20190507,93.85,214,25839,25887,25614,25870,6560801,KODEX_200,69500
215,216,20190508,91.8,215,25527,25896,25519,25752,5157725,KODEX_200,69500
216,217,20190509,85.01,216,25633,25674,24956,24998,10640469,KODEX_200,69500
217,218,20190510,80.93,217,25109,25225,24795,25044,10873478,KODEX_200,69500
218,219,20190513,72.82,218,24842,24956,24696,24749,6769586,KODEX_200,69500
219,220,20190514,72.82,219,24471,24870,24446,24704,13902761,KODEX_200,69500
220,221,20190515,75.88,220,24777,24897,24587,24819,8429814,KODEX_200,69500
221,222,20190516,74.84,221,24773,24810,24406,24468,12618053,KODEX_200,69500
222,223,20190517,72.11,222,24577,24648,24262,24309,6274712,KODEX_200,69500
223,224,20190520,73.21,223,24382,24606,24313,24374,4453373,KODEX_200,69500
224,225,20190521,70.06,224,24363,24686,24337,24492,9224524,KODEX_200,69500
225,226,20190522,69.57,225,24548,24606,24262,24545,5888314,KODEX_200,69500
226,227,20190523,66.03,226,24542,24558,24322,24516,4757178,KODEX_200,69500
227,228,20190524,66.12,227,24410,24488,24205,24337,5250330,KODEX_200,69500
228,229,20190527,67.67,228,24299,24451,24212,24356,4228829,KODEX_200,69500
229,230,20190528,73.19,229,24337,24466,24231,24392,5171021,KODEX_200,69500
230,231,20190529,66.46,230,24303,24313,23941,24058,6119053,KODEX_200,69500
231,232,20190530,67.28,231,24109,24290,24085,24281,6307993,KODEX_200,69500
232,233,20190531,66.58,232,24227,24377,24070,24240,9406985,KODEX_200,69500
233,234,20190603,67.59,233,24192,24660,24122,24639,4817807,KODEX_200,69500
234,235,20190604,73.3,234,24614,24673,24527,24591,7168108,KODEX_200,69500
235,236,20190605,76.57,235,24814,24870,24582,24620,5600789,KODEX_200,69500
236,237,20190607,86.47,236,24614,24810,24461,24630,4146890,KODEX_200,69500
237,238,20190610,92.28,237,24752,25036,24691,24988,4642754,KODEX_200,69500
238,239,20190611,104.35,238,24935,25160,24911,25129,1856629,KODEX_200,69500
239,240,20190612,102.72,239,25119,25213,25013,25044,2482525,KODEX_200,69500
240,241,20190613,100.19,240,24943,25060,24660,24837,6740525,KODEX_200,69500
241,242,20190614,99.93,241,24827,24961,24696,24832,5743502,KODEX_200,69500
242,243,20190617,100.77,242,24800,24961,24747,24847,3259489,KODEX_200,69500
243,244,20190618,103.88,243,24818,24999,24800,24971,4556791,KODEX_200,69500
244,245,20190619,108.59,244,25242,25333,25198,25283,4921704,KODEX_200,69500
245,246,20190620,112.81,245,25284,25376,25233,25371,6505149,KODEX_200,69500
246,247,20190621,115.05,246,25376,25394,25242,25303,5118352,KODEX_200,69500
247,248,20190624,118.35,247,25315,25441,25302,25343,4579654,KODEX_200,69500
248,249,20190625,115.91,248,25310,25464,25198,25308,7191635,KODEX_200,69500
249,250,20190626,108.62,249,25266,25388,25246,25334,10199665,KODEX_200,69500
250,251,20190627,114.93,250,25399,25679,25347,25641,8851681,KODEX_200,69500
251,252,20190628,110.99,251,25633,25674,25511,25576,6030496,KODEX_200,69500
252,253,20190701,111.21,252,25763,25828,25537,25581,6081010,KODEX_200,69500
253,254,20190702,111.86,253,25464,25578,25319,25439,6797858,KODEX_200,69500
254,255,20190703,103.08,254,25412,25497,25070,25112,5285143,KODEX_200,69500
255,256,20190704,99.49,255,25134,25319,25080,25325,6028235,KODEX_200,69500
256,257,20190705,97.97,256,25319,25371,25124,25288,5056679,KODEX_200,69500
257,258,20190708,84.31,257,25098,25098,24747,24758,5815418,KODEX_200,69500
258,259,20190709,75.34,258,24822,24911,24701,24708,6119624,KODEX_200,69500
259,260,20190710,77.41,259,24791,24915,24787,24801,4618458,KODEX_200,69500
260,261,20190711,79.45,260,24939,25173,24911,25102,4726451,KODEX_200,69500
261,262,20190712,83.23,261,25060,25188,25013,25156,3224855,KODEX_200,69500
262,263,20190715,80.02,262,25069,25197,24984,25141,2166460,KODEX_200,69500
263,264,20190716,80.9,263,25168,25305,25102,25256,4727106,KODEX_200,69500
264,265,20190717,73.66,264,25102,25129,24935,25031,4512522,KODEX_200,69500
265,266,20190718,69.73,265,24980,25055,24875,24975,5046577,KODEX_200,69500
266,267,20190719,76.34,266,25106,25376,25106,25325,5026236,KODEX_200,69500
267,268,20190722,75.63,267,25247,25385,25218,25317,4415744,KODEX_200,69500
268,269,20190723,76.48,268,25366,25511,25324,25439,4274620,KODEX_200,69500
269,270,20190724,74.49,269,25371,25497,25160,25194,4463288,KODEX_200,69500
270,271,20190725,70.22,270,25257,25306,25013,25146,5187721,KODEX_200,69500
271,272,20190726,68.37,271,25027,25124,24966,25094,2259082,KODEX_200,69500
272,273,20190729,61.24,272,25046,25070,24660,24758,3624040,KODEX_200,69500
273,274,20190730,63.71,273,24828,24888,24765,24824,6889087,KODEX_200,69500
274,275,20190731,68.16,274,24733,24848,24480,24574,4964100,KODEX_200,69500
275,276,20190801,66.13,275,24415,24682,24401,24544,4288286,KODEX_200,69500
276,277,20190802,62.68,276,24275,24336,24144,24271,7565642,KODEX_200,69500
277,278,20190805,63.04,277,24144,24410,23700,23745,17225918,KODEX_200,69500
278,279,20190806,62.42,278,23199,23715,23142,23413,13224652,KODEX_200,69500
279,280,20190807,62.26,279,23407,23507,23177,23271,7490420,KODEX_200,69500
280,281,20190808,64.06,280,23457,23563,23281,23371,6555554,KODEX_200,69500
281,282,20190809,65.1,281,23507,23624,23476,23534,5703106,KODEX_200,69500
282,283,20190812,70.24,282,23545,23645,23471,23569,5834652,KODEX_200,69500
283,284,20190813,69.06,283,23462,23471,23310,23332,5682662,KODEX_200,69500
284,285,20190814,75.17,284,23553,23683,23471,23496,8875419,KODEX_200,69500
285,286,20190816,72.71,285,23350,23411,23189,23418,5384477,KODEX_200,69500
286,287,20190819,72.24,286,23558,23599,23457,23565,4818101,KODEX_200,69500
287,288,20190820,77.71,287,23545,23833,23512,23795,5541161,KODEX_200,69500
288,289,20190821,82.77,288,23744,23922,23729,23843,7371601,KODEX_200,69500
289,290,20190822,84.88,289,23857,23857,23624,23653,5591350,KODEX_200,69500
290,291,20190823,86.85,290,23545,23678,23517,23630,5768424,KODEX_200,69500
291,292,20190826,84.49,291,23208,23332,23147,23285,4148385,KODEX_200,69500
292,293,20190827,93.52,292,23392,23498,23301,23358,3938374,KODEX_200,69500
293,294,20190828,94.16,293,23435,23594,23388,23584,3740159,KODEX_200,69500
294,295,20190829,92.87,294,23585,23599,23392,23454,5925071,KODEX_200,69500
295,296,20190830,103.37,295,23599,23932,23599,23843,5464271,KODEX_200,69500
296,297,20190902,109.48,296,23802,23935,23774,23885,5993022,KODEX_200,69500
297,298,20190903,121.05,297,23810,23940,23739,23790,6003211,KODEX_200,69500
298,299,20190904,133.48,298,23765,24139,23744,24146,4777186,KODEX_200,69500
299,300,20190905,131.71,299,24181,24522,24168,24360,6841565,KODEX_200,69500
300,301,20190906,118.77,300,24517,24527,24401,24467,7368773,KODEX_200,69500
301,302,20190909,112.78,301,24517,24765,24507,24666,3977622,KODEX_200,69500
302,303,20190910,114.72,302,24686,24788,24644,24772,4419715,KODEX_200,69500
303,304,20190911,124.17,303,24843,24991,24833,24957,4534869,KODEX_200,69500
304,305,20190916,128.28,304,25051,25056,24848,25037,4145420,KODEX_200,69500
305,306,20190917,137.58,305,25028,25084,24944,25028,6526764,KODEX_200,69500
306,307,20190918,130.7,306,25066,25215,24981,25162,4497516,KODEX_200,69500
307,308,20190919,121.83,307,25130,25433,25130,25331,5501723,KODEX_200,69500
308,309,20190920,120.22,308,25312,25499,25277,25469,5671849,KODEX_200,69500
309,310,20190923,122.67,309,25405,25521,25401,25501,4382114,KODEX_200,69500
310,311,20190924,128.33,310,25494,25645,25405,25652,5796444,KODEX_200,69500
311,312,20190925,129.36,311,25521,25534,25269,25284,6255529,KODEX_200,69500
312,313,20190926,126.94,312,25358,25470,25205,25331,5616376,KODEX_200,69500
313,314,20190927,116.53,313,25277,25281,24981,25063,3811444,KODEX_200,69500
314,315,20190930,114.84,314,24995,25290,24949,25274,4738799,KODEX_200,69500
315,316,20191001,109.76,315,25231,25443,25205,25335,2497266,KODEX_200,69500
316,317,20191002,100.75,316,25149,25149,24788,24796,5623878,KODEX_200,69500
317,318,20191004,93.81,317,24729,24952,24686,24694,5987820,KODEX_200,69500
318,319,20191007,88.2,318,24806,24908,24665,24735,4083531,KODEX_200,69500
319,320,20191008,89.57,319,24796,25107,24783,25098,4933727,KODEX_200,69500
320,321,20191010,88.69,320,24815,25014,24587,24919,7571040,KODEX_200,69500
321,322,20191011,92.33,321,25115,25190,25000,25095,6125190,KODEX_200,69500
322,323,20191014,94.76,322,25368,25470,25326,25354,5605435,KODEX_200,69500
323,324,20191015,91.09,323,25303,25414,25303,25385,4167476,KODEX_200,69500
324,325,20191016,88.43,324,25525,25645,25438,25529,5924068,KODEX_200,69500
325,326,20191017,84.93,325,25549,25566,25391,25446,5184201,KODEX_200,69500
326,327,20191018,84.37,326,25499,25598,25165,25191,6703919,KODEX_200,69500
327,328,20191021,82.78,327,25210,25331,25210,25335,4474036,KODEX_200,69500
328,329,20191022,82.59,328,25428,25701,25424,25670,6274830,KODEX_200,69500
329,330,20191023,78.27,329,25608,25641,25451,25516,5310637,KODEX_200,69500
330,331,20191024,77.9,330,25608,25645,25358,25583,6148754,KODEX_200,69500
331,332,20191025,82.26,331,25649,25659,25485,25605,5577436,KODEX_200,69500
332,333,20191028,83.71,332,25710,25826,25645,25704,4445419,KODEX_200,69500
333,334,20191029,86.55,333,25798,25829,25598,25648,5984188,KODEX_200,69500
334,335,20191030,84.71,334,25669,25669,25428,25455,10241124,KODEX_200,69500
335,336,20191031,83.18,335,25581,25799,25499,25551,9633168,KODEX_200,69500
336,337,20191101,89.78,336,25529,25740,25470,25745,6986838,KODEX_200,69500
337,338,20191104,101.41,337,25978,26125,25887,26115,5840763,KODEX_200,69500
338,339,20191105,106.88,338,26135,26303,26102,26289,6023930,KODEX_200,69500
339,340,20191106,105.1,339,26284,26462,26237,26302,11000524,KODEX_200,69500
340,341,20191107,108.76,340,26265,26329,26173,26271,6637312,KODEX_200,69500
341,342,20191108,109.1,341,26404,26449,26149,26184,5743616,KODEX_200,69500
342,343,20191111,100.85,342,26164,26173,25927,25981,7381102,KODEX_200,69500
343,344,20191112,99.67,343,26041,26214,25960,26213,6884312,KODEX_200,69500
344,345,20191113,93.87,344,26116,26116,25927,25998,5265698,KODEX_200,69500
345,346,20191114,96.23,345,26041,26199,25988,26208,4994398,KODEX_200,69500
346,347,20191115,98.79,346,26265,26597,26195,26578,6235900,KODEX_200,69500
347,348,20191118,101.19,347,26546,26578,26453,26549,5474584,KODEX_200,69500
348,349,20191119,95.82,348,26408,26458,26237,26433,4795469,KODEX_200,69500
349,350,20191120,94.81,349,26293,26367,26074,26092,6101733,KODEX_200,69500
350,351,20191121,88.13,350,26056,26083,25631,25707,7321639,KODEX_200,69500
351,352,20191122,90.48,351,25735,25872,25726,25832,5587027,KODEX_200,69500
352,353,20191125,95.16,352,25983,26199,25978,26120,5817955,KODEX_200,69500
353,354,20191126,98.31,353,26168,26333,26115,26124,5833941,KODEX_200,69500
354,355,20191127,101.1,354,26195,26289,26015,26151,5208346,KODEX_200,69500
355,356,20191128,97.49,355,26029,26139,25964,26037,4948257,KODEX_200,69500
356,357,20191129,91.06,356,26083,26121,25561,25588,5627077,KODEX_200,69500
357,358,20191202,85.03,357,25744,25838,25641,25670,6843983,KODEX_200,69500
358,359,20191203,81.04,358,25443,25581,25321,25541,4333339,KODEX_200,69500
359,360,20191204,75.9,359,25363,25414,25234,25371,5316069,KODEX_200,69500
360,361,20191205,73.06,360,25499,25576,25199,25312,6038697,KODEX_200,69500
361,362,20191206,74.81,361,25405,25631,25405,25605,8238272,KODEX_200,69500
362,363,20191209,75.21,362,25730,25790,25626,25721,8272913,KODEX_200,69500
363,364,20191210,75.38,363,25636,25862,25608,25851,6447435,KODEX_200,69500
364,365,20191211,78.99,364,25834,25993,25767,25952,6281614,KODEX_200,69500
365,366,20191212,83.15,365,26098,26416,26056,26423,7745164,KODEX_200,69500
366,367,20191213,85.1,366,26750,26852,26703,26834,8075957,KODEX_200,69500
367,368,20191216,86.77,367,26830,26915,26801,26825,5784543,KODEX_200,69500
368,369,20191217,90.47,368,26925,27240,26885,27195,11445759,KODEX_200,69500
369,370,20191218,96.84,369,27225,27360,27119,27190,7268379,KODEX_200,69500
370,371,20191219,105.06,370,27281,27360,27085,27219,7447913,KODEX_200,69500
371,372,20191220,105.81,371,27309,27343,27180,27279,8002048,KODEX_200,69500
372,373,20191223,97.43,372,27382,27387,27193,27275,7855988,KODEX_200,69500
373,374,20191224,92.34,373,27286,27305,27066,27099,5991210,KODEX_200,69500
374,375,20191226,97.51,374,27085,27200,26998,27210,4510498,KODEX_200,69500
375,376,20191227,100.33,375,27319,27834,27276,27606,6009007,KODEX_200,69500
376,377,20191230,106.91,376,27678,27688,27502,27510,8212118,KODEX_200,69500
377,378,20200102,108.01,377,27525,27593,27161,27219,5184747,KODEX_200,69500
378,379,20200103,110.42,378,27453,27603,27061,27215,8592029,KODEX_200,69500
379,380,20200106,106.98,379,27016,27095,26943,27007,6237872,KODEX_200,69500
380,381,20200107,113.58,380,27180,27378,27115,27279,5990616,KODEX_200,69500
381,382,20200108,98.81,381,27061,27244,26920,27104,6918665,KODEX_200,69500
382,383,20200109,107.33,382,27472,27547,27368,27557,4950655,KODEX_200,69500
383,384,20200110,110.5,383,27547,27796,27543,27782,11160227,KODEX_200,69500
384,385,20200113,113.55,384,27775,28079,27758,28069,5801191,KODEX_200,69500
385,386,20200114,108.51,385,28211,28388,28173,28199,6466960,KODEX_200,69500
386,387,20200115,106.91,386,28132,28168,27983,28037,5287629,KODEX_200,69500
387,388,20200116,105.24,387,28030,28325,27997,28322,7038656,KODEX_200,69500
388,389,20200117,103.24,388,28458,28624,28321,28387,13007210,KODEX_200,69500
389,390,20200120,100.0,389,28505,28754,28491,28599,6482781,KODEX_200,69500
390,391,20200121,95.23,390,28570,28624,28243,28280,6517951,KODEX_200,69500
391,392,20200122,97.36,391,28215,28676,28202,28654,6572224,KODEX_200,69500
392,393,20200123,95.55,392,28463,28500,28252,28280,6079827,KODEX_200,69500
393,394,20200128,89.67,393,27612,27758,27276,27421,8835958,KODEX_200,69500
394,395,20200129,87.88,394,27534,27650,27368,27514,3213370,KODEX_200,69500
395,396,20200130,81.55,395,27472,27535,26915,26997,8940487,KODEX_200,69500
396,397,20200131,75.4,396,27171,27276,26702,26709,7053480,KODEX_200,69500
397,398,20200203,72.9,397,26402,26824,26272,26735,8752048,KODEX_200,69500
398,399,20200204,77.64,398,26735,27267,26711,27194,17475049,KODEX_200,69500
399,400,20200205,85.68,399,27467,27535,27180,27329,9584704,KODEX_200,69500
400,401,20200206,89.98,400,27618,28184,27577,28142,8346389,KODEX_200,69500
401,402,20200207,97.14,401,28076,28076,27727,27906,6667324,KODEX_200,69500
402,403,20200210,90.07,402,27582,27781,27467,27759,5492599,KODEX_200,69500
403,404,20200211,89.89,403,27840,28199,27840,28028,8138088,KODEX_200,69500
404,405,20200212,86.27,404,27988,28299,27910,28257,7146485,KODEX_200,69500
405,406,20200213,82.62,405,28318,28483,28109,28186,8282722,KODEX_200,69500
406,407,20200214,78.84,406,28134,28465,27998,28361,8310240,KODEX_200,69500
407,408,20200217,77.83,407,28309,28455,28189,28337,5363989,KODEX_200,69500
408,409,20200218,74.21,408,28124,28189,27840,27890,8983359,KODEX_200,69500
409,410,20200219,74.66,409,28031,28086,27674,27941,8034671,KODEX_200,69500
410,411,20200220,73.6,410,28114,28199,27623,27796,6380016,KODEX_200,69500
411,412,20200221,65.91,411,27401,27642,27328,27396,9814189,KODEX_200,69500
412,413,20200224,62.15,412,26929,26929,26342,26365,14058459,KODEX_200,69500
413,414,20200225,72.72,413,26347,26660,26227,26659,14009022,KODEX_200,69500
414,415,20200226,68.2,414,26263,26425,26073,26270,10976014,KODEX_200,69500
415,416,20200227,68.67,415,26254,26337,25901,25996,14049442,KODEX_200,69500
416,417,20200228,66.57,416,25610,25699,25103,25157,23310320,KODEX_200,69500
417,418,20200302,71.21,417,25278,25546,24957,25399,15413179,KODEX_200,69500
418,419,20200303,70.02,418,25962,26022,25384,25517,10139023,KODEX_200,69500
419,420,20200304,74.04,419,25309,26128,25309,26094,6769886,KODEX_200,69500
420,421,20200305,73.72,420,26245,26440,26017,26325,8244113,KODEX_200,69500
421,422,20200306,69.66,421,25971,26076,25667,25798,10733917,KODEX_200,69500
422,423,20200309,63.26,422,24976,25089,24539,24709,15389488,KODEX_200,69500
423,424,20200310,59.51,423,24663,24921,24509,24849,24442780,KODEX_200,69500
424,425,20200311,54.43,424,24800,24856,24001,24107,20293117,KODEX_200,69500
425,426,20200312,50.92,425,23922,23970,22849,23298,29669129,KODEX_200,69500
426,427,20200313,46.72,426,21486,23169,21330,22697,36506291,KODEX_200,69500
427,428,20200316,44.44,427,22849,23099,21803,21874,43412659,KODEX_200,69500
428,429,20200317,45.07,428,21068,22029,20902,21386,51077344,KODEX_200,69500
429,430,20200318,42.41,429,21386,21549,20200,20210,30582194,KODEX_200,69500
430,431,20200319,40.24,430,20659,20804,18448,18727,63583025,KODEX_200,69500
431,432,20200320,48.71,431,19264,20161,18853,20168,43247660,KODEX_200,69500
432,433,20200323,48.93,432,18714,19444,18675,18985,24282759,KODEX_200,69500
433,434,20200324,50.71,433,19518,20739,19237,20745,20583551,KODEX_200,69500
434,435,20200325,58.67,434,21359,21977,21072,21935,38225200,KODEX_200,69500
435,436,20200326,66.93,435,21917,22247,21167,21508,17858231,KODEX_200,69500
436,437,20200327,77.67,436,22415,22524,21285,22027,19774764,KODEX_200,69500
437,438,20200330,78.38,437,21330,22117,21196,21898,17108953,KODEX_200,69500
438,439,20200331,81.41,438,22029,22331,21867,22284,12758039,KODEX_200,69500
439,440,20200401,73.47,439,22081,22336,21233,21242,20269377,KODEX_200,69500
440,441,20200402,73.34,440,21345,21889,21050,21893,16080325,KODEX_200,69500
441,442,20200403,80.45,441,21932,22076,21567,21837,16017187,KODEX_200,69500
442,443,20200406,96.87,442,22047,22736,22024,22707,14617583,KODEX_200,69500
443,444,20200407,105.87,443,23043,23302,22660,23064,14203300,KODEX_200,69500
444,445,20200408,116.73,444,22936,23234,22717,22725,14862389,KODEX_200,69500
445,446,20200409,137.43,445,23118,23154,22835,23087,21708897,KODEX_200,69500
446,447,20200410,153.36,446,23034,23307,22960,23281,13096908,KODEX_200,69500
447,448,20200413,154.35,447,23205,23205,22867,22883,31477293,KODEX_200,69500
448,449,20200414,175.45,448,23071,23399,22991,23281,20500198,KODEX_200,69500
449,450,20200416,193.0,449,23029,23316,22894,23281,11225997,KODEX_200,69500
450,451,20200417,234.35,450,23752,24178,23729,23988,15555908,KODEX_200,69500
451,452,20200420,217.15,451,23950,24034,23630,23701,11776672,KODEX_200,69500
452,453,20200421,221.7,452,23579,23677,23043,23438,20997391,KODEX_200,69500
453,454,20200422,200.14,453,23118,23729,22991,23642,22434660,KODEX_200,69500
454,455,20200423,191.76,454,23783,24005,23638,23874,17902110,KODEX_200,69500
455,456,20200424,168.49,455,23729,23778,23404,23517,6122599,KODEX_200,69500
456,457,20200427,171.4,456,23592,24069,23556,23983,6563470,KODEX_200,69500
457,458,20200428,167.18,457,24067,24209,23827,24129,9448770,KODEX_200,69500
458,459,20200429,159.87,458,24152,24447,24081,24290,10546130,KODEX_200,69500
459,460,20200504,160.86,459,23812,23873,23512,23551,17270662,KODEX_200,69500
460,461,20200506,160.89,460,23985,23985,23629,23988,10436112,KODEX_200,69500
461,462,20200507,162.01,461,23893,24101,23808,23933,8818587,KODEX_200,69500
462,463,20200508,153.96,462,24086,24305,24086,24139,6743921,KODEX_200,69500
463,464,20200511,139.9,463,24191,24344,23927,23966,6209015,KODEX_200,69500
464,465,20200512,129.81,464,23990,24011,23582,23795,13401163,KODEX_200,69500
465,466,20200513,122.02,465,23512,24064,23480,24067,9359183,KODEX_200,69500
466,467,20200514,115.1,466,23841,23908,23672,23814,7276737,KODEX_200,69500
467,468,20200515,124.21,467,24006,24006,23691,23872,8855432,KODEX_200,69500
468,469,20200518,114.96,468,23990,24096,23780,24025,8972653,KODEX_200,69500
469,470,20200519,120.55,469,24557,24697,24472,24646,6921835,KODEX_200,69500
470,471,20200520,116.37,470,24543,24768,24524,24704,8295082,KODEX_200,69500
471,472,20200521,115.32,471,24848,24889,24735,24813,7812514,KODEX_200,69500
472,473,20200522,116.02,472,24805,24838,24278,24393,9272139,KODEX_200,69500
473,474,20200525,118.6,473,24519,24697,24344,24699,8365912,KODEX_200,69500
474,475,20200526,118.48,474,24730,25140,24717,25143,9089544,KODEX_200,69500
475,476,20200527,127.86,475,25022,25286,24974,25158,10288167,KODEX_200,69500
476,477,20200528,111.76,476,25337,25498,24933,25235,11969250,KODEX_200,69500
477,478,20200529,108.85,477,25066,25346,24942,25188,8531073,KODEX_200,69500
478,479,20200601,112.05,478,25242,25681,25242,25686,8116416,KODEX_200,69500
479,480,20200602,121.58,479,25681,25992,25619,25954,9526996,KODEX_200,69500
480,481,20200603,116.22,480,26175,27061,26175,26904,9825266,KODEX_200,69500
481,482,20200604,112.42,481,27242,27539,26839,26938,14481079,KODEX_200,69500
482,483,20200605,112.08,482,26867,27412,26786,27389,13132909,KODEX_200,69500
483,484,20200608,115.66,483,27747,27871,27252,27351,13663566,KODEX_200,69500
484,485,20200609,121.05,484,27547,27732,27071,27365,8600805,KODEX_200,69500
485,486,20200610,118.51,485,27351,27557,27242,27451,6331399,KODEX_200,69500
486,487,20200611,118.06,486,27228,27450,26701,27000,11702165,KODEX_200,69500
487,488,20200612,108.83,487,26024,26508,25930,26448,15411749,KODEX_200,69500
488,489,20200615,99.25,488,26146,26358,25111,25118,21089369,KODEX_200,69500
489,490,20200616,103.91,489,25762,26653,25729,26661,14536025,KODEX_200,69500
490,491,20200617,98.99,490,26593,26772,26141,26586,13763765,KODEX_200,69500
491,492,20200618,100.06,491,26461,26617,26293,26509,8993858,KODEX_200,69500
492,493,20200619,107.0,492,26758,26786,26151,26604,11133926,KODEX_200,69500
493,494,20200622,100.07,493,26358,26639,26322,26415,7691287,KODEX_200,69500
494,495,20200623,91.09,494,26626,26852,26222,26486,14463005,KODEX_200,69500
495,496,20200624,91.99,495,26608,27066,26598,26918,10676262,KODEX_200,69500
496,497,20200625,91.2,496,26512,26688,26237,26241,17775887,KODEX_200,69500
497,498,20200626,92.41,497,26489,26734,26339,26609,18887431,KODEX_200,69500
498,499,20200629,80.77,498,26273,26517,26079,26181,12353080,KODEX_200,69500
499,500,20200630,79.82,499,26551,26739,26400,26407,9381557,KODEX_200,69500
500,501,20200701,77.01,500,26696,26725,26339,26419,7509797,KODEX_200,69500
501,502,20200702,82.16,501,26489,26749,26470,26753,5575219,KODEX_200,69500
502,503,20200703,81.06,502,26852,26983,26711,26975,6346154,KODEX_200,69500
503,504,20200706,83.53,503,27025,27445,26983,27389,9542564,KODEX_200,69500
504,505,20200707,81.49,504,27539,27618,27035,27061,8543360,KODEX_200,69500
505,506,20200708,83.76,505,27053,27178,26901,26980,8876254,KODEX_200,69500
506,507,20200709,88.12,506,27111,27304,27071,27107,8504050,KODEX_200,69500
507,508,20200710,88.89,507,27153,27173,26715,26844,8027844,KODEX_200,69500
508,509,20200713,101.86,508,27116,27374,27015,27356,6509365,KODEX_200,69500
509,510,20200714,90.88,509,27158,27309,27045,27313,7484492,KODEX_200,69500
510,511,20200715,95.2,510,27604,27779,27440,27587,8793092,KODEX_200,69500
511,512,20200716,92.7,511,27581,27594,27199,27286,8168085,KODEX_200,69500
512,513,20200717,93.92,512,27319,27529,27314,27493,7842111,KODEX_200,69500
513,514,20200720,96.69,513,27566,27608,27242,27426,6644891,KODEX_200,69500
514,515,20200721,103.82,514,27670,27929,27642,27827,8273884,KODEX_200,69500
515,516,20200722,101.53,515,27810,27919,27670,27722,8366172,KODEX_200,69500
516,517,20200723,104.59,516,27729,27729,27364,27560,8149225,KODEX_200,69500
517,518,20200724,100.29,517,27323,27576,27280,27407,5628911,KODEX_200,69500
518,519,20200727,111.31,518,27356,27820,27343,27671,6712496,KODEX_200,69500
519,520,20200728,104.9,519,27862,28393,27862,28249,6997926,KODEX_200,69500
520,521,20200729,106.87,520,28245,28574,28221,28397,8226164,KODEX_200,69500
521,522,20200730,100.32,521,28504,28646,28417,28436,6796983,KODEX_200,69500
522,523,20200731,94.3,522,28545,28659,28156,28205,7471277,KODEX_200,69500
523,524,20200803,88.83,523,28208,28282,28023,28205,6132841,KODEX_200,69500
524,525,20200804,97.96,524,28370,28650,28366,28547,6953333,KODEX_200,69500
525,526,20200805,96.61,525,28621,28857,28522,28858,7396702,KODEX_200,69500
526,527,20200806,98.71,526,28948,29474,28948,29315,10332406,KODEX_200,69500
527,528,20200807,103.55,527,29398,29583,29176,29437,8613694,KODEX_200,69500
528,529,20200810,101.88,528,29380,29929,29347,29873,9505198,KODEX_200,69500
529,530,20200811,106.21,529,29942,30413,29886,30254,9464898,KODEX_200,69500
530,531,20200812,102.58,530,30136,30413,29904,30416,9644282,KODEX_200,69500
531,532,20200813,104.46,531,30724,30742,30081,30402,10183139,KODEX_200,69500
532,533,20200814,100.61,532,30356,30394,29810,30083,10242975,KODEX_200,69500
533,534,20200818,93.14,533,30184,30312,29365,29461,8115356,KODEX_200,69500
534,535,20200819,95.39,534,29663,29862,29522,29566,8725464,KODEX_200,69500
535,536,20200820,87.14,535,29314,29450,28374,28426,10209669,KODEX_200,69500
536,537,20200821,94.65,536,28748,29191,28555,28853,9085360,KODEX_200,69500
537,538,20200824,99.55,537,28918,29220,28607,29173,9949942,KODEX_200,69500
538,539,20200825,104.48,538,29380,29602,29247,29556,8993276,KODEX_200,69500
539,540,20200826,103.94,539,29522,29673,29176,29561,8185816,KODEX_200,69500
540,541,20200827,96.77,540,29620,29667,29288,29296,7794143,KODEX_200,69500
541,542,20200828,100.98,541,29498,29775,29280,29452,7861169,KODEX_200,69500
542,543,20200831,106.35,542,29663,29790,28969,28976,9243751,KODEX_200,69500
543,544,20200901,112.47,543,29026,29304,28974,29202,7951582,KODEX_200,69500
544,545,20200902,110.42,544,29393,29484,29061,29353,8022226,KODEX_200,69500
545,546,20200903,112.01,545,29625,29899,29606,29796,8978270,KODEX_200,69500
546,547,20200904,103.96,546,29031,29423,29014,29381,8368929,KODEX_200,69500
547,548,20200907,110.14,547,29375,29597,29261,29513,10884473,KODEX_200,69500
548,549,20200908,104.35,548,29756,29886,29633,29888,12603366,KODEX_200,69500
549,550,20200909,97.19,549,29527,29733,29464,29523,10717618,KODEX_200,69500
550,551,20200910,101.82,550,29800,29929,29709,29805,9274862,KODEX_200,69500
551,552,20200911,101.27,551,29658,29810,29479,29787,10824991,KODEX_200,69500
552,553,20200914,108.87,552,30043,30228,29979,30188,8091510,KODEX_200,69500
553,554,20200915,118.99,553,30279,30446,30156,30420,11329639,KODEX_200,69500
554,555,20200916,109.33,554,30394,30512,30275,30337,10916621,KODEX_200,69500
555,556,20200917,113.29,555,30265,30299,29828,29888,12863871,KODEX_200,69500
556,557,20200918,108.24,556,30012,30072,29800,29988,9529406,KODEX_200,69500
557,558,20200921,100.36,557,29947,30208,29648,29733,8895737,KODEX_200,69500
558,559,20200922,84.84,558,29678,29738,28908,29041,18621053,KODEX_200,69500
559,560,20200923,86.33,559,29215,29289,28575,29149,21092899,KODEX_200,69500
560,561,20200924,84.42,560,28771,28877,28456,28476,21957837,KODEX_200,69500
561,562,20200925,83.28,561,28669,28730,28461,28603,12471228,KODEX_200,69500
562,563,20200928,88.2,562,28876,29089,28763,29022,7103502,KODEX_200,69500
563,564,20200929,90.26,563,29308,29392,29154,29296,12045361,KODEX_200,69500
564,565,20201005,91.22,564,29275,29718,29224,29616,10122028,KODEX_200,69500
565,566,20201006,90.58,565,29728,29881,29583,29681,9291219,KODEX_200,69500
566,567,20201007,97.59,566,29493,29979,29450,29968,7202118,KODEX_200,69500
567,568,20201008,95.3,567,30170,30228,29881,29978,9097031,KODEX_200,69500
568,569,20201012,99.91,568,30166,30203,30007,30102,8529840,KODEX_200,69500
569,570,20201013,102.25,569,30275,30312,29896,30127,10749603,KODEX_200,69500
570,571,20201014,93.29,570,30151,30170,29765,29829,9670484,KODEX_200,69500
571,572,20201015,89.16,571,29770,29800,29469,29606,7524262,KODEX_200,69500
572,573,20201016,81.07,572,29673,29738,29229,29432,9322047,KODEX_200,69500
573,574,20201019,81.69,573,29522,29728,29474,29498,9915757,KODEX_200,69500
574,575,20201020,82.07,574,29365,29699,29257,29706,9726162,KODEX_200,69500
575,576,20201021,91.8,575,29751,29881,29653,29800,9126935,KODEX_200,69500
576,577,20201022,89.41,576,29628,29643,29418,29597,9194425,KODEX_200,69500
577,578,20201023,95.45,577,29714,29800,29474,29706,7923023,KODEX_200,69500
578,579,20201026,96.52,578,29790,29896,29616,29648,9048248,KODEX_200,69500
579,580,20201027,94.0,579,29432,29611,29322,29395,8233635,KODEX_200,69500
580,581,20201028,109.67,580,29280,29550,29191,29551,5844193,KODEX_200,69500
581,582,20201029,101.73,581,29176,29266,28912,29244,10393112,KODEX_200,69500
582,583,20201030,87.63,582,29128,29142,28445,28452,21130265,KODEX_200,69500
583,584,20201102,88.03,583,28512,28907,28483,28886,8788239,KODEX_200,69500
584,585,20201103,89.15,584,28999,29489,28994,29461,7285170,KODEX_200,69500
585,586,20201104,89.55,585,29654,29806,29403,29645,15472411,KODEX_200,69500
586,587,20201105,93.92,586,29824,30314,29762,30297,9386421,KODEX_200,69500
587,588,20201106,89.08,587,30410,30597,30281,30372,11701236,KODEX_200,69500
588,589,20201109,93.98,588,30659,30980,30640,30753,9891093,KODEX_200,69500
589,590,20201110,98.89,589,30896,30896,30532,30748,13401671,KODEX_200,69500
590,591,20201111,107.36,590,30856,31292,30830,31244,10703562,KODEX_200,69500
591,592,20201112,111.82,591,31225,31274,30992,31095,13811093,KODEX_200,69500
592,593,20201113,113.86,592,30971,31424,30937,31419,9375848,KODEX_200,69500
593,594,20201116,117.02,593,31622,32171,31541,32089,10064233,KODEX_200,69500
594,595,20201117,116.83,594,32166,32283,31990,32080,11757039,KODEX_200,69500
595,596,20201118,112.26,595,32089,32229,31970,32048,8221743,KODEX_200,69500
596,597,20201119,112.36,596,31914,32094,31831,32089,7750161,KODEX_200,69500
597,598,20201120,115.89,597,32017,32224,31942,32120,7735877,KODEX_200,69500
598,599,20201123,128.68,598,32233,32890,32142,32858,9485325,KODEX_200,69500
599,600,20201124,136.81,599,32972,33230,32864,33037,12127003,KODEX_200,69500
600,601,20201125,121.5,600,33244,33355,32671,32846,11690996,KODEX_200,69500
601,602,20201126,127.24,601,32824,33167,32741,33170,8695015,KODEX_200,69500
602,603,20201127,140.2,602,33167,33288,33057,33246,10145126,KODEX_200,69500
603,604,20201130,128.79,603,33345,33477,32737,32740,15899014,KODEX_200,69500
604,605,20201201,124.31,604,32939,33350,32930,33260,5735133,KODEX_200,69500
605,606,20201202,125.17,605,33416,33884,33372,33840,8387513,KODEX_200,69500
606,607,20201203,115.42,606,33950,34112,33812,34081,12884506,KODEX_200,69500
607,608,20201204,115.47,607,34207,34889,34199,34690,11781589,KODEX_200,69500
608,609,20201207,103.84,608,34978,35029,34461,34880,19792900,KODEX_200,69500
609,610,20201208,97.38,609,34841,34859,34317,34322,13952156,KODEX_200,69500
610,611,20201209,99.55,610,34524,35110,34484,35115,14036628,KODEX_200,69500
611,612,20201210,99.65,611,34712,35148,34521,34836,12439002,KODEX_200,69500
612,613,20201211,107.55,612,35057,35299,35034,35139,11056693,KODEX_200,69500
613,614,20201214,100.38,613,35157,35326,34955,35001,14501970,KODEX_200,69500
614,615,20201215,99.57,614,35015,35062,34646,35001,14590090,KODEX_200,69500
615,616,20201216,100.86,615,35271,35360,35044,35149,8136369,KODEX_200,69500
616,617,20201217,102.01,616,35167,35177,34747,35115,8656470,KODEX_200,69500
617,618,20201218,100.41,617,35196,35220,34973,35068,8006198,KODEX_200,69500
618,619,20201221,97.8,618,35115,35134,34675,35112,14854263,KODEX_200,69500
619,620,20201222,87.74,619,34973,35057,34533,34539,13877353,KODEX_200,69500
620,621,20201223,91.05,620,34712,35072,34418,35030,16750523,KODEX_200,69500
621,622,20201224,95.38,621,35090,35852,35090,35727,10644013,KODEX_200,69500
622,623,20201228,91.27,622,35949,36215,35762,35908,10428968,KODEX_200,69500
623,624,20201229,95.5,623,36239,36544,35808,36517,17403917,KODEX_200,69500
624,625,20201230,97.94,624,36356,37365,36281,37286,13493346,KODEX_200,69500
625,626,20210104,97.88,625,37360,38333,37192,38269,12908817,KODEX_200,69500
626,627,20210105,102.14,626,38062,38840,37943,38842,9668635,KODEX_200,69500
627,628,20210106,104.21,627,38952,39338,38314,38466,16125486,KODEX_200,69500
628,629,20210107,112.55,628,38895,39679,38876,39362,9272139,KODEX_200,69500
629,630,20210108,115.27,629,39872,41324,39749,41103,12205340,KODEX_200,69500
630,631,20210111,102.26,630,41528,42822,40519,41208,24479876,KODEX_200,69500
631,632,20210112,101.41,631,40991,41270,39759,40887,27008931,KODEX_200,69500
632,633,20210113,101.36,632,40925,41429,40598,41117,12700769,KODEX_200,69500
633,634,20210114,107.51,633,40906,41367,40812,41066,9631593,KODEX_200,69500
634,635,20210115,106.08,634,41278,41703,40146,40165,12619079,KODEX_200,69500
635,636,20210118,96.43,635,39730,40107,39125,39231,12669857,KODEX_200,69500
636,637,20210119,105.34,636,39439,40537,39254,40262,10329922,KODEX_200,69500
637,638,20210120,105.82,637,40972,41053,40061,40497,11314233,KODEX_200,69500
638,639,20210121,110.22,638,40868,41142,40593,41089,9627190,KODEX_200,69500
639,640,20210122,118.23,639,41222,41463,40798,40802,13817466,KODEX_200,69500
640,641,20210125,125.12,640,40967,41831,40835,41779,6764190,KODEX_200,69500
641,642,20210126,114.47,641,41681,41712,40449,40642,11237521,KODEX_200,69500
642,643,20210127,113.52,642,40934,41344,40373,40506,9301381,KODEX_200,69500
643,644,20210128,102.69,643,39834,40298,39526,39758,11465734,KODEX_200,69500
644,645,20210129,89.0,644,40212,40274,38657,38864,14108573,KODEX_200,69500
645,646,20210201,87.18,645,38742,39849,38463,39834,11318429,KODEX_200,69500
646,647,20210202,89.52,646,40255,41012,39999,40425,13248148,KODEX_200,69500
647,648,20210203,93.55,647,40751,41017,40236,40761,10874481,KODEX_200,69500
648,649,20210204,86.56,648,40660,40660,39806,40080,19183938,KODEX_200,69500
649,650,20210205,89.31,649,40313,40660,40051,40589,14023596,KODEX_200,69500
650,651,20210208,94.67,650,40543,40717,40136,40193,7821514,KODEX_200,69500
651,652,20210209,93.68,651,40476,40770,40051,40057,8715059,KODEX_200,69500
652,653,20210210,90.83,652,40183,40439,39778,40334,6905909,KODEX_200,69500
653,654,20210215,91.82,653,40921,41115,40770,40925,6987803,KODEX_200,69500
654,655,20210216,97.5,654,41082,41455,40897,41104,9039484,KODEX_200,69500
655,656,20210217,104.39,655,40874,40888,40383,40660,18549981,KODEX_200,69500
656,657,20210218,92.45,656,40586,40751,40051,40080,9355514,KODEX_200,69500
657,658,20210219,87.58,657,40103,40449,39424,40430,10293894,KODEX_200,69500
658,659,20210222,82.0,658,40684,40879,39961,40004,9013559,KODEX_200,69500
659,660,20210223,80.27,659,39735,40270,39433,39961,8183509,KODEX_200,69500
660,661,20210224,69.7,660,39923,40332,39072,39111,11014162,KODEX_200,69500
661,662,20210225,80.35,661,39698,40556,39651,40533,9373838,KODEX_200,69500
662,663,20210226,77.49,662,39651,39683,39049,39413,10896202,KODEX_200,69500
663,664,20210302,85.25,663,40354,40556,39531,39852,9101774,KODEX_200,69500
664,665,20210303,99.06,664,39754,40303,39616,40296,6499197,KODEX_200,69500
665,666,20210304,97.41,665,39778,40098,39489,39780,7171758,KODEX_200,69500
666,667,20210305,89.16,666,39187,39693,38966,39569,10966498,KODEX_200,69500
667,668,20210308,83.62,667,39923,39923,39111,39196,8779281,KODEX_200,69500
668,669,20210309,83.03,668,39201,39253,38331,38951,12588195,KODEX_200,69500
669,670,20210310,78.26,669,39460,39460,38625,38728,8663854,KODEX_200,69500
670,671,20210311,83.46,670,38879,39626,38866,39517,6791150,KODEX_200,69500
671,672,20210312,90.28,671,39928,40080,39703,39867,7357888,KODEX_200,69500
672,673,20210315,91.54,672,39905,39984,39626,39673,8989999,KODEX_200,69500
673,674,20210316,91.46,673,39858,40098,39774,40004,5900002,KODEX_200,69500
674,675,20210317,90.15,674,40008,40023,39433,39687,8602640,KODEX_200,69500
675,676,20210318,92.01,675,39989,40364,39970,39975,9196165,KODEX_200,69500
676,677,20210319,95.29,676,39419,39759,39352,39556,9817188,KODEX_200,69500
677,678,20210322,97.34,677,39713,39778,39323,39623,6714152,KODEX_200,69500
678,679,20210323,94.39,678,39858,39942,39201,39248,7032194,KODEX_200,69500
679,680,20210324,97.41,679,38994,39231,38756,39068,6001850,KODEX_200,69500
680,681,20210325,107.79,680,38961,39494,38941,39238,10349651,KODEX_200,69500
681,682,20210326,101.97,681,39390,39646,39286,39603,7020940,KODEX_200,69500
682,683,20210329,109.59,682,39735,39744,39376,39531,6790525,KODEX_200,69500
683,684,20210330,110.98,683,39631,40117,39631,39975,5396198,KODEX_200,69500
684,685,20210331,106.47,684,40075,40345,39853,39867,7657911,KODEX_200,69500
685,686,20210401,108.32,685,40146,40303,39984,40230,5525336,KODEX_200,69500
686,687,20210402,110.91,686,40556,40813,40533,40680,5663217,KODEX_200,69500
687,688,20210405,116.53,687,40822,40879,40520,40761,5488525,KODEX_200,69500
688,689,20210406,120.53,688,40992,41017,40594,40815,5197138,KODEX_200,69500
689,690,20210407,129.36,689,40888,41054,40761,40916,5404229,KODEX_200,69500
690,691,20210408,124.22,690,40849,40963,40693,40877,5635532,KODEX_200,69500
691,692,20210409,119.51,691,40907,41082,40581,40684,7604986,KODEX_200,69500
692,693,20210412,117.69,692,40822,40874,40586,40684,6233056,KODEX_200,69500
693,694,20210413,115.41,693,40689,41284,40675,41147,4959631,KODEX_200,69500
694,695,20210414,117.61,694,41257,41479,41086,41431,7070807,KODEX_200,69500
695,696,20210415,113.89,695,41355,41705,41317,41469,7071010,KODEX_200,69500
696,697,20210416,117.82,696,41602,41617,41307,41446,6269672,KODEX_200,69500
697,698,20210419,119.66,697,41441,41692,41321,41441,5403905,KODEX_200,69500
698,699,20210420,133.56,698,41350,41739,41350,41699,5771527,KODEX_200,69500
699,700,20210421,128.29,699,41426,41489,40817,40953,12283995,KODEX_200,69500
700,701,20210422,128.22,700,41125,41284,40968,41016,6615134,KODEX_200,69500
701,702,20210423,124.41,701,40794,41153,40561,41039,4444096,KODEX_200,69500
702,703,20210426,127.15,702,41143,41418,41105,41412,4977494,KODEX_200,69500
703,704,20210427,124.05,703,41445,41492,41275,41460,4970048,KODEX_200,69500
704,705,20210428,115.34,704,41408,41413,40935,41020,4112541,KODEX_200,69500
705,706,20210429,114.05,705,41160,41289,40796,40880,5388951,KODEX_200,69500
706,707,20210430,112.41,706,40815,40939,40440,40597,5209393,KODEX_200,69500
707,708,20210503,108.21,707,40549,40915,40287,40338,5306554,KODEX_200,69500
708,709,20210504,108.18,708,40378,40675,40244,40679,4591741,KODEX_200,69500
709,710,20210506,112.24,709,40506,40933,40459,40918,4250154,KODEX_200,69500
710,711,20210507,116.02,710,40978,41307,40920,41183,4961571,KODEX_200,69500
711,712,20210510,119.79,711,41405,41971,41317,41875,5595649,KODEX_200,69500
712,713,20210511,118.14,712,41567,41640,40978,41139,5601054,KODEX_200,69500
713,714,20210512,109.53,713,41155,41155,40166,40458,7309071,KODEX_200,69500
714,715,20210513,102.77,714,39917,40397,39812,39993,6699351,KODEX_200,69500
715,716,20210514,105.89,715,40142,40503,40094,40367,7326616,KODEX_200,69500
716,717,20210517,99.62,716,40593,40608,39963,40194,5438905,KODEX_200,69500
717,718,20210518,102.31,717,40317,40728,40317,40669,4572996,KODEX_200,69500
718,719,20210520,94.91,718,40354,40641,40268,40540,4392005,KODEX_200,69500
719,720,20210521,93.15,719,40762,41112,40435,40520,8591529,KODEX_200,69500
720,721,20210524,87.94,720,40474,40636,40302,40405,6362168,KODEX_200,69500
721,722,20210525,92.02,721,40608,40843,40512,40791,6048379,KODEX_200,69500
722,723,20210526,91.64,722,40838,40953,40621,40709,5422079,KODEX_200,69500
723,724,20210527,92.93,723,40733,40781,40345,40636,13728327,KODEX_200,69500
724,725,20210528,102.46,724,40752,41040,40679,40885,5433373,KODEX_200,69500
725,726,20210531,105.58,725,41012,41040,40723,41044,4811323,KODEX_200,69500
726,727,20210601,111.94,726,41040,41499,40982,41279,5518611,KODEX_200,69500
727,728,20210602,116.34,727,41284,41519,41200,41246,5047233,KODEX_200,69500
728,729,20210603,116.86,728,41317,41797,41317,41630,4954603,KODEX_200,69500
729,730,20210604,107.93,729,41463,41554,41200,41471,5494633,KODEX_200,69500
730,731,20210607,102.3,730,41707,41822,41337,41620,4425145,KODEX_200,69500
731,732,20210608,95.42,731,41617,41750,41477,41537,2959004,KODEX_200,69500
732,733,20210609,92.02,732,41443,41494,41064,41068,3603718,KODEX_200,69500
733,734,20210610,97.75,733,41092,41327,41026,41207,5075148,KODEX_200,69500
734,735,20210611,104.76,734,41317,41592,41312,41510,4561351,KODEX_200,69500
735,736,20210614,102.29,735,41544,41544,41342,41490,3226658,KODEX_200,69500
736,737,20210615,105.47,736,41514,41645,41438,41587,3202214,KODEX_200,69500
737,738,20210616,104.28,737,41529,41895,41519,41841,3830021,KODEX_200,69500
738,739,20210617,104.46,738,41607,41675,41428,41601,5622083,KODEX_200,69500
739,740,20210618,109.55,739,41694,41832,41607,41725,3834050,KODEX_200,69500
740,741,20210621,107.64,740,41293,41463,41136,41323,5803364,KODEX_200,69500
741,742,20210622,106.6,741,41544,41660,41499,41605,4653014,KODEX_200,69500
742,743,20210623,100.47,742,41745,41885,41636,41821,4567551,KODEX_200,69500
743,744,20210624,99.05,743,41885,42091,41880,41978,3284765,KODEX_200,69500
744,745,20210625,98.53,744,42145,42397,42115,42191,4309709,KODEX_200,69500
745,746,20210628,99.71,745,42244,42288,42038,42147,3660281,KODEX_200,69500
746,747,20210629,93.44,746,42168,42192,41851,41983,4104186,KODEX_200,69500
747,748,20210630,92.12,747,42081,42249,42043,42133,3388246,KODEX_200,69500
748,749,20210701,89.64,748,42148,42148,41822,41890,4469463,KODEX_200,69500
749,750,20210702,90.14,749,41870,42053,41827,41836,3580477,KODEX_200,69500
750,751,20210705,89.69,750,42010,42145,41952,42032,2890737,KODEX_200,69500
751,752,20210706,92.08,751,42145,42326,42130,42224,4176827,KODEX_200,69500
752,753,20210707,90.19,752,42076,42076,41851,41961,3976320,KODEX_200,69500
753,754,20210708,83.41,753,42005,42110,41519,41524,5427207,KODEX_200,69500
754,755,20210709,76.12,754,41117,41317,40738,41081,8635095,KODEX_200,69500
755,756,20210712,81.61,755,41327,41519,41327,41453,4093567,KODEX_200,69500
756,757,20210713,86.46,756,41636,41812,41636,41802,3807412,KODEX_200,69500
757,758,20210714,82.7,757,41655,41716,41487,41658,3598067,KODEX_200,69500
758,759,20210715,86.44,758,41774,41962,41636,41941,2959921,KODEX_200,69500
759,760,20210716,85.9,759,41750,41807,41602,41763,3768289,KODEX_200,69500
760,761,20210719,86.56,760,41400,41419,41204,41294,4203191,KODEX_200,69500
761,762,20210720,78.73,761,40987,41204,40944,41159,4047481,KODEX_200,69500
762,763,20210721,79.14,762,41410,41410,40910,40947,5194764,KODEX_200,69500
763,764,20210722,81.36,763,41185,41539,41185,41457,3838702,KODEX_200,69500
764,765,20210723,79.58,764,41519,41655,41405,41532,5608797,KODEX_200,69500
765,766,20210726,73.0,765,41660,41660,41084,41086,3909894,KODEX_200,69500
766,767,20210727,77.45,766,41297,41458,41151,41154,3768779,KODEX_200,69500
767,768,20210728,73.91,767,41079,41337,40934,41279,3846266,KODEX_200,69500
768,769,20210729,77.79,768,41396,41478,41195,41337,4161241,KODEX_200,69500
769,770,20210730,74.48,769,41160,41175,40796,40831,5271247,KODEX_200,69500
770,771,20210802,73.71,770,41021,41088,40718,41025,5896023,KODEX_200,69500
771,772,20210803,69.92,771,40968,41381,40939,41385,4821638,KODEX_200,69500
772,773,20210804,79.11,772,41488,42006,41416,41966,7258721,KODEX_200,69500
773,774,20210805,87.79,773,41953,42127,41813,41891,5347377,KODEX_200,69500
774,775,20210806,92.91,774,41881,41977,41593,41691,3888635,KODEX_200,69500
775,776,20210809,82.68,775,41505,41661,41356,41500,4133107,KODEX_200,69500
776,777,20210810,74.47,776,41637,41637,41088,41232,3545380,KODEX_200,69500
777,778,20210811,73.74,777,41117,41247,40834,40860,4799242,KODEX_200,69500
778,779,20210812,71.47,778,40847,40934,40554,40698,4687765,KODEX_200,69500
779,780,20210813,67.93,779,40598,40626,39839,40010,7382723,KODEX_200,69500
780,781,20210817,66.56,780,40045,40146,39488,39560,6153130,KODEX_200,69500
781,782,20210818,74.43,781,39569,39948,39358,39755,5003228,KODEX_200,69500
782,783,20210819,70.04,782,39446,39690,38960,38963,7032972,KODEX_200,69500
783,784,20210820,62.01,783,39113,39277,38421,38583,8748571,KODEX_200,69500
784,785,20210823,66.76,784,38845,39234,38691,38929,5628605,KODEX_200,69500
785,786,20210824,77.52,785,39249,39690,39249,39670,4413122,KODEX_200,69500
786,787,20210825,77.95,786,39772,39987,39522,39793,3975704,KODEX_200,69500
787,788,20210826,79.79,787,39854,39972,39426,39496,3921798,KODEX_200,69500
788,789,20210827,80.84,788,39348,39627,39176,39473,5277739,KODEX_200,69500
789,790,20210830,87.78,789,39864,39939,39468,39568,4390544,KODEX_200,69500
790,791,20210831,91.28,790,39597,40349,39406,40352,4957540,KODEX_200,69500
791,792,20210901,98.56,791,40301,40521,40122,40409,4767870,KODEX_200,69500
792,793,20210902,91.21,792,40325,40400,39906,40039,6232543,KODEX_200,69500
793,794,20210903,91.26,793,40160,40382,40045,40298,4680412,KODEX_200,69500
794,796,20210906,99.88,794,40340,40482,40204,40438,4632792,KODEX_200,69500
795,797,20210907,104.37,795,40400,40414,40050,40198,3737145,KODEX_200,69500
796,798,20210908,104.5,796,40050,40175,39777,39847,4400563,KODEX_200,69500
797,799,20210909,99.8,797,39720,39757,39108,39140,4390254,KODEX_200,69500
798,800,20210910,109.67,798,39210,39416,39084,39323,5058719,KODEX_200,69500
799,801,20210913,114.64,799,39176,39534,39118,39410,4700396,KODEX_200,69500
800,802,20210914,113.61,800,39554,39892,39554,39660,5442931,KODEX_200,69500
801,803,20210915,121.74,801,39666,39864,39493,39716,4788743,KODEX_200,69500
802,804,20210916,129.89,802,39873,39873,39286,39371,5841061,KODEX_200,69500
803,805,20210917,118.06,803,39230,39534,39088,39473,4507140,KODEX_200,69500
804,806,20210923,100.98,804,39230,39507,39157,39410,5662199,KODEX_200,69500
805,807,20210924,96.13,805,39594,39662,39315,39371,6519524,KODEX_200,69500
806,808,20210927,99.05,806,39373,39685,39286,39501,4953337,KODEX_200,69500
807,809,20210928,89.73,807,39468,39468,38979,38987,5627508,KODEX_200,69500
808,810,20210929,82.32,808,38512,38671,38119,38472,10993385,KODEX_200,69500
809,811,20210930,82.93,809,38398,38723,38252,38630,6860108,KODEX_200,69500
810,812,20211001,73.75,810,38411,38503,37878,37910,4982535,KODEX_200,69500
811,813,20211005,70.4,811,37561,37713,37037,37348,9299767,KODEX_200,69500
812,814,20211006,63.48,812,37538,37728,36767,36772,8213041,KODEX_200,69500
813,815,20211007,67.67,813,37095,37476,37086,37387,5218058,KODEX_200,69500
814,816,20211008,68.41,814,37548,37566,37249,37305,4558676,KODEX_200,69500
815,817,20211012,66.83,815,37187,37215,36508,36665,5572444,KODEX_200,69500
816,818,20211013,73.31,816,36634,37162,36581,37035,4415417,KODEX_200,69500
817,819,20211014,82.88,817,37244,37519,37239,37501,4545294,KODEX_200,69500
818,820,20211015,84.98,818,37758,37989,37733,37886,3871674,KODEX_200,69500
819,821,20211018,87.68,819,37926,37956,37504,37766,3644813,KODEX_200,69500
820,822,20211019,84.81,820,38033,38147,37893,38083,4029589,KODEX_200,69500
821,823,20211020,85.06,821,38228,38340,37912,37915,3991001,KODEX_200,69500
822,824,20211021,84.61,822,37961,38091,37796,37849,4065800,KODEX_200,69500
823,825,20211022,83.26,823,37796,38033,37718,37882,2883478,KODEX_200,69500
824,826,20211025,91.31,824,37781,38133,37574,38078,3694733,KODEX_200,69500
825,827,20211026,95.96,825,38286,38499,38179,38434,3745330,KODEX_200,69500
826,828,20211027,90.48,826,38310,38374,37975,38112,2984714,KODEX_200,69500
827,829,20211028,91.16,827,38081,38268,37989,38005,3659431,KODEX_200,69500
828,830,20211029,91.23,828,38161,38170,37309,37394,5688871,KODEX_200,69500
829,831,20211101,87.49,829,37703,37728,37508,37548,4339071,KODEX_200,69500
830,832,20211102,99.62,830,37748,38346,37748,38049,3569007,KODEX_200,69500
831,833,20211103,99.66,831,38195,38195,37411,37510,4612269,KODEX_200,69500
832,834,20211104,104.12,832,37863,38086,37651,37723,5776676,KODEX_200,69500
833,835,20211105,91.93,833,37998,38062,37338,37558,5763187,KODEX_200,69500
834,836,20211108,92.47,834,37627,37646,37131,37510,5271074,KODEX_200,69500
835,837,20211109,92.86,835,37518,37893,37397,37606,4739788,KODEX_200,69500
836,838,20211110,80.2,836,37392,37613,37155,37207,4935644,KODEX_200,69500
837,839,20211111,70.93,837,36954,37199,36857,37202,4438144,KODEX_200,69500
838,840,20211112,72.5,838,37450,37733,37299,37596,3639277,KODEX_200,69500
839,841,20211115,76.12,839,37848,38101,37781,38029,5473909,KODEX_200,69500
840,842,20211116,73.38,840,38013,38185,37811,37962,4597694,KODEX_200,69500
841,843,20211117,70.1,841,38033,38037,37435,37485,4356109,KODEX_200,69500
842,844,20211118,69.39,842,37329,37552,37238,37331,4683122,KODEX_200,69500
843,845,20211119,71.72,843,37430,37661,37266,37606,4421429,KODEX_200,69500
844,846,20211122,68.54,844,37805,38503,37790,38477,5232898,KODEX_200,69500
845,847,20211123,65.0,845,38412,38460,38086,38141,5198935,KODEX_200,69500
846,848,20211124,67.3,846,38248,38436,37863,38064,5978557,KODEX_200,69500
847,849,20211125,67.61,847,38086,38086,37713,37785,4064674,KODEX_200,69500
848,850,20211126,65.72,848,37608,37786,37025,37091,5253472,KODEX_200,69500
849,851,20211129,61.09,849,36708,37088,36603,36797,5393048,KODEX_200,69500
850,852,20211130,52.11,850,37117,37194,35727,36051,7854985,KODEX_200,69500
851,853,20211201,60.18,851,36160,36987,36053,36918,5463882,KODEX_200,69500
852,854,20211202,67.12,852,36675,37518,36588,37500,5674559,KODEX_200,69500
853,855,20211203,75.97,853,37372,37888,37204,37785,6514565,KODEX_200,69500
854,856,20211206,76.61,854,37656,38023,37324,37858,10157402,KODEX_200,69500
855,857,20211207,81.57,855,37893,38200,37651,38171,5213939,KODEX_200,69500
856,858,20211208,87.01,856,38500,38793,38214,38339,7313055,KODEX_200,69500
857,859,20211209,96.32,857,38287,38591,38263,38454,7616988,KODEX_200,69500
858,860,20211210,89.42,858,38316,38422,38156,38243,2930099,KODEX_200,69500
859,861,20211213,84.03,859,38427,38874,38229,38271,4887688,KODEX_200,69500
860,862,20211214,83.57,860,38042,38243,37888,38054,5196949,KODEX_200,69500
861,863,20211215,87.2,861,37883,38076,37801,38064,3784077,KODEX_200,69500
862,864,20211216,90.71,862,38370,38460,38042,38285,5253626,KODEX_200,69500
863,865,20211217,92.18,863,38052,38409,37936,38382,3823252,KODEX_200,69500
864,866,20211220,86.5,864,38185,38185,37603,37674,4809897,KODEX_200,69500
865,867,20211221,87.75,865,37868,38101,37713,37962,5442506,KODEX_200,69500
866,868,20211222,90.14,866,38175,38346,38037,38166,5024402,KODEX_200,69500
867,869,20211223,95.84,867,38370,38389,38148,38353,4902727,KODEX_200,69500
868,870,20211224,108.5,868,38500,38793,38490,38636,4822248,KODEX_200,69500
869,871,20211227,119.11,869,38648,38663,38409,38410,3875335,KODEX_200,69500
870,872,20211228,134.49,870,38563,38721,38278,38724,5254510,KODEX_200,69500
871,873,20211229,124.47,871,38721,38884,38586,38636,4474679,KODEX_200,69500
872,874,20211230,114.29,872,38663,38769,38321,38401,4010934,KODEX_200,69500
873,875,20220103,106.24,873,38573,38855,38356,38492,5112052,KODEX_200,69500
874,876,20220104,105.53,874,38591,38591,38253,38468,4888762,KODEX_200,69500
875,877,20220105,98.88,875,38379,38431,37713,37920,9150982,KODEX_200,69500
876,878,20220106,95.62,876,37656,38003,37498,37538,10788775,KODEX_200,69500
877,879,20220107,95.32,877,37776,38091,37700,38010,3822132,KODEX_200,69500
878,880,20220110,91.39,878,37966,37989,37445,37723,5171186,KODEX_200,69500
879,881,20220111,87.26,879,37776,37989,37608,37833,4463333,KODEX_200,69500
880,882,20220112,96.72,880,38086,38460,38071,38454,4488822,KODEX_200,69500
881,883,20220113,98.59,881,38500,38553,38214,38257,4338421,KODEX_200,69500
882,884,20220114,93.58,882,37951,38023,37593,37664,4396179,KODEX_200,69500
883,885,20220117,85.74,883,37661,37700,37175,37390,6064880,KODEX_200,69500
884,886,20220118,86.87,884,37503,37556,36992,37101,5957932,KODEX_200,69500
885,887,20220119,82.86,885,36842,37204,36713,36832,6012373,KODEX_200,69500
886,888,20220120,86.88,886,36832,37044,36693,37048,4801113,KODEX_200,69500
887,889,20220121,82.18,887,36693,36770,36386,36629,9501847,KODEX_200,69500
888,890,20220124,72.29,888,36520,36636,36068,36214,10663529,KODEX_200,69500
889,891,20220125,65.46,889,36121,36150,35143,35333,11807550,KODEX_200,69500
890,892,20220126,64.83,890,35451,35644,35187,35223,6113620,KODEX_200,69500
891,893,20220127,58.97,891,35308,35356,34057,34061,10828012,KODEX_200,69500
892,894,20220128,65.84,892,34240,35196,33957,34971,11555885,KODEX_200,69500
893,895,20220203,70.98,893,35573,35886,35308,35309,7117146,KODEX_200,69500
894,896,20220204,75.1,894,35403,35781,35313,35771,5825137,KODEX_200,69500
895,897,20220207,77.89,895,35698,35771,35070,35406,7376375,KODEX_200,69500
896,898,20220208,79.75,896,35683,35848,35216,35474,5111004,KODEX_200,69500
897,899,20220209,81.55,897,35791,35972,35698,35967,5029029,KODEX_200,69500
898,900,20220210,83.97,898,36180,36340,36021,36265,4834597,KODEX_200,69500
899,901,20220211,83.85,899,35933,36180,35756,35927,4996328,KODEX_200,69500
900,902,20220214,72.56,900,35568,35723,35187,35445,5681743,KODEX_200,69500
901,903,20220215,68.57,901,35548,35583,35055,35227,5529102,KODEX_200,69500
902,904,20220216,79.08,902,35610,35890,35596,35864,4385043,KODEX_200,69500
903,905,20220217,85.37,903,35972,36407,35703,36096,8460159,KODEX_200,69500
904,906,20220218,95.12,904,35713,36055,35601,35962,5658919,KODEX_200,69500
905,907,20220221,99.45,905,35528,35982,35240,35986,4144441,KODEX_200,69500
906,908,20220222,86.62,906,35413,35606,35221,35465,5278390,KODEX_200,69500
907,909,20220223,95.55,907,35713,35791,35398,35589,4831276,KODEX_200,69500
908,910,20220224,96.0,908,35152,35211,34550,34659,10846433,KODEX_200,69500
909,911,20220225,112.17,909,34980,35240,34873,35049,8480304,KODEX_200,69500
910,912,20220228,115.81,910,34820,35313,34738,35314,6785312,KODEX_200,69500
911,913,20220302,133.3,911,35331,35423,35128,35170,5261459,KODEX_200,69500
912,914,20220303,129.04,912,35495,35863,35452,35840,4231663,KODEX_200,69500
913,915,20220304,117.03,913,35703,35731,35128,35285,8074015,KODEX_200,69500
914,916,20220307,101.19,914,34728,34753,34274,34494,15512025,KODEX_200,69500
915,917,20220308,93.74,915,34057,34420,33923,34046,6602642,KODEX_200,69500
916,918,20220310,102.09,916,34728,34893,34637,34749,3536938,KODEX_200,69500
917,919,20220311,98.37,917,34645,34758,34435,34620,10352153,KODEX_200,69500
918,920,20220314,95.42,918,34577,34767,34420,34557,8976949,KODEX_200,69500
919,921,20220315,98.52,919,34444,34501,34144,34259,13699372,KODEX_200,69500
920,922,20220316,114.15,920,34612,34820,34357,34769,6073677,KODEX_200,69500
921,923,20220317,126.28,921,35351,35558,35284,35294,8581932,KODEX_200,69500
922,924,20220318,118.86,922,35196,35389,35119,35372,4532313,KODEX_200,69500
923,925,20220321,118.45,923,35548,35548,34970,35011,5769061,KODEX_200,69500
924,926,20220322,117.43,924,35008,35355,34984,35329,4689890,KODEX_200,69500
925,927,20220323,121.05,925,35524,35781,35442,35637,6343067,KODEX_200,69500
926,928,20220324,132.96,926,35389,35480,35196,35474,5959615,KODEX_200,69500
927,929,20220325,123.11,927,35625,35630,35255,35329,4495850,KODEX_200,69500
928,930,20220328,133.56,928,35211,35447,35017,35353,4255368,KODEX_200,69500
929,931,20220329,126.48,929,35533,35688,35403,35537,4380198,KODEX_200,69500
930,932,20220330,120.59,930,35771,35886,35587,35662,4535456,KODEX_200,69500
931,933,20220331,119.9,931,35635,35914,35583,35771,4667567,KODEX_200,69500
932,934,20220401,111.23,932,35620,35625,35323,35497,4226752,KODEX_200,69500
933,935,20220404,117.79,933,35428,35698,35264,35667,4815887,KODEX_200,69500
934,936,20220405,126.74,934,35804,35848,35538,35632,4654471,KODEX_200,69500
935,937,20220406,131.01,935,35403,35460,35240,35265,5425026,KODEX_200,69500
936,938,20220407,115.98,936,35099,35099,34723,34803,10608787,KODEX_200,69500
937,939,20220408,112.49,937,34873,34917,34637,34826,6603269,KODEX_200,69500
938,940,20220411,116.93,938,34690,34960,34564,34826,9302553,KODEX_200,69500
939,941,20220412,115.05,939,34582,34718,34362,34499,9992254,KODEX_200,69500
940,942,20220413,114.27,940,34592,35182,34550,35156,7077639,KODEX_200,69500
941,943,20220414,112.8,941,35143,35143,34840,34957,7702288,KODEX_200,69500
942,944,20220415,109.68,942,34728,34728,34469,34543,6735392,KODEX_200,69500
943,945,20220418,108.99,943,34430,34680,34313,34572,5719380,KODEX_200,69500
944,946,20220419,109.44,944,34710,35055,34700,34976,3136854,KODEX_200,69500
945,947,20220420,109.02,945,34984,35027,34685,34948,2910429,KODEX_200,69500
946,948,20220421,108.06,946,35055,35294,35032,35103,5925212,KODEX_200,69500
947,949,20220422,107.08,947,34785,34820,34573,34716,5379206,KODEX_200,69500
948,950,20220425,99.64,948,34338,34435,34144,34162,6973813,KODEX_200,69500
949,951,20220426,101.34,949,34299,34454,34245,34307,2984110,KODEX_200,69500
950,952,20220427,95.77,950,33840,33937,33619,33900,4581684,KODEX_200,69500
951,953,20220428,93.14,951,34105,34246,33835,34239,6774114,KODEX_200,69500
952,954,20220429,97.59,952,34261,34780,34148,34752,6403994,KODEX_200,69500
953,955,20220502,93.7,953,34349,34677,34349,34621,5961767,KODEX_200,69500
954,956,20220503,92.55,954,34623,34883,34535,34537,6118306,KODEX_200,69500
955,957,20220504,92.42,955,34692,34809,34491,34621,5682164,KODEX_200,69500
956,958,20220506,93.34,956,34261,34261,34042,34141,6213486,KODEX_200,69500
957,959,20220509,85.28,957,34002,34163,33766,33818,7320373,KODEX_200,69500
958,960,20220510,82.25,958,33562,33707,33131,33642,8087018,KODEX_200,69500
959,961,20220511,84.93,959,33464,33683,33375,33637,6691875,KODEX_200,69500
960,962,20220512,73.56,960,33292,33562,33063,33083,7266389,KODEX_200,69500
961,963,20220513,76.82,961,33282,33905,33262,33867,5377276,KODEX_200,69500
962,964,20220516,78.85,962,34105,34178,33659,33735,7537593,KODEX_200,69500
963,965,20220517,80.26,963,33786,34105,33781,34063,4086643,KODEX_200,69500
964,966,20220518,75.48,964,34241,34394,34027,34126,6515438,KODEX_200,69500
965,967,20220519,68.41,965,33395,33712,33331,33637,6186911,KODEX_200,69500
966,968,20220520,71.93,966,33776,34275,33747,34239,4763617,KODEX_200,69500
967,969,20220523,73.07,967,34384,34473,34168,34350,6004117,KODEX_200,69500
968,970,20220524,73.15,968,34202,34280,33712,33716,5534718,KODEX_200,69500
969,971,20220525,72.18,969,33919,34080,33692,33857,6882374,KODEX_200,69500
970,972,20220526,76.26,970,33855,34198,33620,33745,6924810,KODEX_200,69500
971,973,20220527,79.1,971,34090,34236,34046,34101,6013937,KODEX_200,69500
972,974,20220530,81.81,972,34473,34583,34320,34547,5501759,KODEX_200,69500
973,975,20220531,84.17,973,34486,34746,34325,34684,5605041,KODEX_200,69500
974,976,20220602,83.27,974,34486,34520,34231,34308,6087606,KODEX_200,69500
975,977,20220603,88.19,975,34598,34672,34414,34498,6406995,KODEX_200,69500
976,978,20220607,86.77,976,34330,34349,33786,33857,3848768,KODEX_200,69500
977,979,20220608,93.09,977,33880,34100,33850,33930,3783922,KODEX_200,69500
978,980,20220609,93.42,978,33810,33952,33672,33827,4777080,KODEX_200,69500
979,981,20220610,91.04,979,33562,33607,33341,33480,4483698,KODEX_200,69500
980,982,20220613,89.34,980,32793,32890,32295,32296,9640105,KODEX_200,69500
981,983,20220614,78.26,981,31717,32250,31717,32168,12460790,KODEX_200,69500
982,984,20220615,69.9,982,32103,32162,31395,31597,10770221,KODEX_200,69500
983,985,20220616,68.55,983,31995,32227,31530,31577,9386695,KODEX_200,69500
984,986,20220617,67.83,984,31001,31418,30895,31341,7450609,KODEX_200,69500
985,987,20220620,66.64,985,31550,31736,30595,30837,9804437,KODEX_200,69500
986,988,20220621,66.99,986,31001,31252,30068,31014,7690393,KODEX_200,69500
987,989,20220622,61.44,987,31124,31124,30229,30231,10423182,KODEX_200,69500
988,990,20220623,60.36,988,30209,30494,29857,29986,13429810,KODEX_200,69500
989,991,20220624,65.87,989,30140,30738,30043,30618,10679796,KODEX_200,69500
990,992,20220627,72.55,990,30845,31247,30565,31009,8759591,KODEX_200,69500
991,993,20220628,71.73,991,31046,31247,30885,31248,6893570,KODEX_200,69500
992,994,20220629,65.76,992,30880,30978,30694,30726,6312192,KODEX_200,69500
993,995,20220630,60.03,993,30610,30610,30209,30217,8113505,KODEX_200,69500
994,996,20220701,58.63,994,30386,30509,29685,29907,6377035,KODEX_200,69500
995,997,20220704,54.04,995,29916,30092,29618,29917,9126949,KODEX_200,69500
996,998,20220705,63.11,996,30194,30499,30058,30392,7403082,KODEX_200,69500
997,999,20220706,60.24,997,30150,30263,29677,29703,9315268,KODEX_200,69500
998,1000,20220707,67.02,998,29936,30480,29872,30299,6893606,KODEX_200,69500
999,1001,20220708,72.6,999,30519,30763,30465,30465,9029488,KODEX_200,69500
1000,1002,20220711,77.42,1000,30533,30654,30263,30296,6713793,KODEX_200,69500
1001,1003,20220712,76.44,1001,30170,30239,29842,30006,5672658,KODEX_200,69500
1002,1004,20220713,85.45,1002,30077,30366,30004,30162,6989634,KODEX_200,69500
1003,1005,20220714,85.68,1003,29936,30273,29847,30055,6025169,KODEX_200,69500
1004,1006,20220715,84.84,1004,30239,30273,29685,30236,7413197,KODEX_200,69500
1005,1007,20220718,100.15,1005,30538,30939,30494,30906,7350346,KODEX_200,69500
1006,1008,20220719,97.89,1006,30782,30827,30620,30803,4788070,KODEX_200,69500
1007,1009,20220720,112.7,1007,31301,31380,30973,31033,6958705,KODEX_200,69500
1008,1010,20220721,127.47,1008,31075,31390,31041,31371,5671887,KODEX_200,69500
1009,1011,20220722,113.51,1009,31301,31501,31134,31176,6379183,KODEX_200,69500
1010,1012,20220725,104.14,1010,31070,31446,31046,31297,5058052,KODEX_200,69500
1011,1013,20220726,101.15,1011,31188,31427,31129,31410,2331236,KODEX_200,69500
1012,1014,20220727,105.14,1012,31400,31423,31188,31420,2146515,KODEX_200,69500
1013,1015,20220728,113.51,1013,31722,31846,31526,31626,7450876,KODEX_200,69500
1014,1016,20220729,125.52,1014,31874,32041,31654,31763,8555130,KODEX_200,69500
1015,1017,20220801,135.72,1015,31683,31889,31536,31749,6196156,KODEX_200,69500
1016,1018,20220802,119.32,1016,31713,31713,31477,31577,6443210,KODEX_200,69500
1017,1019,20220803,131.79,1017,31590,31796,31467,31798,5662607,KODEX_200,69500
1018,1020,20220804,124.34,1018,32007,32061,31841,31960,7600180,KODEX_200,69500
1019,1021,20220805,124.76,1019,32056,32267,32056,32170,6350344,KODEX_200,69500
1020,1022,20220808,129.19,1020,31948,32140,31924,32111,5532293,KODEX_200,69500
1021,1023,20220809,139.99,1021,32120,32262,31958,32214,6220110,KODEX_200,69500
1022,1024,20220810,131.4,1022,32041,32076,31806,31836,6521984,KODEX_200,69500
1023,1025,20220811,142.03,1023,32199,32365,32194,32367,7116587,KODEX_200,69500
1024,1026,20220812,153.6,1024,32330,32536,32330,32489,6537098,KODEX_200,69500
1025,1027,20220816,141.62,1025,32709,32742,32531,32572,6937965,KODEX_200,69500
1026,1028,20220817,129.92,1026,32630,32724,32365,32406,7219718,KODEX_200,69500
1027,1029,20220818,120.26,1027,32233,32350,32026,32283,7720122,KODEX_200,69500
1028,1030,20220819,111.63,1028,32315,32315,32056,32097,4607198,KODEX_200,69500
1029,1031,20220822,105.55,1029,31752,31851,31610,31680,5899360,KODEX_200,69500
1030,1032,20220823,99.4,1030,31457,31580,31247,31282,6273045,KODEX_200,69500
1031,1033,20220824,101.96,1031,31385,31492,31262,31410,5922351,KODEX_200,69500
1032,1034,20220825,106.88,1032,31531,31777,31497,31778,5512868,KODEX_200,69500
1033,1035,20220826,105.68,1033,31929,32056,31767,31798,5094580,KODEX_200,69500
1034,1036,20220829,91.96,1034,31036,31153,30968,31032,6890680,KODEX_200,69500
1035,1037,20220830,95.2,1035,31178,31385,31129,31371,4533054,KODEX_200,69500
1036,1038,20220831,102.5,1036,31080,31732,31031,31611,8047307,KODEX_200,69500
1037,1039,20220901,90.57,1037,31208,31232,30874,30895,13894828,KODEX_200,69500
1038,1040,20220902,87.55,1038,31026,31056,30599,30724,10453989,KODEX_200,69500
1039,1041,20220905,80.58,1039,30717,30996,30604,30724,7424200,KODEX_200,69500
1040,1042,20220906,83.93,1040,30796,30953,30624,30724,7671478,KODEX_200,69500
1041,1043,20220907,77.73,1041,30512,30512,30095,30278,9751568,KODEX_200,69500
1042,1044,20220908,81.84,1042,30487,30492,30257,30336,6531686,KODEX_200,69500
1043,1045,20220913,81.7,1043,30889,31370,30831,31292,5701576,KODEX_200,69500
1044,1046,20220914,74.02,1044,30394,30811,30325,30675,7979845,KODEX_200,69500
1045,1047,20220915,73.84,1045,30742,30786,30468,30503,7548689,KODEX_200,69500
1046,1048,20220916,73.09,1046,30212,30349,30123,30288,8302104,KODEX_200,69500
1047,1049,20220919,70.06,1047,30354,30413,30011,30072,6298607,KODEX_200,69500
1048,1050,20220920,76.82,1048,30280,30428,30128,30174,5312519,KODEX_200,69500
1049,1051,20220921,79.93,1049,29948,30050,29829,29895,7244764,KODEX_200,69500
1050,1052,20220922,81.8,1050,29535,29634,29374,29571,13271620,KODEX_200,69500
1051,1053,20220923,72.93,1051,29565,29619,29129,29208,9363501,KODEX_200,69500
1052,1054,20220926,61.67,1052,28834,28874,28432,28492,10707583,KODEX_200,69500
1053,1055,20220927,60.66,1053,28515,28570,28217,28547,8905929,KODEX_200,69500
1054,1056,20220928,60.7,1054,28217,28437,27618,27845,13042248,KODEX_200,69500
1055,1057,20220929,57.69,1055,28187,28372,27854,27855,8104604,KODEX_200,69500
1056,1058,20220930,54.34,1056,27746,28039,27481,27732,7775260,KODEX_200,69500
1057,1059,20221004,65.05,1057,28133,28471,28103,28404,4590418,KODEX_200,69500
1058,1060,20221005,63.72,1058,28897,28897,28295,28409,10903247,KODEX_200,69500
1059,1061,20221006,71.88,1059,28638,28869,28540,28723,12616504,KODEX_200,69500
1060,1062,20221007,67.99,1060,28412,28756,28349,28615,10522164,KODEX_200,69500
1061,1063,20221011,66.81,1061,28049,28054,27784,28032,11135470,KODEX_200,69500
1062,1064,20221012,65.16,1062,27976,28276,27956,28271,9855086,KODEX_200,69500
1063,1065,20221013,54.95,1063,28167,28187,27819,27820,11295598,KODEX_200,69500
1064,1066,20221014,64.67,1064,28226,28608,28226,28497,11103714,KODEX_200,69500
1065,1067,20221017,66.58,1065,28118,28560,28049,28517,7529481,KODEX_200,69500
1066,1068,20221018,76.6,1066,28932,28932,28540,28885,7108342,KODEX_200,69500
1067,1069,20221019,79.58,1067,28902,29065,28643,28649,8275725,KODEX_200,69500
1068,1070,20221020,72.67,1068,28486,28535,28207,28370,8712760,KODEX_200,69500
1069,1071,20221021,70.71,1069,28286,28598,28266,28429,6680380,KODEX_200,69500
1070,1072,20221024,76.27,1070,28874,28986,28603,28694,7758414,KODEX_200,69500
1071,1073,20221025,80.66,1071,28731,28942,28648,28738,6293005,KODEX_200,69500
1072,1074,20221026,85.67,1072,28727,29085,28682,28934,3885919,KODEX_200,69500
1073,1075,20221027,93.43,1073,29099,29476,29070,29439,8154626,KODEX_200,69500
1074,1076,20221028,99.75,1074,29222,29403,29049,29059,8594096,KODEX_200,69500
1075,1077,20221031,101.85,1075,29374,29561,29207,29493,6697736,KODEX_200,69500
1076,1078,20221101,111.58,1076,29571,29945,29527,29940,7612085,KODEX_200,69500
1077,1079,20221102,101.94,1077,29792,30019,29728,29887,6440058,KODEX_200,69500
1078,1080,20221103,103.5,1078,29384,29905,29265,29719,7000162,KODEX_200,69500
1079,1081,20221104,97.14,1079,29591,29979,29487,29980,7910096,KODEX_200,69500
1080,1082,20221107,102.81,1080,30073,30343,30004,30300,8227016,KODEX_200,69500
1081,1083,20221108,119.1,1081,30531,30801,30457,30738,9268945,KODEX_200,69500
1082,1084,20221109,123.94,1082,30880,31165,30806,31043,8902326,KODEX_200,69500
1083,1085,20221110,132.5,1083,30806,31027,30653,30655,9231232,KODEX_200,69500
1084,1086,20221111,130.8,1084,31633,31918,31598,31885,16470987,KODEX_200,69500
1085,1087,20221114,131.53,1085,31923,32007,31662,31683,11498890,KODEX_200,69500
1086,1088,20221115,125.54,1086,31776,31845,31559,31771,6984665,KODEX_200,69500
1087,1089,20221116,129.92,1087,31835,31835,31367,31712,9415984,KODEX_200,69500
1088,1090,20221117,128.58,1088,31544,31578,31254,31294,6644066,KODEX_200,69500
1089,1091,20221118,133.47,1089,31293,31598,31200,31225,7775914,KODEX_200,69500
1090,1092,20221121,121.05,1090,31298,31308,30880,30984,10785637,KODEX_200,69500
1091,1093,20221122,122.22,1091,30910,31057,30762,30763,7875240,KODEX_200,69500
1092,1094,20221123,133.82,1092,30984,31066,30850,30969,7591916,KODEX_200,69500
1093,1095,20221124,130.99,1093,31185,31274,31066,31259,11710743,KODEX_200,69500
1094,1096,20221125,134.18,1094,31279,31313,31121,31132,4617099,KODEX_200,69500
1095,1097,20221128,122.89,1095,30934,30944,30673,30753,6642266,KODEX_200,69500
1096,1098,20221129,121.55,1096,30737,31111,30668,31102,6671639,KODEX_200,69500
1097,1099,20221130,128.27,1097,30934,31569,30934,31570,4227477,KODEX_200,69500
1098,1100,20221201,138.84,1098,32021,32095,31702,31757,7698704,KODEX_200,69500
1099,1101,20221202,131.66,1099,31643,31643,31047,31048,8284191,KODEX_200,69500
1100,1102,20221205,125.39,1100,31155,31249,30860,30950,10012941,KODEX_200,69500
1101,1103,20221206,110.51,1101,30683,30875,30536,30556,5201137,KODEX_200,69500
1102,1104,20221207,103.92,1102,30447,30574,30363,30383,3179751,KODEX_200,69500
1103,1105,20221208,101.34,1103,30408,30447,30176,30383,7458655,KODEX_200,69500
1104,1106,20221209,97.87,1104,30536,30781,30417,30738,5402272,KODEX_200,69500
1105,1107,20221212,93.6,1105,30521,30609,30442,30546,5592191,KODEX_200,69500
1106,1108,20221213,90.02,1106,30707,30732,30412,30521,6168106,KODEX_200,69500
1107,1109,20221214,94.1,1107,30633,30900,30624,30866,5006966,KODEX_200,69500
1108,1110,20221215,96.24,1108,30678,30717,30353,30354,7349202,KODEX_200,69500
1109,1111,20221216,94.94,1109,29900,30250,29896,30212,5940910,KODEX_200,69500
1110,1112,20221219,97.07,1110,30136,30348,30093,30217,4293662,KODEX_200,69500
1111,1113,20221220,91.52,1111,30103,30205,29841,29965,5902141,KODEX_200,69500
1112,1114,20221221,88.19,1112,30146,30151,29856,29892,5815993,KODEX_200,69500
1113,1115,20221222,87.87,1113,30029,30279,29960,30281,4711597,KODEX_200,69500
1114,1116,20221223,80.59,1114,29940,30019,29703,29759,7289665,KODEX_200,69500
1115,1117,20221226,84.71,1115,29728,29836,29655,29803,6088549,KODEX_200,69500
1116,1118,20221227,84.68,1116,29930,30083,29876,30014,2959260,KODEX_200,69500
1117,1119,20221228,77.23,1117,29876,29915,29625,29660,7388701,KODEX_200,69500
1118,1120,20221229,67.87,1118,29497,29536,29128,29129,5600305,KODEX_200,69500
1119,1121,20230102,66.37,1119,29197,29359,28926,28957,5717622,KODEX_200,69500
1120,1122,20230103,65.27,1120,28990,29079,28414,28957,9409205,KODEX_200,69500
1121,1123,20230104,73.84,1121,28794,29635,28779,29567,8226510,KODEX_200,69500
1122,1124,20230105,77.02,1122,29733,29945,29571,29803,8272825,KODEX_200,69500
1123,1125,20230106,84.18,1123,29596,30279,29596,30123,7490659,KODEX_200,69500
1124,1126,20230109,87.49,1124,30457,30944,30408,30935,8066249,KODEX_200,69500
1125,1127,20230110,89.17,1125,30850,31175,30801,30974,7624633,KODEX_200,69500
1126,1128,20230111,93.11,1126,31111,31205,30880,31028,6123892,KODEX_200,69500
1127,1129,20230112,90.17,1127,31214,31249,30949,31117,5529541,KODEX_200,69500
1128,1130,20230113,94.74,1128,31195,31519,31185,31343,6358256,KODEX_200,69500
1129,1131,20230116,100.26,1129,31402,31726,31372,31595,6607260,KODEX_200,69500
1130,1132,20230117,99.06,1130,31574,31623,31298,31343,4760867,KODEX_200,69500
1131,1133,20230118,103.35,1131,31308,31377,30969,31142,5728515,KODEX_200,69500
1132,1134,20230119,103.13,1132,30974,31338,30974,31333,5735610,KODEX_200,69500
1133,1135,20230120,101.59,1133,31303,31549,31214,31540,6892810,KODEX_200,69500
1134,1136,20230125,112.74,1134,31982,32135,31938,32038,4506900,KODEX_200,69500
1135,1137,20230126,119.15,1135,32066,32514,31987,32481,3846659,KODEX_200,69500
1136,1138,20230127,116.67,1136,32548,32947,32420,32736,4179181,KODEX_200,69500
1137,1139,20230130,116.46,1137,32750,32839,32208,32218,7018416,KODEX_200,69500
1138,1140,20230131,128.11,1138,32218,32277,31680,31720,7918454,KODEX_200,69500
1139,1141,20230201,139.24,1139,31946,32144,31843,32065,6501304,KODEX_200,69500
1140,1142,20230202,148.23,1140,32504,32637,32154,32411,8943049,KODEX_200,69500
1141,1143,20230203,139.82,1141,32351,32632,32218,32544,5614456,KODEX_200,69500
1142,1144,20230206,136.92,1142,32252,32336,31803,31804,9381893,KODEX_200,69500
1143,1145,20230207,129.58,1143,31828,32099,31754,32001,5454036,KODEX_200,69500
1144,1146,20230208,123.66,1144,32203,32602,32198,32499,7634342,KODEX_200,69500
1145,1147,20230209,120.9,1145,32306,32523,32223,32396,6724103,KODEX_200,69500
1146,1148,20230210,111.63,1146,32193,32346,32080,32312,8139777,KODEX_200,69500
1147,1149,20230213,107.59,1147,32144,32232,31902,32120,10350814,KODEX_200,69500
1148,1150,20230214,106.57,1148,32380,32543,32252,32312,7059816,KODEX_200,69500
1149,1151,20230215,96.67,1149,32380,32385,31680,31700,11655210,KODEX_200,69500
1150,1152,20230216,106.29,1150,31912,32405,31892,32332,7174315,KODEX_200,69500
1151,1153,20230217,108.38,1151,31877,32326,31877,32046,7366245,KODEX_200,69500
1152,1154,20230220,109.95,1152,32080,32262,31764,32154,6171423,KODEX_200,69500
1153,1155,20230221,108.82,1153,32149,32237,31951,32110,5491609,KODEX_200,69500
1154,1156,20230222,99.22,1154,31724,31828,31537,31552,8664866,KODEX_200,69500
1155,1157,20230223,96.76,1155,31675,32075,31665,31952,12744901,KODEX_200,69500
1156,1158,20230224,89.2,1156,31892,32080,31646,31666,7030563,KODEX_200,69500
1157,1159,20230227,88.96,1157,31379,31394,31118,31385,11437156,KODEX_200,69500
1158,1160,20230228,89.07,1158,31498,31744,31384,31473,7912451,KODEX_200,69500
1159,1161,20230302,88.5,1159,31498,31833,31384,31552,10041154,KODEX_200,69500
1160,1162,20230303,85.68,1160,31724,31769,31483,31621,7244170,KODEX_200,69500
1161,1163,20230306,86.12,1161,31892,32080,31754,32065,9318451,KODEX_200,69500
1162,1164,20230307,87.05,1162,32015,32163,31897,31898,6124183,KODEX_200,69500
1163,1165,20230308,83.42,1163,31606,31621,31389,31444,11075842,KODEX_200,69500
1164,1166,20230309,79.79,1164,31567,31641,31345,31345,6819709,KODEX_200,69500
1165,1167,20230310,75.16,1165,30975,31103,30842,31005,8391825,KODEX_200,69500
1166,1168,20230313,74.53,1166,31147,31330,30782,31256,8814966,KODEX_200,69500
1167,1169,20230314,69.29,1167,30955,30965,30501,30526,12465248,KODEX_200,69500
1168,1170,20230315,72.76,1168,30837,31103,30758,30911,8577111,KODEX_200,69500
1169,1171,20230316,74.82,1169,30595,30886,30437,30798,8611519,KODEX_200,69500
1170,1172,20230317,74.75,1170,31147,31231,30930,31153,7077844,KODEX_200,69500
1171,1173,20230320,75.63,1171,31142,31295,30920,30926,5906068,KODEX_200,69500
1172,1174,20230321,73.32,1172,31098,31172,30935,31005,5744804,KODEX_200,69500
1173,1175,20230322,69.86,1173,31281,31404,31177,31394,6338607,KODEX_200,69500
1174,1176,20230323,71.19,1174,31162,31507,31128,31488,5533027,KODEX_200,69500
1175,1177,20230324,70.57,1175,31478,31522,31211,31380,7090329,KODEX_200,69500
1176,1178,20230327,72.16,1176,31483,31483,31078,31237,5698876,KODEX_200,69500
1177,1179,20230328,80.35,1177,31345,31601,31305,31602,5918206,KODEX_200,69500
1178,1180,20230329,81.28,1178,31542,31665,31453,31651,4092445,KODEX_200,69500
1179,1181,20230330,83.24,1179,31843,31991,31695,31873,7549044,KODEX_200,69500
1180,1182,20230331,83.4,1180,31986,32311,31937,32248,5214758,KODEX_200,69500
1181,1183,20230403,84.9,1181,32341,32341,32035,32085,5536134,KODEX_200,69500
1182,1184,20230404,88.32,1182,32114,32336,32070,32233,8098341,KODEX_200,69500
1183,1185,20230405,93.01,1183,32237,32449,32193,32415,6407716,KODEX_200,69500
1184,1186,20230406,88.62,1184,32277,32302,31823,31838,6821676,KODEX_200,69500
1185,1187,20230407,95.72,1185,32070,32440,32070,32381,6678160,KODEX_200,69500
1186,1188,20230410,95.12,1186,32361,32844,32321,32692,8223297,KODEX_200,69500
1187,1189,20230411,110.39,1187,32785,33204,32755,33121,5578064,KODEX_200,69500
1188,1190,20230412,108.56,1188,33086,33318,33041,33224,5168011,KODEX_200,69500
1189,1191,20230413,117.02,1189,33061,33323,32992,33289,6182441,KODEX_200,69500
1190,1192,20230414,115.71,1190,33490,33628,33303,33407,6684156,KODEX_200,69500
1191,1193,20230417,116.76,1191,33392,33461,33258,33417,5357990,KODEX_200,69500
1192,1194,20230418,113.67,1192,33441,33485,33160,33367,7393430,KODEX_200,69500
1193,1195,20230419,120.47,1193,33352,33520,33323,33392,5817155,KODEX_200,69500
1194,1196,20230420,120.9,1194,33278,33387,33170,33293,6320778,KODEX_200,69500
1195,1197,20230421,114.57,1195,33219,33283,33007,33126,4982093,KODEX_200,69500
1196,1198,20230424,111.32,1196,33017,33066,32874,32899,4989861,KODEX_200,69500
1197,1199,20230425,100.59,1197,32977,33022,32321,32485,3362951,KODEX_200,69500
1198,1200,20230426,95.35,1198,32459,32597,32385,32450,2554615,KODEX_200,69500
1199,1201,20230427,91.35,1199,32470,32580,32160,32560,6525733,KODEX_200,69500
1200,1202,20230428,90.31,1200,32735,32895,32490,32625,9407032,KODEX_200,69500
1201,1203,20230502,92.94,1201,32720,32980,32675,32980,6646106,KODEX_200,69500
1202,1204,20230503,87.0,1202,32725,32820,32620,32685,6572422,KODEX_200,69500
1203,1205,20230504,87.31,1203,32555,32650,32455,32560,7297380,KODEX_200,69500
1204,1206,20230508,95.39,1204,32920,33070,32875,32970,6547105,KODEX_200,69500
1205,1207,20230509,93.69,1205,32910,32925,32760,32870,4545144,KODEX_200,69500
1206,1208,20230510,97.7,1206,32860,32860,32535,32665,6417438,KODEX_200,69500
1207,1209,20230511,94.02,1207,32780,32895,32575,32575,5099307,KODEX_200,69500
1208,1210,20230512,85.8,1208,32455,32580,32355,32420,6233274,KODEX_200,69500
1209,1211,20230515,81.54,1209,32350,32510,32220,32510,6872961,KODEX_200,69500
1210,1212,20230516,76.01,1210,32720,32835,32535,32600,5661588,KODEX_200,69500
1211,1213,20230517,77.19,1211,32540,32805,32530,32705,4019257,KODEX_200,69500
1212,1214,20230518,82.47,1212,32905,33040,32815,33020,4944113,KODEX_200,69500
1213,1215,20230519,81.51,1213,33260,33505,33260,33485,5211634,KODEX_200,69500
1214,1216,20230522,89.53,1214,33485,33840,33425,33700,3957548,KODEX_200,69500
1215,1217,20230523,93.6,1215,33815,33920,33715,33800,5034538,KODEX_200,69500
1216,1218,20230524,98.32,1216,33600,33810,33590,33675,4566173,KODEX_200,69500
1217,1219,20230525,97.16,1217,33840,33865,33565,33645,5259621,KODEX_200,69500
1218,1220,20230526,94.44,1218,33700,33865,33635,33760,5966030,KODEX_200,69500
1219,1221,20230530,95.61,1219,34100,34225,34030,34215,4103040,KODEX_200,69500
1220,1222,20230531,93.14,1220,34170,34300,33970,33970,5638414,KODEX_200,69500
1221,1223,20230601,88.9,1221,33925,34020,33780,33860,4794356,KODEX_200,69500
1222,1224,20230602,94.32,1222,34080,34295,34050,34295,6094219,KODEX_200,69500
1223,1225,20230605,99.4,1223,34500,34515,34345,34395,4238342,KODEX_200,69500
1224,1226,20230607,96.16,1224,34495,34580,34320,34320,2843547,KODEX_200,69500
1225,1227,20230608,96.31,1225,34215,34300,34100,34275,3996672,KODEX_200,69500
1226,1228,20230609,98.5,1226,34450,34780,34340,34730,4790733,KODEX_200,69500
1227,1229,20230612,93.87,1227,34810,34855,34420,34505,6195794,KODEX_200,69500
1228,1230,20230613,97.54,1228,34705,34785,34575,34670,6870619,KODEX_200,69500
1229,1231,20230614,95.46,1229,34670,34710,34435,34500,6200984,KODEX_200,69500
1230,1232,20230615,94.09,1230,34585,34700,34340,34380,5777708,KODEX_200,69500
1231,1233,20230616,95.15,1231,34555,34575,34350,34545,5714938,KODEX_200,69500
1232,1234,20230619,92.53,1232,34445,34490,34260,34355,3673429,KODEX_200,69500
1233,1235,20230620,88.0,1233,34260,34340,34155,34295,4699219,KODEX_200,69500
1234,1236,20230621,79.53,1234,34230,34235,33960,33975,4799234,KODEX_200,69500
1235,1237,20230622,78.33,1235,33910,34180,33895,34060,3096561,KODEX_200,69500
1236,1238,20230623,74.05,1236,34195,34225,33855,33895,6266048,KODEX_200,69500
1237,1239,20230626,79.53,1237,33840,34100,33805,34065,3577737,KODEX_200,69500
1238,1240,20230627,84.07,1238,34000,34070,33885,34050,4294631,KODEX_200,69500
1239,1241,20230628,82.3,1239,34175,34175,33805,33865,5107857,KODEX_200,69500
1240,1242,20230629,79.33,1240,33965,34175,33860,33860,4378180,KODEX_200,69500
1241,1243,20230630,82.76,1241,33870,34050,33620,33960,5393824,KODEX_200,69500
1242,1244,20230703,82.82,1242,34085,34515,34085,34490,3845275,KODEX_200,69500
1243,1245,20230704,76.05,1243,34475,34525,34335,34355,6672043,KODEX_200,69500
1244,1246,20230705,72.89,1244,34300,34430,34030,34030,5141747,KODEX_200,69500
1245,1247,20230706,69.01,1245,34010,34020,33730,33770,4764556,KODEX_200,69500
1246,1248,20230707,64.84,1246,33575,33580,33185,33290,5853036,KODEX_200,69500
1247,1249,20230710,67.03,1247,33340,33505,33185,33235,4109417,KODEX_200,69500
