,20230531,20230601,20230602,20230605,20230607,20230608,20230609,20230612,20230613,20230614,20230615,20230616,20230619,20230620,20230621
0,-2.267303102625298,-0.2770083102493075,-2.0527859237536656,-9.321266968325792,0.5617977528089888,0.13360053440213762,-1.008249312557287,-4.584882280049566,0.5272407732864675,2.798232695139912,-0.7309941520467835,-0.5202913631633715,0.1278772378516624,0.6302521008403361,2.0771513353115725
1,0.410958904109589,-0.8612440191387559,-1.8413597733711047,-3.3585222502099077,5.175600739371535,0.42979942693409745,1.9021739130434785,-1.9138755980861244,2.48868778280543,-2.056555269922879,2.19256434699714,0.0,-1.7055655296229804,0.6681514476614699,1.634472511144131
2,0.5825242718446602,-0.3868471953578337,-3.5751840168243953,0.945179584120983,3.2577903682719547,-1.375,-3.591160220994475,-1.06951871657754,0.9918845807033363,0.6378454996456413,1.8300653594771243,-2.7027027027027026,0.0,1.308139534883721,-1.216089803554724
3,2.719033232628399,-1.1560693641618496,-3.5989717223650386,2.6798307475317347,1.4637391882900865,1.1363636363636365,-0.7936507936507936,1.0014306151645207,-0.28530670470756064,-0.6720430107526881,1.293103448275862,0.3597122302158274,1.906158357771261,-0.7293946024799417,5.695364238410596
4,-3.2380952380952377,-6.1365600691443385,0.0,-1.3574660633484164,2.0460358056265986,-2.137767220902613,0.0,2.785515320334262,1.1980267794221282,-0.9114583333333334,-0.8,0.130718954248366,-0.5235602094240838,-1.834862385321101,2.2309711286089238
5,-0.40705563093622793,-1.66270783847981,-0.4524886877828055,1.1154855643044619,1.5804597701149428,0.4524886877828055,2.2813688212927756,1.808066759388039,-0.13774104683195593,1.778242677824268,1.0526315789473684,1.9867549668874174,0.6587615283267457,-0.38961038961038963,-1.963350785340314
6,-1.942645698427382,-0.6069802731411229,-2.03527815468114,-0.9370816599732262,-0.7496251874062968,1.536983669548511,0.17574692442882248,2.949061662198391,0.5305039787798408,0.2849002849002849,0.46728971962616817,0.6587615283267457,-1.5659955257270695,1.342281879194631,0.0
7,-100.0,3.5900783289817233,-3.717472118959108,-1.1627906976744187,3.2537960954446854,0.0,-1.007838745800672,2.1628498727735366,3.664921465968586,1.8518518518518516,0.5257623554153523,-1.1627906976744187,-0.13157894736842105,-0.672645739910314,0.45045045045045046
8,1.0215664018161181,-0.995575221238938,-1.1655011655011656,-1.2690355329949239,-0.7092198581560284,8.208955223880597,-2.690582959641256,0.4524886877828055,0.11350737797956867,1.0736196319018405,-0.1724137931034483,-2.508551881413911,2.937853107344633,0.9925558312655087,1.7964071856287425
9,0.5434782608695652,3.0165912518853695,-1.597051597051597,0.5530973451327433,-1.2216404886561953,-0.36900369003690037,-0.5213764337851928,-1.545253863134658,0.7587253414264037,0.9505703422053232,0.6153846153846154,-1.6641452344931922,-0.12285012285012285,-0.4418262150220913,-0.34305317324185247
10,-0.7022471910112359,-1.0582010582010581,0.5555555555555556,2.2598870056497176,-3.8288288288288284,1.5822784810126582,2.835538752362949,-1.2048192771084338,-0.1724137931034483,5.794392523364486,-0.19047619047619047,-2.037037037037037,-2.6470588235294117,0.7017543859649122,4.227941176470589
11,4.105263157894737,0.9836065573770493,-2.6415094339622645,-0.2403846153846154,-10.23696682464455,1.4925373134328357,-0.1510574018126888,-0.931098696461825,1.509433962264151,0.1257071024512885,1.3257575757575757,1.147227533460803,-5.93368237347295,-4.599816007359705,-0.08756567425569177
12,-0.45731707317073167,0.9693053311793215,-0.1724137931034483,2.4185068349106205,-0.5586592178770949,0.12437810945273632,-1.289134438305709,-2.0554066130473636,-1.0554089709762533,3.5502958579881656,0.12562814070351758,0.24449877750611246,1.1594202898550725,1.549053356282272,1.7654476670870116
13,1.760268231349539,0.9251471825063078,-1.9169329073482428,-3.5076923076923077,2.364864864864865,2.6923076923076925,-2.2556390977443606,4.088586030664395,0.425531914893617,-1.902398676592225,1.5584415584415585,-0.9287925696594427,0.9009009009009009,3.4482758620689653,-0.43668122270742354
14,4.397705544933078,-0.44709388971684055,-1.6245487364620936,0.547945205479452,0.9316770186335404,-2.7216174183514776,-2.366504854368932,1.2269938650306749,0.9592326139088728,-2.2556390977443606,3.088803088803089,1.0498687664041995,-0.9146341463414633,1.9561815336463224,-0.9259259259259258
15,1.7625231910946195,0.825082508250825,-0.5663430420711975,0.0,-4.501915708812261,-1.5065913370998116,1.7485428809325563,-1.6704631738800304,2.0663744520976834,0.5967604433077579,-1.8867924528301887,-5.126182965299685,-0.920951650038373,0.14587892049598833,5.609284332688588
16,1.2345679012345678,0.4975124378109453,2.6694045174537986,0.23752969121140144,0.0,-2.231404958677686,1.5238095238095237,-0.08319467554076539,1.1583011583011582,1.5719467956469164,1.4723926380368098,-2.0599250936329585,1.7013232514177694,-2.742230347349177,1.3992537313432836
17,0.4464285714285714,-0.19710906701708278,-2.6119402985074625,-2.525252525252525,0.16806722689075632,1.854974704890388,-0.7619047619047619,0.5747126436781609,0.5054759898904801,-2.2298456260720414,1.6863406408094435,-1.364256480218281,1.4231499051233396,-0.5576208178438662,6.233062330623306
18,-0.9771986970684038,0.25,-0.5524861878453038,-2.4390243902439024,0.24449877750611246,-0.41265474552957354,-0.7468879668049793,-1.6483516483516485,-2.9177718832891246,6.379310344827586,1.9662921348314606,-1.630049610205528,1.5277777777777777,-8.035714285714286,-4.755244755244755
19,0.44150110375275936,0.6230529595015576,0.6355932203389831,2.192638997650744,-3.927492447129909,-1.3513513513513513,1.2465373961218837,-1.559792027729636,2.888368462138954,5.255878284923928,-3.7096774193548385,0.7168458781362007,0.6521739130434783,2.430555555555556,-1.5517241379310345
20,1.6770186335403725,-1.715686274509804,0.9389671361502347,0.5326231691078562,-1.4416775884665793,1.2102874432677762,0.4497751124437781,1.5105740181268883,-6.24113475177305,2.61136712749616,2.677165354330709,-2.90519877675841,2.5179856115107913,1.098901098901099,-5.5482166446499335
21,1.6528925619834711,-4.052684903748734,-1.6129032258064515,0.19607843137254902,1.4925373134328357,1.607717041800643,-19.67403958090803,25.219573400250937,0.911854103343465,7.755102040816326,-10.112359550561797,4.713804713804714,1.0752688172043012,-5.255681818181818,2.502606882168926
22,-1.2461059190031152,5.870020964360587,-5.158730158730158,-0.12239902080783352,3.006012024048096,0.8048289738430584,-0.4761904761904762,1.9417475728155338,-15.13859275053305,4.262877442273535,0.0,-1.7142857142857144,-0.16863406408094433,-1.103309929789368,2.4875621890547266
23,0.2074688796680498,1.1086474501108647,-1.1532125205930808,-3.322784810126582,1.9047619047619049,-1.684717208182912,-0.7014809041309431,0.5291005291005291,-0.16,1.6233766233766231,1.8907563025210083,-0.7194244604316548,2.178217821782178,-3.079416531604538,3.711790393013101
24,0.5924950625411455,-0.5471956224350205,-22.83653846153846,-1.455604075691412,1.1111111111111112,-0.7802340702210664,0.6036217303822937,-0.8016032064128256,0.0,2.4896265560165975,0.5263157894736842,2.1487603305785123,-0.16556291390728478,0.0,1.6260162601626018
25,0.43795620437956206,0.09285051067780872,-1.7114914425427872,0.46875,-1.3108614232209739,7.107107107107106,2.941176470588235,-0.26109660574412535,-0.2004008016032064,1.3157894736842104,0.8042895442359249,1.2526096033402923,0.41928721174004197,1.0652463382157125,4.481792717086835
26,1.1308562197092082,-0.5338078291814947,1.257445400397088,2.933673469387755,3.0373831775700935,0.0,1.9387755102040816,1.7500000000000002,-3.0,7.506702412868632,-1.4054054054054055,0.9283819628647214,-1.3175230566534915,0.0,1.615508885298869
27,1.3908205841446455,-0.8333333333333334,-2.122015915119363,7.482993197278912,0.7910349373764008,0.8830022075055187,0.26229508196721313,0.8281573498964804,0.0,3.8377192982456143,0.06635700066357,-0.7978723404255319,0.8032128514056224,-3.765690376569038,-1.8267929634641407
28,0.0,0.9146341463414633,0.11061946902654868,-0.4889975550122249,-1.021209740769835,3.163444639718805,1.1826544021024967,1.4540647719762063,0.3684210526315789,0.13218770654329146,0.9356725146198831,1.6483516483516485,-1.9417475728155338,1.5764222069910898,1.355421686746988
29,-0.8823529411764706,-0.7352941176470588,-0.7161125319693095,-0.7227332457293035,0.0,-0.3590664272890485,0.7272727272727273,-8.793103448275861,-0.8580858085808581,2.8968713789107765,-0.3714710252600297,0.7947019867549668,-0.5434782608695652,3.1088082901554404,0.11223344556677892
30,0.85995085995086,0.0,-3.385049365303244,1.849217638691323,-0.5673758865248227,-0.2062919030428056,0.9988901220865706,0.05173305742369374,-2.080624187256177,3.5897435897435894,-0.4071246819338422,-3.932584269662921,3.2675289312457454,-0.21645021645021645,1.1061946902654867
31,42.586750788643535,-0.4178272980501393,0.4195804195804196,-1.2413793103448276,0.5681818181818182,0.15037593984962408,1.9908116385911179,0.44493882091212456,-3.7128712871287126,2.6049204052098407,1.0218978102189782,-7.6923076923076925,-2.8077753779697625,1.4557670772676372,1.3966480446927374
32,0.0,-3.8561750911933297,-0.850546780072904,1.03359173126615,0.3968253968253968,-0.28368794326241137,-0.13192612137203166,0.2770083102493075,1.2387387387387387,-0.6746626686656672,4.864864864864865,0.8746355685131195,-0.88008800880088,-4.735376044568245,-0.554016620498615
33,4.6255506607929515,-1.7191977077363898,-1.9662921348314606,-0.11001100110011,-3.1704095112285335,1.2129380053908356,-0.6993006993006993,0.2656042496679947,3.1117397454031117,4.545454545454546,0.1579778830963665,2.0408163265306123,1.9174041297935103,4.583333333333333,-0.32733224222585927
34,-0.30816640986132515,-2.36734693877551,-3.314121037463977,-1.646090534979424,2.2556390977443606,0.9762900976290098,0.27972027972027974,1.0582010582010581,-4.40251572327044,0.631911532385466,0.28328611898017,2.258064516129032,-2.3904382470119523,1.6420361247947455,2.033271719038817
35,1.4166666666666665,0.9708737864077669,-0.6042296072507553,-0.5961251862891207,0.6906077348066298,3.2341526520051747,0.7761966364812419,0.7716049382716049,1.25,1.1299435028248588,1.478494623655914,0.4285714285714286,0.16051364365971107,1.0130246020260492,2.06794682422452
36,0.5263157894736842,4.579339723109691,-0.5263157894736842,3.415559772296015,0.25,1.664025356576862,-13.555555555555557,0.5649717514124294,-0.6983240223463687,2.666666666666667,-2.1551724137931036,0.13440860215053765,0.42979942693409745,1.1065006915629323,-3.2301480484522207
37,0.0,-1.3961605584642234,1.4311270125223614,2.4906600249066,-7.297297297297297,-3.6988110964332894,-1.056338028169014,1.710526315789474,-1.1703511053315996,3.0534351145038165,1.2589928057553956,-5.595116988809766,2.462380300957592,1.691542288557214,1.5105740181268883
38,-2.2175290390707496,-0.36101083032490977,-1.8835616438356164,2.631578947368421,-2.3746701846965697,2.13903743315508,1.7222820236813776,-3.52035203520352,-1.814300960512273,4.477611940298507,-0.5302226935312832,-0.7360672975814931,-4.137931034482759,0.12300123001230012,-1.6684045881126173
39,-0.10845986984815618,0.2949852507374631,-0.6696428571428571,0.0,1.0309278350515463,0.1594896331738437,0.6420545746388443,-3.089598352214212,0.8221993833504625,-3.374233128834356,0.0,-2.2189349112426036,0.0,3.229278794402583,1.1688311688311688
40,-0.594059405940594,-1.9607843137254901,-2.507836990595611,-0.5235602094240838,0.9424083769633508,0.3508771929824561,0.0,-2.177293934681182,3.04,4.021937842778794,-0.5514705882352942,-0.1834862385321101,-9.733333333333333,-3.6848792884371027,-1.4519056261343013
41,-2.2222222222222223,3.027027027027027,2.141057934508816,0.7407407407407408,-0.9633911368015413,0.26455026455026454,-1.3282732447817838,-0.3780718336483932,0.7092198581560284,2.5390625,0.0,0.0,-2.8520499108734403,2.7726432532347505,1.5625
42,1.2180267965895248,1.8018018018018018,-1.36986301369863,1.3071895424836601,0.0,-0.1937984496124031,-2.643171806167401,1.584507042253521,1.5296367112810707,6.407322654462242,6.265060240963856,-0.7177033492822966,-0.19193857965451055,0.38461538461538464,2.663438256658596
43,2.3872679045092835,3.9182282793867125,-5.921052631578947,-0.8488964346349746,1.2131715771230502,1.809954751131222,0.33726812816188867,0.2691790040376851,2.591792656587473,-1.361573373676248,-1.095890410958904,-1.8472906403940887,-4.772727272727273,2.5943396226415096,3.9473684210526314
44,0.4028197381671702,-1.992337164750958,-0.5934718100890208,3.215434083601286,-0.8791208791208791,-1.0084033613445378,3.005780346820809,-5.46218487394958,-0.5747126436781609,2.2093023255813953,2.599388379204893,-2.923976608187134,-0.9915014164305949,-0.2812939521800281,-1.3933547695605575
45,1.7877094972067038,-1.1152416356877324,0.0,-4.123711340206185,1.1574074074074074,-1.70261066969353,-0.2971768202080238,-0.33500837520938026,-6.769230769230769,3.8356164383561646,0.46511627906976744,-4.338624338624339,2.083333333333333,5.027322404371585,1.260835303388495
46,0.5455962587685114,-0.1984126984126984,-0.07358351729212656,-0.22172949002217296,2.5466893039049237,0.07451564828614009,2.7960526315789473,0.6976744186046512,-0.1798561151079137,-2.2167487684729066,1.1583011583011582,0.6187161639597835,0.23255813953488372,1.1709601873536302,-7.2592592592592595
47,-0.688298918387414,-0.3838771593090211,-1.203369434416366,-0.2952755905511811,1.4892032762472078,-7.84,-0.15278838808250572,-4.054054054054054,0.0,0.076103500761035,-0.6655574043261231,-1.1494252873563218,0.16181229773462785,-0.4878048780487805,-1.366742596810934
48,-1.8302828618968388,1.8900343642611683,0.3454231433506045,-1.1005135730007336,0.1736111111111111,1.0711553175210407,1.046337817638266,1.8250950570342206,1.9543973941368076,3.6666666666666665,1.0284810126582278,1.3368983957219251,-0.26666666666666666,-0.45977011494252873,3.625377643504532
49,-0.12738853503184713,-1.9900497512437811,-0.5331302361005331,0.0,-0.1863932898415657,5.769230769230769,0.7361963190184049,-1.6260162601626018,0.8396946564885497,2.19435736677116,-4.434250764525994,-0.8241758241758242,2.104300091491308,-0.09157509157509157,-4.608938547486034
50,-0.17211703958691912,-0.33112582781456956,0.554016620498615,0.6932409012131715,0.0,-0.24360535931790497,1.06951871657754,0.6891271056661562,-1.5810276679841897,3.662420382165605,6.347305389221557,-1.9409937888198756,-0.8468052347959968,-3.498542274052478,3.3007334963325183
51,0.06285355122564425,1.2285012285012284,-0.2849002849002849,-1.3192612137203166,-0.0992063492063492,3.4615384615384617,0.2,-0.9009009009009009,-0.8,-0.12195121951219512,-0.49019607843137253,-0.990990990990991,-2.2658610271903323,-1.2077294685990339,-1.1933174224343674
52,-1.4232209737827715,1.0089686098654709,1.1608623548922055,0.6912442396313364,1.2858555885262115,-1.7062766605728215,-3.0574198359433256,-1.4992503748125936,3.091190108191654,10.987791342952276,-1.5718562874251496,1.0819165378670788,-1.9559902200488997,0.48250904704463204,2.4390243902439024
53,0.0,-2.2372881355932206,-2.2641509433962264,-5.66615620214395,-10.526315789473683,1.7699115044247788,2.6178010471204187,0.24509803921568626,-0.2442002442002442,2.749770852428964,1.3414634146341464,2.2443890274314215,2.0531400966183577,-0.8968609865470852,0.0755287009063444
54,-1.2610340479192939,0.39164490861618795,-0.12422360248447205,-2.8169014084507045,1.4267990074441688,4.196428571428571,1.6584766584766584,2.0989505247376314,-2.1834061135371177,4.486692015209125,-0.5469462169553327,0.6165228113440198,2.5423728813559325,-0.5330490405117271,1.951219512195122
55,-0.6055363321799307,-1.875,0.29615004935834155,-1.1029411764705883,0.12106537530266344,1.9193857965451053,0.0,-0.1226241569589209,0.5521472392638037,-1.8674698795180724,-1.5384615384615385,-1.3196480938416422,2.9895366218236172,2.9069767441860463,2.269861286254729
56,1.3289036544850499,0.43478260869565216,-0.8620689655172413,-0.37735849056603776,-0.0757002271006813,0.0,2.6556776556776556,8.284600389863547,0.0,2.312138728323699,3.0752916224814424,-8.053691275167784,-4.135338345864661,-0.19646365422396855,0.992063492063492
57,3.2305433186490458,-0.8836524300441826,-4.444444444444445,-1.276595744680851,1.468048359240069,12.359550561797752,0.0,0.0,-1.1342155009451798,0.823045267489712,2.699784017278618,0.1926782273603083,0.1949317738791423,1.378579003181336,3.070175438596491
58,1.2332990750256936,0.7412398921832885,0.9566326530612245,2.407825432656132,-0.18832391713747645,1.9250253292806485,0.6747638326585695,-4.535637149028078,5.1020408163265305,-1.9543973941368076,3.67553865652725,-1.154249737670514,0.2103049421661409,3.8918918918918917,2.783964365256125
59,-0.7334963325183375,1.5189873417721518,-3.022670025188917,0.5294117647058824,0.5298013245033113,-1.7453798767967144,0.6211180124223602,1.5706806282722512,0.32537960954446854,2.5799793601651184,-0.9067357512953367,-0.7454739084132056,-1.9853709508881923,-2.044989775051125,-0.6711409395973155
60,-0.9633911368015413,0.38461538461538464,-15.268941584731058,-0.2757352941176471,0.7399577167019027,-3.9240506329113924,-2.1437578814627996,-2.1739130434782608,2.2245762711864407,0.21074815595363539,3.4013605442176873,-1.7777777777777777,1.4435695538057742,1.1952191235059761,2.7896995708154506
61,-0.297029702970297,-1.639344262295082,0.9160305343511451,-0.7352941176470588,1.9455252918287937,1.5023474178403755,1.348314606741573,-1.1349306431273645,1.2738853503184715,-2.3706896551724137,3.229398663697105,-0.129366106080207,-3.655913978494624,3.19001386962552,3.5483870967741935
62,-2.1739130434782608,-5.057251908396947,-1.186552406064601,2.644836272040302,-23.076923076923077,0.7621951219512195,-1.3636363636363635,1.3550135501355014,-1.991150442477876,1.034928848641656,-0.15432098765432098,0.0,3.8034865293185423,-1.557632398753894,4.8974189278623435
63,-0.7874015748031495,-2.8795811518324608,0.5961251862891207,1.2364760432766615,0.6042296072507553,2.2932592077831826,0.8403361344537815,1.5673981191222568,1.0954616588419406,-1.9938650306748467,-3.094910591471802,0.15384615384615385,-1.6845329249617151,-1.0382868267358858,0.0
64,-2.4242424242424243,0.4136504653567736,0.11376564277588168,0.8955223880597015,-0.7477906186267845,1.1904761904761905,-5.709876543209877,2.457757296466974,-0.47318611987381703,1.7045454545454544,-0.15360983102918588,-1.2072434607645874,-0.9900990099009901,-5.97667638483965,0.10482180293501049
65,1.1516314779270633,1.3013013013013013,1.425438596491228,-1.3861386138613863,2.547770700636943,3.289473684210526,0.8999999999999999,-1.8093249826026443,0.34916201117318435,-2.472952086553323,-1.1936339522546418,6.398104265402843,1.288936627282492,0.8342022940563086,1.6830294530154277
66,1.0406811731315044,0.0,9.009900990099009,3.5350101971447994,-3.4111310592459607,2.40343347639485,-1.7661900756938604,0.501002004008016,0.7049345417925479,4.425711275026344,1.1398963730569949,-1.3641133263378804,-2.1689497716894977,-1.378579003181336,2.5136612021857925
67,0.7155635062611807,2.2804054054054053,2.088772845953003,-0.09871668311944717,0.4008016032064128,0.5688282138794084,0.7954545454545454,2.20162224797219,0.910010111223458,1.7584994138335288,0.6369426751592357,0.0,0.6335797254487857,-1.1286681715575622,2.928416485900217
68,-1.457321304649549,2.1699819168173597,-0.7142857142857143,-0.6451612903225806,0.6,2.9791459781529297,3.061224489795918,1.3306038894575232,0.9324009324009324,4.020618556701031,-0.34965034965034963,0.3138075313807531,1.4423076923076923,-0.7462686567164178,-1.1013215859030838
69,1.4905149051490514,1.1376564277588168,1.0,0.09871668311944717,0.11312217194570137,2.5401069518716577,-0.3978779840848806,0.9395973154362416,-1.6080402010050252,0.6775067750677507,2.18978102189781,1.7567567567567568,0.40705563093622793,1.3755158184319118,5.408388520971302
70,-0.29940119760479045,0.1885014137606032,-0.4076086956521739,0.5681818181818182,1.253616200578592,-0.501002004008016,0.6607929515418502,-0.5328596802841918,-0.6693440428380187,2.901554404145078,1.6260162601626018,-0.7306889352818371,4.864864864864865,-13.650465356773525,3.566333808844508
71,2.380952380952381,1.6042780748663104,-1.3136288998357963,0.2997002997002997,1.4397905759162304,-1.4035087719298245,2.862254025044723,1.507537688442211,-0.5994005994005994,1.0810810810810811,2.5,-0.9157509157509158,1.8691588785046727,-0.7608695652173914,0.6593406593406593
72,-0.12755102040816327,-1.325178389398573,-4.900181488203267,-0.5309734513274336,1.2091898428053205,-0.24096385542168677,0.6993006993006993,2.3893805309734515,0.5328596802841918,0.9296148738379815,2.7777777777777777,-1.3274336283185841,0.5170630816959669,-1.303538175046555,2.4761904761904763
73,2.564102564102564,0.0,0.8,-0.1644736842105263,2.3214285714285716,-0.938337801608579,-0.31982942430703626,2.4299065420560746,-0.7029876977152899,3.4615384615384617,4.0,-0.6198347107438017,-4.071246819338422,3.8766519823788546,-0.11376564277588168
74,0.7042253521126761,-1.7735334242837655,-3.155818540433925,-1.5719467956469164,-0.6702412868632708,-5.833333333333333,0.9638554216867471,1.078582434514638,0.7532956685499058,-2.3640661938534278,2.663438256658596,0.0,-5.05166475315729,-0.683371298405467,2.789400278940028
75,-9.626168224299066,-2.619047619047619,-1.3876040703052728,-0.40540540540540543,1.0221465076660987,2.3783783783783785,-1.3333333333333335,0.0,1.1002444987775062,-0.7887817703768624,1.9283746556473829,0.0,1.6172506738544474,-1.7615176151761516,2.2522522522522523
76,0.10857763300760044,7.733333333333333,-1.3647642679900744,0.7312614259597806,-3.1620553359683794,1.2704174228675136,-4.984423676012461,0.7255139056831923,-0.535475234270415,0.0,2.365930599369085,0.2762430939226519,-1.3755158184319118,1.7786561264822136,1.6064257028112447
77,-1.352112676056338,0.6993006993006993,0.9297520661157025,1.2461059190031152,-3.5523978685612785,-0.2680965147453083,-0.36496350364963503,-0.4016064257028112,-1.0638297872340425,2.8125,-0.7894736842105263,-3.353658536585366,-2.321083172147002,2.2658610271903323,0.14970059880239522
78,-0.1529051987767584,-1.0113780025284451,-1.5772870662460567,-0.5703422053231939,0.0,3.5049288061336252,0.7070707070707071,3.303964757709251,-0.6237006237006237,2.5196850393700787,5.6105610561056105,1.2422360248447204,-2.806499261447563,1.2658227848101267,-7.71513353115727
79,2.336448598130841,-1.5923566878980893,-0.6688963210702341,-2.878787878787879,-5.183246073298429,-4.141501294219154,8.73015873015873,1.4705882352941175,-5.56390977443609,-0.8205128205128205,1.615798922800718,-0.8183306055646482,1.0204081632653061,-0.3189792663476874,1.5186915887850467
80,0.1388888888888889,-1.4184397163120568,2.6515151515151514,4.102564102564102,0.5197505197505198,0.16611295681063123,-0.08620689655172414,2.848101265822785,-8.143322475570033,2.5041736227045077,3.923647932131495,-4.444444444444445,-3.1847133757961785,-4.580152671755725,7.048008171603677
81,-1.6506189821182942,-2.711864406779661,-4.639889196675901,-9.063745019920319,-5.6939501779359425,3.5407725321888415,-2.1761658031088085,-0.7233273056057866,1.9955654101995564,0.847457627118644,9.737827715355806,-2.5799793601651184,0.6198347107438017,0.19193857965451055,2.524271844660194
82,2.936096718480138,-0.056980056980056974,2.823179791976226,-0.6141820212171971,3.204047217537943,3.75234521575985,-3.9711191335740073,-0.6075334143377886,0.8966244725738396,1.805869074492099,1.497695852534562,1.5238095238095237,-1.3257575757575757,-1.3619696176008382,2.947481243301179
83,-2.187120291616039,1.954732510288066,-6.919060052219321,0.16778523489932887,6.574761399787911,-2.5497195308516063,0.25342118601115055,2.73972602739726,-3.4090909090909087,12.67427122940431,-0.5221932114882507,0.05194805194805195,1.8037135278514589,-4.583835946924005,2.187120291616039
84,-0.8633093525179856,-0.3703703703703704,-22.712418300653596,1.1264080100125156,0.0,-2.6282853566958697,-2.4096385542168677,2.553413236060448,1.4742014742014742,0.2457002457002457,0.0,1.2437810945273633,0.8750000000000001,1.366120218579235,2.595936794582393
85,0.2372479240806643,0.0,-0.4,1.3297872340425532,-3.3333333333333335,0.12453300124533001,-1.697792869269949,-0.5772005772005772,0.5605381165919282,-0.4405286343612335,2.0224719101123596,-0.33407572383073497,-2.6172300981461287,0.995575221238938,3.2846715328467155
86,-1.3888888888888888,0.2008032128514056,0.0,-0.05938242280285036,1.1615628299894403,2.6058631921824107,0.32573289902280134,2.622169249106079,-5.740987983978639,2.4518388791593697,0.12300123001230012,-2.155688622754491,-3.225806451612903,3.309692671394799,3.536067892503536
87,-2.631578947368421,-5.9077809798270895,-1.2941176470588236,0.0,-3.7921348314606744,0.9345794392523363,4.426002766251729,3.2511210762331837,0.33500837520938026,-3.791174642635177,9.035409035409035,0.14970059880239522,3.5897435897435894,-1.870748299319728,3.169014084507042
88,2.7777777777777777,-1.0270774976657329,0.9681093394077449,2.569593147751606,6.631016042780749,1.7271157167530224,0.18575851393188852,0.24242424242424243,-1.0679611650485437,-0.49261083743842365,0.5291005291005291,-0.17574692442882248,-1.386481802426343,2.272727272727273,1.7391304347826086
89,1.443001443001443,-0.5158437730287398,-0.40040040040040037,0.1941747572815534,0.3592814371257485,1.5815085158150852,-1.4634146341463417,0.5119453924914675,0.9925558312655087,11.811023622047244,1.951219512195122,-0.24600246002460024,-1.2150668286755772,-1.4231499051233396,0.7648183556405354
90,-1.464307504575961,1.0204081632653061,-2.119700748129676,-1.185770750988142,-4.444444444444445,2.0322354590049057,0.8374040474528961,2.356902356902357,-4.063604240282685,3.6155202821869485,0.9596928982725527,-2.631578947368421,-0.18726591760299627,0.3654080389768575,3.225806451612903
91,1.5180265654648957,0.8353221957040573,-2.156862745098039,-0.932642487046632,-0.1692047377326565,1.4842300556586272,2.8089887640449436,0.9803921568627451,0.5145797598627788,2.570694087403599,0.5007153075822603,0.44614404079031234,-0.38095238095238093,0.38167938931297707,2.4344569288389515
92,0.1531393568147014,2.092050209205021,0.9503695881731784,2.585604472396925,1.4354066985645932,-0.5945303210463734,0.24360535931790497,1.3530135301353015,-0.3410059676044331,8.357348703170029,-0.19342359767891684,0.5747126436781609,0.9523809523809524,4.351145038167939,1.3921113689095126
93,0.33613445378151263,0.0,0.5980861244019139,-1.1764705882352942,3.048780487804878,-5.033112582781457,1.8786127167630058,1.5723270440251573,2.185089974293059,2.075098814229249,0.3703703703703704,4.720496894409938,0.11961722488038277,3.9189189189189193,-0.9467455621301776
94,-3.815261044176707,-1.9801980198019802,1.4457831325301205,1.4376996805111821,3.151862464183381,-0.1422475106685633,-2.6392961876832843,-0.186219739292365,0.8403361344537815,-5.88235294117647,0.0,-1.6159695817490494,1.024140453547915,1.4705882352941175,1.8446601941747571
95,-0.7014028056112225,0.0,-0.2985074626865672,0.8906882591093117,2.1934197407776668,0.8040201005025126,1.254180602006689,-2.2864828513786146,-1.7931034482758619,3.063725490196078,-0.6983240223463687,-0.2785515320334262,0.7012622720897616,-1.6574585635359116,2.247191011235955
96,0.4340277777777778,1.6029593094944512,0.0,-1.4492753623188406,-1.9747235387045814,2.263540824575586,0.0,2.9914529914529915,1.078167115902965,1.8156424581005588,-0.5947323704333051,-2.0334928229665072,-0.14970059880239522,1.8018018018018018,0.0
97,3.2091097308488616,-0.41866028708133973,-1.7642341619887731,-1.6689847009735743,0.7421150278293136,1.876172607879925,-0.1182033096926714,-0.9831460674157303,1.1202389843166543,-0.7251631617113851,-2.6923076923076925,-2.100271002710027,3.870513722730472,3.953147877013177,-2.3549201009251473
98,-0.8791208791208791,-1.8018018018018018,-1.7278617710583155,-1.773049645390071,-0.5755395683453237,1.167883211678832,-4.384615384615385,1.6706443914081146,2.092050209205021,4.3604651162790695,-1.1315417256011315,3.1055900621118013,-0.9971509971509971,-0.17226528854435832,1.3215859030837005
99,-1.0736196319018405,-2.2388059701492535,-1.932367149758454,0.6472491909385114,-0.41293874741913283,1.4176663031624863,-1.991465149359886,-1.10803324099723,1.160541586073501,1.7716535433070866,-0.4484304932735426,2.4285714285714284,2.586206896551724,-0.7072135785007072,-6.481481481481481
100,-0.22404779686333084,0.7751937984496124,-1.1589403973509933,-0.37174721189591076,-0.3205128205128205,6.179775280898876,-0.3703703703703704,-1.5601783060921248,-1.7634854771784232,2.320675105485232,-0.42674253200568996,0.2553191489361702,0.19455252918287938,1.37524557956778,1.996007984031936
101,0.0,-2.3400936037441498,1.125703564727955,2.2364217252396164,-0.3927729772191673,2.156549520766773,-3.2460732984293195,4.046242774566474,-0.5738880918220948,1.6483516483516485,0.39370078740157477,0.19607843137254902,-1.4830508474576272,2.159827213822894,3.761061946902655
102,-2.3993808049535605,-5.275974025974025,1.343408900083963,-0.8025682182985553,2.4390243902439024,-4.804804804804805,-0.6201550387596899,2.3504273504273505,-3.074866310160428,-5.813953488372093,1.167728237791932,2.679528403001072,3.343023255813953,6.321839080459771,1.40405616224649
103,-0.9722222222222222,1.8867924528301887,-0.4658385093167702,-3.5493827160493825,2.8846153846153846,-0.8176614881439084,-0.8955223880597015,-0.2762430939226519,0.7800312012480499,-0.4061738424045491,1.4104372355430184,-0.42194092827004215,1.183431952662722,1.7639077340569878,7.573415765069552
104,0.33444816053511706,1.0084033613445378,-3.3660589060308554,-0.08,-2.923976608187134,0.9419152276295133,-1.52990264255911,-2.727272727272727,0.4858299595141701,-3.7302725968436152,3.731343283582089,-2.974504249291785,-1.5068493150684932,-1.4727540500736376,1.118881118881119
105,0.2699055330634278,3.608660785886127,0.0,-1.4084507042253522,-1.8030513176144243,1.4064697609001406,0.8792965627498002,5.443234836702955,0.2457002457002457,-1.2552301255230125,-2.764612954186414,-1.4029618082618862,4.816326530612245,-2.1513944223107573,-2.0689655172413794
106,0.0,-2.435723951285521,-2.0344287949921753,0.42075736325385693,-3.225806451612903,3.3333333333333335,-0.5594405594405595,1.2135922330097086,-6.616541353383458,3.131991051454139,2.7777777777777777,-0.43731778425655976,-0.7159904534606205,-1.4354066985645932,1.2315270935960592
107,-0.4149377593360996,0.1610305958132045,0.32102728731942215,-0.42134831460674155,0.9230769230769231,-0.5805515239477503,-0.6557377049180327,-1.4492753623188406,-0.3021148036253776,6.969696969696971,1.1283497884344147,-0.7075471698113208,0.0,1.9908116385911179,3.1377899045020468
108,-0.16286644951140067,-1.1428571428571428,0.2702702702702703,-1.3761467889908259,1.5089163237311385,-0.5457025920873124,1.5894039735099337,1.8465909090909092,3.2998565279770444,-1.6467065868263475,6.175771971496437,-0.8403361344537815,-0.4231311706629055,-1.8716577540106951,-1.912568306010929
109,-1.563562202583277,-1.929260450160772,-5.367231638418079,0.0,-0.3284072249589491,2.9850746268656714,1.08991825613079,-0.847457627118644,-0.21505376344086022,-11.09865470852018,-1.0324483775811208,-3.9160839160839163,0.1443001443001443,-0.6983240223463687,3.669724770642202
110,-0.3215434083601286,-8.258258258258259,4.947916666666666,-0.8097165991902834,3.421052631578948,-1.9867549668874174,-3.418803418803419,1.2295081967213115,-1.0854816824966078,2.3578363384188625,5.588235294117648,-0.8645533141210375,-0.22396416573348266,1.167883211678832,0.7331378299120235
111,-8.207705192629817,9.85576923076923,1.9204389574759946,-1.2366034624896949,0.23094688221709006,-1.5384615384615385,-0.7822685788787485,2.303523035230352,-4.3927648578811365,1.2474012474012475,6.6893424036281175,-2.0202020202020203,4.308390022675737,4.0669856459330145,0.4750593824228029
112,-6.599713055954089,-1.262272089761571,-3.0303030303030303,-8.171206225680933,0.9009009009009009,-1.3824884792626728,-0.22471910112359553,1.6042780748663104,-2.515723270440252,5.643994211287988,2.386117136659436,1.0845986984815619,2.710843373493976,1.1494252873563218,6.9478908188585615
113,-0.42194092827004215,-0.2932551319648094,0.1402524544179523,-2.054794520547945,0.0,0.1394700139470014,0.2770083102493075,-1.9522776572668112,-0.7957559681697612,-1.4634146341463417,3.44311377245509,3.4383954154727796,-0.5891016200294551,0.2932551319648094,1.925925925925926
114,1.4204545454545454,-10.297766749379653,-2.432045779685265,-4.519774011299435,-4.92091388400703,5.018587360594796,1.4588859416445623,1.9830028328611897,-1.2605042016806722,6.111111111111111,0.9695290858725761,-0.7407407407407408,-0.35714285714285715,1.7241379310344827,3.3980582524271843
115,3.056768558951965,-0.06215040397762585,-5.220883534136546,-0.8344923504867872,0.44150110375275936,2.236842105263158,-2.5316455696202533,1.094890510948905,-1.4209591474245116,5.0,4.378283712784588,0.8928571428571428,1.0050251256281406,4.914933837429111,4.365079365079365
116,-2.7586206896551726,2.141327623126338,1.508485229415462,-1.2162162162162162,-0.2288329519450801,0.9784735812133072,1.7461383478844863,-2.9605263157894735,0.9868421052631579,3.825136612021858,-1.6129032258064515,-1.859229747675963,-9.145248057381949,6.560509554140127,1.1501597444089458
117,-5.46218487394958,0.4172461752433936,-1.7783857729138166,1.8181818181818181,3.2362459546925564,-2.5503355704697985,-2.610966057441253,-2.915082382762991,1.5463917525773196,2.509907529722589,2.029769959404601,2.071823204419889,-1.2244897959183674,0.544959128065395,1.662049861495845
118,-1.3850415512465373,-8.108108108108109,-1.8973214285714284,-0.45871559633027525,1.9283746556473829,3.172737955346651,9.475465313028765,-3.3057851239669422,-0.468384074941452,4.0048543689320395,-0.36275695284159615,0.5988023952095809,2.068126520681265,0.6150061500615006,1.6270337922403004
119,1.7999999999999998,-1.574803149606299,0.0,3.397508493771234,-4.535637149028078,1.5406162464985995,1.5348288075560803,2.272727272727273,-15.134370579915135,14.217252396166133,5.245901639344262,1.800327332242226,-1.948051948051948,-5.097451274362818,-10.94391244870041
120,1.1097410604192355,-5.463182897862233,0.4746835443037975,-1.9780219780219779,4.354838709677419,-20.216306156405988,3.522818254603683,-1.0526315789473684,4.680851063829787,-6.4667291471415185,-0.8333333333333334,-0.6381039197812215,0.3646308113035551,4.326923076923077,1.5640273704789833
121,-1.5974440894568689,1.2687427912341407,0.592885375494071,-0.857365549493375,2.202339986235375,-0.8906882591093117,0.4919184820801124,7.181136120042872,0.966702470461869,1.6357688113413305,3.153153153153153,-0.8908685968819599,1.9296254256526675,4.1469194312796205,0.7211538461538461
122,-1.131770412287793,0.49180327868852464,-0.49504950495049505,-0.8992805755395683,0.35778175313059035,2.0758122743682312,-1.0183299389002036,0.7393715341959335,3.4682080924855487,6.0606060606060606,2.127659574468085,-1.8043684710351375,0.9587727708533078,0.7774538386783284,-1.6377649325626205
123,-1.2915129151291513,1.3562386980108498,-0.7272727272727273,-1.2335526315789473,0.17889087656529518,2.941176470588235,1.7272727272727273,1.6791044776119404,-0.18484288354898337,2.5423728813559325,1.0204081632653061,-1.7857142857142856,-2.1825396825396823,1.6129032258064515,1.6293279022403258
124,-0.08960573476702509,-0.7326007326007326,0.18198362147406735,-1.875,1.0,3.199174406604747,-0.7339449541284404,2.195945945945946,-1.0770505385252693,3.2230703986429172,4.236540158870256,-1.2173913043478262,-0.6745362563237773,0.5907172995780591,2.564102564102564
125,0.9523809523809524,1.1896431070678797,0.0,-0.7843137254901961,2.512562814070352,-0.579950289975145,-0.08237232289950577,-0.1394700139470014,0.3508771929824561,4.014598540145985,-1.7857142857142856,0.8295625942684767,0.30075187969924816,1.21765601217656,3.4057971014492754
126,2.0618556701030926,0.49668874172185434,-0.82930200414651,-2.2448979591836733,2.412129565816678,2.4311183144246353,-0.9817671809256662,2.521613832853026,-5.15625,-0.4658385093167702,1.275318829707427,-0.14174344436569808,-1.1888111888111887,1.2811387900355873,2.65210608424337
127,-0.10752688172043011,0.0,-0.33167495854063017,-0.8210180623973727,-2.20125786163522,1.4904187366926898,-1.6181229773462782,2.4752475247524752,0.0,1.7725258493353029,2.2222222222222223,-5.743740795287187,0.1457725947521866,1.329394387001477,3.2208588957055215
128,0.4942339373970346,0.9174311926605505,-0.10183299389002036,-4.711538461538462,1.4754098360655739,2.152317880794702,-1.487603305785124,7.11743772241993,1.5339663988312637,0.8976660682226212,0.9025270758122743,-1.238938053097345,1.7985611510791366,0.36036036036036034,1.094890510948905
129,-1.820020222446916,0.17152658662092624,-13.096351730589337,-2.337228714524207,0.1669449081803005,1.697792869269949,-1.386481802426343,-2.800658978583196,4.737732656514383,10.30741410488246,1.0676156583629894,2.5500910746812386,0.7339449541284404,0.5597014925373134,1.1235955056179776
130,0.6896551724137931,-1.7429193899782136,0.0,5.103042198233562,-2.214022140221402,-4.424778761061947,0.2284843869002285,-2.954209748892171,0.9056603773584906,6.861198738170347,8.013937282229964,0.0,2.232142857142857,1.2658227848101267,6.146341463414634
131,1.6666666666666667,3.1390134529147984,-5.341614906832298,-0.3712871287128713,-13.242784380305602,-8.045977011494253,-0.9900990099009901,-8.0773606370876,-0.9852216748768473,6.2467997951868925,-2.224824355971897,0.2347417840375587,-0.7804370447450572,2.0602218700475436,0.47562425683709864
132,4.370860927152318,0.8125677139761647,-4.722792607802875,0.9240246406570842,0.051387461459403906,2.098635886673662,-0.15682174594877157,-3.961885656970913,4.941176470588235,3.8323353293413174,0.10240655401945725,0.9865005192107996,1.0514018691588785,2.976190476190476,1.9935344827586208
133,-4.3478260869565215,-2.102496714848883,4.0672451193058565,-12.23404255319149,-0.98159509202454,0.625,-6.439595529536987,-3.0729166666666665,-2.313624678663239,4.066345639379347,1.8062397372742198,-0.3271537622682661,-0.7092198581560284,0.43859649122807015,2.242152466367713
134,-1.3646288209606987,-3.047819232790331,-3.5264483627204033,-1.2433392539964476,3.4924330616996504,2.5042686397268072,0.6009615384615385,0.3157894736842105,0.6342494714587738,5.0675675675675675,-5.039370078740157,4.098360655737705,-10.196779964221825,0.2544529262086514,3.149606299212598
135,-3.4482758620689653,-2.088772845953003,0.0,1.7079889807162536,0.6148686416992734,2.142857142857143,1.2589928057553956,-6.57672849915683,0.8169934640522877,0.5268703898840885,4.370179948586118,-2.5799793601651184,1.6666666666666667,5.871212121212121,2.2364217252396164
136,-1.456953642384106,-1.639344262295082,-0.8130081300813009,-0.5714285714285714,-0.3552397868561279,0.7194244604316548,1.2618296529968454,0.3640776699029126,0.36319612590799033,2.857142857142857,1.8240343347639485,2.2020725388601035,-0.7782101167315175,-5.254777070063694,1.3539651837524178
137,-0.46783625730994155,4.710144927536232,2.31023102310231,-0.13458950201884254,-3.1860226104830422,2.6014568158168574,0.881057268722467,-4.0169133192389,-0.6075334143377886,8.88610763454318,-0.8264462809917356,3.5452322738386304,1.63727959697733,0.5270092226613966,-0.2628120893561104
138,7.741935483870968,-0.33875338753387535,-2.359550561797753,-0.8695652173913043,0.7675438596491228,-1.8418201516793065,-4.545454545454546,4.779411764705882,1.4799154334038054,-2.644964394710071,-0.20533880903490762,4.246284501061571,0.5387931034482759,3.1390134529147984,-1.2181616832779625
139,-0.5867014341590613,-2.576112412177986,0.0,-1.956521739130435,44.01805869074492,5.263157894736842,2.6223776223776225,-9.034653465346535,-6.531531531531531,2.5943396226415096,7.908163265306123,3.0494216614090432,2.481121898597627,0.7182320441988951,8.059701492537313
140,0.17211703958691912,0.23282887077997672,-0.08779631255487269,1.2195121951219512,-5.9008654602675055,0.64,3.0204081632653064,5.0,4.015296367112811,3.40632603406326,0.4022526146419952,-3.198781416603199,-2.6143790849673203,0.43431053203040176,-10.163170163170163
141,1.0368663594470047,-1.2718600953895072,5.674128058302967,4.146730462519936,-5.333333333333334,2.200825309491059,0.8207934336525308,0.3252032520325203,1.3385826771653544,5.357142857142857,5.787037037037037,2.097902097902098,0.5988023952095809,-1.3360053440213762,-2.906208718626156
142,-2.167630057803468,1.500441306266549,-1.345291479820628,-2.9535864978902953,0.6056527590847914,3.233830845771144,0.0,-4.615384615384616,-0.4629629629629629,3.5294117647058822,1.7366136034732274,-1.9054340155257588,-2.088167053364269,3.4229828850855744,4.336734693877551
143,-0.2380952380952381,-0.7782101167315175,-4.761904761904762,1.4754098360655739,0.0,4.834254143646409,1.8867924528301887,-3.4642032332563506,1.0452961672473868,3.311735061195104,3.909465020576132,-2.0080321285140563,-2.656675749318801,2.585604472396925,0.6342494714587738
144,2.528334786399302,1.282051282051282,-5.3097345132743365,1.1627906976744187,2.0338983050847457,0.34071550255536626,0.06882312456985547,0.20689655172413793,-1.402805611222445,0.9900990099009901,-12.068965517241379,24.760076775431862,3.4907597535934287,2.328159645232816,-1.2181616832779625
145,-2.05761316872428,-0.5732152162584679,-0.5,0.20134228187919465,1.1764705882352942,2.459016393442623,-3.1746031746031744,-3.7735849056603774,3.313840155945419,-0.4008016032064128,1.1647254575707155,-0.1976284584980237,9.719222462203025,-0.6147540983606558,0.8264462809917356
146,-2.0010261672652643,1.7208413001912046,-0.13531799729364005,-0.5988023952095809,-0.5270092226613966,-2.178217821782178,-1.3806706114398422,3.462321792260693,-1.794453507340946,4.448105436573312,-1.188118811881188,-2.631578947368421,-0.16420361247947454,1.5,3.2702237521514634
147,-0.5692599620493358,1.8465089440276976,0.05770340450086555,16.512059369202227,6.958250497017893,2.0765027322404372,0.8417508417508417,0.667779632721202,1.023890784982935,1.2166859791425262,0.3486345148169669,-1.43184421534937,-0.6200676437429538,0.6235827664399093,1.6714697406340056
148,0.46728971962616817,1.642710472279261,0.6072874493927125,-1.1984021304926764,0.4605641911341394,-1.340033500837521,-0.9014084507042254,0.6764374295377678,0.8323424494649228,-4.17607223476298,-4.446742502585315,4.607329842931937,2.9094827586206895,3.2222222222222223,0.11098779134295228
149,-0.56657223796034,-0.4889975550122249,-0.9536784741144414,-0.1729106628242075,3.080568720379147,-1.0801591813530413,0.3787878787878788,-0.7100591715976331,-1.6194331983805668,5.450733752620545,-4.8828125,1.5686274509803921,6.147540983606557,4.063205417607223,4.009433962264151
150,-2.258064516129032,-0.6211180124223602,-1.744186046511628,0.0,0.1893939393939394,2.480916030534351,1.5402843601895735,0.9505703422053232,1.532567049808429,1.556420233463035,1.5810276679841897,2.8112449799196786,4.700854700854701,1.2448132780082988,1.9027484143763214
151,-8.087167070217918,-1.4150943396226416,-5.694760820045558,-13.846153846153847,0.8025682182985553,0.35842293906810035,3.319502074688797,-1.2345679012345678,3.494176372712146,5.308219178082192,-7.5438596491228065,0.35398230088495575,-9.6,-5.66615620214395,-6.573426573426573
152,-6.301824212271974,2.0114942528735633,-1.864406779661017,0.3436426116838488,-1.3559322033898304,4.417670682730924,0.9079118028534372,-4.111842105263158,-5.073649754500818,2.905982905982906,2.972027972027972,-0.5208333333333333,-2.3688663282571913,-0.5076142131979695,6.822262118491921
153,0.591715976331361,-2.507836990595611,-2.7700831024930745,1.877133105802048,1.125703564727955,0.6430868167202572,-0.8576329331046313,1.5126050420168067,-0.14513788098693758,5.06993006993007,0.12903225806451613,0.14992503748125938,-0.2985074626865672,-2.18978102189781,-1.0115606936416186
154,2.8831562974203337,-3.739612188365651,-0.1736111111111111,-1.2738853503184715,-1.447178002894356,1.9031141868512111,0.14749262536873156,0.727802037845706,-0.6700167504187605,0.5830903790087464,3.003003003003003,0.3418803418803419,0.17123287671232876,-0.17123287671232876,0.6920415224913495
155,1.278409090909091,-1.195814648729447,0.7633587786259541,0.741839762611276,0.1076426264800861,1.0309278350515463,-2.152317880794702,10.608695652173914,0.0,1.530612244897959,1.381692573402418,1.0230179028132993,-3.11284046692607,1.5686274509803921,1.643835616438356
156,-0.16806722689075632,-0.3472222222222222,-0.37174721189591076,-1.6791044776119404,-0.3401360544217687,0.36855036855036855,-2.044025157232704,-5.708245243128964,-3.0065359477124183,1.5894039735099337,0.4010695187165776,0.6693440428380187,0.7342143906020557,1.6666666666666667,0.0
157,-0.5226480836236934,-0.6920415224913495,-0.1492537313432836,-1.8181818181818181,0.48602673147023084,1.2048192771084338,4.10783055198973,3.753351206434316,-0.8438818565400843,6.640625,3.8681948424068766,2.798232695139912,1.0484927916120577,1.8867924528301887,0.0
158,0.0,-0.33222591362126247,2.737520128824477,-0.411522633744856,0.546448087431694,-0.9102730819245773,0.42134831460674155,-3.8318912237330034,-0.616937745372967,0.0,0.3492433061699651,-1.9384264538198404,-0.057045065601825436,-1.8477043673012319,1.8244013683010263
159,1.9525065963060684,2.4096385542168677,-2.4725274725274726,-0.2717391304347826,0.11370096645821488,2.2408963585434174,0.5633802816901409,0.7072135785007072,0.9852216748768473,3.7703016241299308,-1.6867469879518073,1.70316301703163,0.7352941176470588,0.49627791563275436,1.6096579476861168
160,-0.9831460674157303,-1.1283497884344147,1.3888888888888888,-1.7613636363636362,-4.232804232804233,-1.9101123595505618,1.553829078801332,0.39592760180995473,0.9615384615384616,4.951560818083961,3.750997605746209,-1.953125,2.2364217252396164,0.8986928104575163,2.866779089376054
161,1.5625,-0.6263048016701461,-7.348242811501597,-4.477611940298507,0.3070624360286591,1.6145833333333335,-5.061425061425061,-1.4388489208633095,1.1337868480725624,7.213930348258707,2.0184544405997693,-0.5139920045688178,-5.9196617336152215,3.7342119714442616,1.16991643454039
162,-4.60431654676259,1.0344827586206897,-2.044989775051125,0.2557544757033248,-2.5174825174825175,5.82010582010582,-2.1961932650073206,3.055141579731744,-0.6674082313681869,3.0373831775700935,-1.0273972602739725,-2.013422818791946,0.0,3.566333808844508,3.812316715542522
163,-0.31233732431025507,0.0,3.922622246104245,-0.5291005291005291,0.9189189189189189,1.8343524180100057,1.8415178571428572,1.1325028312570782,-0.7276507276507277,0.9609949123798756,0.8356545961002786,-15.684496826835904,4.421448730009407,-3.1222123104371096,3.2196969696969697
164,-5.52251486830926,0.3305785123966942,-1.779935275080906,-2.97339593114241,-0.7692307692307693,3.1746031746031744,-0.15723270440251574,-7.82608695652174,0.5681818181818182,0.995732574679943,-0.964630225080386,3.3946251768033946,1.1173184357541899,0.0,-13.362701908957417
165,-0.819672131147541,-3.153988868274583,2.8142589118198873,-2.214022140221402,-0.9174311926605505,0.18587360594795538,-0.9174311926605505,-1.8018018018018018,0.7220216606498195,1.094890510948905,0.9191176470588236,-0.3669724770642202,0.16806722689075632,-1.1049723756906076,2.072538860103627
166,1.7013232514177694,2.484472049689441,-1.0582010582010581,1.0600706713780919,-1.1263073209975865,2.1364009860312243,1.6597510373443984,0.0,-5.34045393858478,-1.5772870662460567,-3.4874905231235784,-1.203912716328066,4.645669291338582,-1.8604651162790697,1.740506329113924
167,-1.1933174224343674,1.4107883817427387,-4.117181314330958,1.1661807580174928,-13.897280966767372,-6.779661016949152,2.6865671641791042,-2.167630057803468,-2.1634615384615383,12.743628185907047,-1.5492957746478873,-3.1081081081081083,-3.756476683937824,-0.7843137254901961,1.1811023622047243
168,0.5780346820809248,-1.2357414448669202,1.1661807580174928,2.8501628664495113,-2.461257976298997,-0.4559270516717325,1.1187607573149743,2.198768689533861,0.709849157054126,4.653284671532846,-1.1659192825112108,3.7735849056603774,-0.4694835680751174,-2.8079710144927534,1.0009099181073704
169,0.28873917228103946,-0.78125,-0.2843601895734597,-0.09416195856873823,2.2641509433962264,3.6410923276983094,1.1749347258485638,1.5037593984962405,0.6051437216338881,-0.4519774011299435,1.8722466960352422,1.3803680981595092,3.1645569620253164,-2.771855010660981,-5.089820359281437
170,1.7060367454068242,1.0676156583629894,-3.233830845771144,-1.107011070110701,-4.084507042253521,3.9647577092511015,0.14705882352941177,1.7082785808147174,-15.15486725663717,0.15151515151515152,0.30257186081694404,-1.829924650161464,2.62582056892779,3.0944625407166124,2.0
171,-3.019538188277087,0.43731778425655976,0.17667844522968199,-0.7734806629834254,-1.1764705882352942,0.7486631016042781,0.7486631016042781,0.8592910848549946,1.187904967602592,-9.807692307692308,5.263157894736842,3.300970873786408,1.7892644135188867,1.3779527559055118,0.7063572149344097
172,4.651162790697675,0.2331002331002331,-2.941176470588235,-100.0,-100.0,-100.0,-100.0,-100.0,-100.0,-100.0,-100.0,-100.0,-100.0,-100.0,-100.0
173,0.9280742459396751,-100.0,-0.2066115702479339,-3.3663366336633667,-1.9157088122605364,-7.894736842105263,2.5547445255474455,-0.36363636363636365,-0.18083182640144665,-4.09556313993174,2.152317880794702,1.658374792703151,1.0101010101010102,-1.3266998341625207,2.0408163265306123
174,-100.0,0.2074688796680498,-100.0,-0.06289308176100629,2.1711366538952745,4.881266490765172,0.8632138114209826,2.667578659370725,2.600140548137737,2.2254127781765973,1.6739446870451238,5.0834597875569045,-5.543556515478762,4.801829268292683,1.9592476489028214
175,1.6580310880829014,-0.43750000000000006,1.454775458570525,3.3282904689863844,4.383116883116883,-4.430379746835443,-0.16,1.1494252873563218,0.9983361064891847,3.0874785591766725,5.904059040590406,-9.722222222222223,-5.852842809364549,3.6290322580645165,-1.383399209486166
176,-1.390644753476612,1.0869565217391304,-1.3353115727002967,-1.5069967707212055,1.4130434782608696,-1.6042780748663104,0.9615384615384616,1.5217391304347827,0.3271537622682661,0.10917030567685589,1.2074643249176729,1.3071895424836601,-0.6472491909385114,0.5417118093174431,0.43431053203040176
177,-2.861952861952862,-6.896551724137931,0.7675438596491228,0.44365572315882873,0.0,-7.388137356919875,-7.559808612440191,7.90273556231003,0.5060728744939271,0.8154943934760449,-2.4950099800399204,1.296111665004985,-0.7905138339920948,0.297029702970297,-4.80225988700565
178,-2.0247469066366706,-4.026115342763874,3.686087990487515,1.079136690647482,-6.502242152466367,1.3562386980108498,0.12594458438287154,2.5839793281653747,2.788844621513944,1.2096774193548387,0.9485094850948509,2.3351648351648353,1.392757660167131,0.9845288326300985,2.4531024531024532
179,1.971326164874552,-2.0785219399538106,0.0,-0.37735849056603776,-1.1194029850746268,1.893939393939394,-0.08960573476702509,3.1620553359683794,2.1100917431192663,1.9095477386934674,4.166666666666666,2.345415778251599,-2.410901467505241,2.4704618689581093,7.182940516273851
180,-6.2645011600928076,-1.394422310756972,2.219482120838471,-1.1826544021024967,1.574803149606299,2.119460500963391,-0.19193857965451055,1.3623978201634876,0.0,5.539358600583091,0.0,-0.3910614525139665,-1.0185185185185186,2.0396912899669237,-0.5676442762535477
181,-0.19607843137254902,0.7398975526465565,1.4945652173913044,5.6089743589743595,0.5376344086021506,2.643171806167401,-1.4673913043478262,0.9413067552602437,0.0554016620498615,1.6292134831460674,0.43731778425655976,-0.8695652173913043,-3.2414910858995136,2.2900763358778624,3.5694673256452503
182,1.4865637507146943,0.6729475100942126,-3.619047619047619,2.046783625730994,1.2376237623762376,2.557200538358008,3.18118948824343,0.27472527472527475,0.5517241379310345,3.122043519394513,-1.1111111111111112,-1.1214953271028036,3.8922155688622757,1.8867924528301887,0.3062787136294028
183,-0.5943536404160475,-1.4134275618374559,-11.03238866396761,-0.36719706242350064,0.291970802919708,3.787878787878788,0.15037593984962408,-0.5979073243647235,2.7439024390243905,-2.941176470588235,-5.729877216916781,1.4723926380368098,5.447470817120623,-7.636363636363637,-9.452201933404941
184,-5.614973262032086,-1.5988372093023258,-0.43227665706051877,-11.635220125786164,0.8880994671403196,5.07399577167019,3.68763557483731,1.545253863134658,1.675977653631285,5.017502917152859,5.174488567990373,-0.35252643948296125,-12.032355915065724,12.068965517241379,2.693965517241379
185,-2.6862026862026864,-2.3837902264600714,-0.2372479240806643,0.17605633802816903,-3.2673267326732676,0.8960573476702508,-1.238938053097345,0.0,1.7921146953405016,1.4545454545454546,-1.3565891472868217,-5.185185185185185,1.8975332068311195,2.156862745098039,1.185770750988142
186,-0.2008032128514056,4.040404040404041,-1.3916500994035785,-5.058365758754864,3.225806451612903,-6.106870229007633,-1.5037593984962405,-2.3679417122040074,3.766478342749529,5.118110236220472,4.9523809523809526,-1.1214953271028036,-0.5576208178438662,1.509433962264151,2.5145067698259185
187,5.6751467710371815,-1.968503937007874,0.46403712296983757,-0.8092485549132947,0.0,2.028639618138425,0.0,1.4510278113663846,-1.1947431302270013,-3.009259259259259,-0.9101251422070534,2.4333719582850524,-1.8181818181818181,2.441860465116279,2.5
188,0.26232948583420773,-1.2746234067207416,-100.0,-100.0,-100.0,-100.0,-100.0,-100.0,-100.0,-100.0,-100.0,-100.0,-100.0,-100.0,-100.0
189,-1.8823529411764703,-100.0,4.771784232365145,-3.386454183266932,1.411290322580645,1.443298969072165,0.2066115702479339,3.1982942430703627,1.293103448275862,-0.43010752688172044,2.643171806167401,1.3333333333333335,-1.545253863134658,1.805869074492099,2.784222737819025
190,-100.0,0.5285412262156448,-8.531994981179423,2.2063595068137576,1.0389610389610389,-0.19404915912031048,-2.5220680958385877,-3.343653250773994,1.4012738853503186,-2.462121212121212,3.0100334448160537,4.137931034482759,-6.752411575562702,29.292929292929294,-3.445149592021759
191,-1.250868658790827,-1.457321304649549,1.4716187806587244,1.3446567586694975,0.7107320540156361,2.347762289068232,0.7299270072992701,3.3308099924299777,0.30349013657056145,0.15186028853454822,-0.9774436090225564,1.6899338721528288,2.7924528301886795,-0.5239520958083832,-0.9608277900960829
192,-0.8415147265077139,-1.6678248783877692,4.925053533190578,-0.423728813559322,-0.423728813559322,1.6146393972012916,-1.132852729145211,3.404255319148936,-2.3711340206185567,3.7433155080213902,0.21551724137931033,0.6493506493506493,-3.282051282051282,3.371970495258166,0.9574468085106382
193,1.2121212121212122,2.481902792140641,1.7185821697099892,-1.110523532522475,2.4363833243096917,4.76460578559274,1.6055045871559634,3.0124040165386887,1.6816816816816818,0.667070952092177,2.86425902864259,0.8750000000000001,0.4394224733207784,1.014584654407102,2.47234873129473
194,-100.0,-100.0,-100.0,-100.0,-100.0,-100.0,-100.0,-100.0,-100.0,-100.0,-100.0,-100.0,-100.0,-100.0,-100.0
195,-100.0,-100.0,-100.0,-100.0,-100.0,-100.0,-100.0,-100.0,-100.0,-100.0,-100.0,-100.0,-100.0,-100.0,-100.0
196,5.06108202443281,-9.47148090005233,-5.236907730673317,-0.49382716049382713,-2.1739130434782608,-1.411764705882353,0.24096385542168677,1.9559902200488997,-5.0228310502283104,5.515587529976019,-1.2048192771084338,-4.176334106728538,2.132701421800948,4.702970297029703,1.8145161290322582
197,-1.2749003984063745,-1.04754230459307,-5.913570887035633,-0.6074411541381929,-0.9826152683295541,1.2317167051578137,-1.6704631738800304,-1.347305389221557,-1.3432835820895521,-3.1907179115300943,2.2997032640949553,3.5330261136712746,2.6984126984126986,3.112203112203112,2.168473728106756
198,-0.4491017964071856,1.2139605462822458,-4.335260115606936,-0.7072135785007072,-0.847457627118644,-14.14141414141414,-0.9184845005740528,-4.389721627408994,2.5,-0.8667388949079089,7.520564042303173,-2.290950744558992,0.3448275862068966,-11.370558375634518,3.9790575916230364
199,0.6934812760055479,2.1337126600284493,0.8559201141226819,-5.874499332443257,0.4010695187165776,2.5956284153005464,-0.2717391304347826,-0.8130081300813009,2.6170798898071626,1.2658227848101267,1.0,0.9929078014184398,2.023121387283237,-1.2949640287769784,3.44311377245509
