,종목코드,final_return,순위
760,A000070,624.9065968138029,1
1100,A195990,81.98494954542119,2
1433,A317400,53.60947282455066,3
1154,A156100,37.16943964651959,4
1890,A051600,34.28630604617522,5
263,A017040,28.341038875923054,6
450,A024900,20.794392877085166,7
557,A141080,18.327905236280163,8
711,A083650,14.385437347782435,9
1428,A049550,14.35418575621801,10
835,A004980,7.4674319270295655,11
1446,A147830,7.09696397473067,12
475,A170900,6.567939576274095,13
1847,A047810,6.371220644704533,14
962,A352700,5.534790096516177,15
664,A086820,5.244770187947413,16
1252,A018620,5.2264835088251616,17
1249,A046940,5.188767708004126,18
1031,A001780,4.52854119575663,19
1762,A009810,4.066398572227745,20
523,A214680,3.928385387594826,21
1721,A004720,3.8707388664504543,22
1613,A121850,3.849327068185382,23
1513,A109820,3.371643592931609,24
1657,A004100,3.3637416854693396,25
1557,A025880,3.1886328241834896,26
641,A025560,3.0349840128684584,27
1170,A033310,2.9196206111635363,28
809,A092190,2.7790980199923774,29
461,A005160,2.714186709896332,30
249,A002140,2.646979699306964,31
449,A090410,2.639948370652765,32
1473,A216080,2.497113345168257,33
1605,A003070,2.480756837857726,34
911,A139050,2.4079742112202944,35
288,A008870,2.3723276509944227,36
1816,A010100,2.3603406647226173,37
971,A308170,2.34692117085053,38
850,A306200,2.3406178669778117,39
1056,A030960,2.279592399642276,40
979,A090430,2.2499011046499415,41
68,A042670,2.2186007918190787,42
1931,A041440,2.1802182143820827,43
682,A225530,2.1097585582855714,44
1467,A038010,2.103223660615539,45
1906,A012450,2.0912451277422095,46
303,A286750,2.0727753224883783,47
1411,A249420,1.9062863419444982,48
535,A079810,1.8273414755885529,49
812,A063170,1.7771195644443873,50
791,A041650,1.7519848708677241,51
827,A067370,1.7225980963556777,52
1735,A058430,1.700040046605513,53
1300,A011330,1.6915495855381315,54
1653,A003240,1.688405398560034,55
477,A028100,1.682071776486862,56
581,A060240,1.6757396421908841,57
829,A136490,1.6694435129462433,58
568,A032350,1.6129208259998067,59
978,A002790,1.5811240609890669,60
1465,A001560,1.5807199510945327,61
324,A094860,1.4807109222054773,62
224,A040300,1.4473194636912947,63
636,A009200,1.4361965497642823,64
1994,A010240,1.3875827005908088,65
1596,A005070,1.3801822209162942,66
1191,A007310,1.364454995722321,67
1951,A060560,1.3410081643326537,68
505,A034020,1.3051847970167332,69
1535,A016790,1.297187486240992,70
703,A126340,1.2823848275058929,71
1727,A263750,1.270681086663841,72
1213,A244460,1.2519045887937448,73
5,A211270,1.2432647333379174,74
754,A009300,1.2414929007532243,75
137,A079550,1.18826892580575,76
285,A019660,1.1304010519950243,77
947,A102280,1.130331078338485,78
391,A117580,1.1149835651764137,79
1471,A006220,1.1032041256601013,80
148,A035420,1.079290560112469,81
1884,A005860,1.0582686703595907,82
1862,A020000,1.0578939109036956,83
1071,A060540,1.0369924522157965,84
165,A091340,1.0270272045206044,85
765,A023000,1.0108187887132172,86
1398,A119610,1.007182635237339,87
1706,A037070,0.9937415743534751,88
932,A002700,0.9794878290107675,89
221,A024070,0.9621972670096129,90
181,A002360,0.9450066014044229,91
1815,A222980,0.9449042211224036,92
1755,A203690,0.9358743135230237,93
1794,A365590,0.935453843923339,94
899,A159910,0.9333481549121767,95
1561,A105330,0.9259346353472719,96
1197,A271560,0.9085926965205072,97
463,A001230,0.908420939225865,98
1157,A037950,0.9022260060376851,99
1980,A205470,0.8998944034617516,100
1239,A215360,0.8946387045355959,101
1150,A227950,0.8944320643150242,102
1129,A383310,0.8870405985220795,103
1093,A023960,0.8731149379172563,104
1304,A241690,0.8703026251915243,105
871,A108860,0.8648473006197929,106
231,A217730,0.8617195889290828,107
1616,A322780,0.8461950305489684,108
384,A317850,0.8439862970635061,109
366,A058730,0.8376924808815192,110
735,A009620,0.8302729426845852,111
877,A290690,0.8190863529833178,112
1371,A088290,0.8181650702574589,113
169,A046140,0.8174491831765895,114
1099,A203400,0.8015122571271542,115
1255,A095720,0.8005655209777472,116
1224,A007530,0.7937976076234663,117
1606,A102940,0.785368256489745,118
1183,A265560,0.7594578322920282,119
118,A000040,0.7586802951997546,120
323,A168330,0.7577341314140972,121
1896,A005110,0.7542960780166845,122
151,A181710,0.7492265064111381,123
1374,A353810,0.732351409319382,124
1232,A332570,0.7194886353808899,125
495,A163560,0.7189416719088518,126
646,A006800,0.7110142696326159,127
1894,A003480,0.6787789807014388,128
317,A008350,0.6634725105319236,129
432,A001790,0.6607192910053139,130
1696,A104480,0.6606189328893086,131
776,A000250,0.6491151549135304,132
1007,A069920,0.6406635374376809,133
1287,A299900,0.6200220403904316,134
1267,A008370,0.6182224239541994,135
1018,A052460,0.6137385111253677,136
9,A138930,0.606836451729538,137
1791,A136480,0.6045599143119992,138
959,A004920,0.6009909890668574,139
267,A030610,0.5917881652182947,140
715,A335890,0.5847039200007944,141
1521,A272450,0.583627577430086,142
571,A020150,0.5822167624327762,143
1429,A254120,0.5754951460483694,144
214,A032540,0.5751820930787912,145
331,A092730,0.5749473197872431,146
1508,A013870,0.5711215875794615,147
1591,A082660,0.5666670078533743,148
1023,A013310,0.5651207466609922,149
1928,A069960,0.5621739342521028,150
40,A065150,0.5591855760761962,151
1676,A199800,0.5551204845625313,152
1493,A239340,0.5486207018056068,153
551,A214260,0.5465909294777131,154
1204,A226400,0.5448867688281476,155
1431,A234920,0.5409069899555997,156
761,A003720,0.5378211754103,157
1029,A065660,0.5324910546603623,158
17,A011150,0.5302399934913612,159
1948,A003010,0.5277133598432828,160
1892,A130660,0.526074587959815,161
1805,A373200,0.5235571681202216,162
1723,A028670,0.5208326743994115,163
600,A067280,0.5174222295030686,164
1874,A042520,0.5159170133344302,165
55,A006360,0.5148426558634968,166
1684,A246710,0.5119628754568583,167
417,A120240,0.509756186853326,168
1348,A164060,0.5078114504898512,169
1049,A205500,0.5060218050374908,170
775,A005500,0.5023803863911377,171
1813,A010040,0.4967761451222429,172
1485,A018470,0.49611869312168577,173
1257,A307280,0.4955548890737119,174
1321,A340930,0.4870812595558647,175
1595,A241710,0.4806763868495371,176
1996,A000540,0.4798121813120636,177
1293,A033270,0.4763903625473205,178
934,A138070,0.4727272305039912,179
1624,A060280,0.4690558447443197,180
297,A092440,0.46829078702217597,181
1080,A012750,0.4672279549260612,182
923,A034300,0.4668070493418967,183
1848,A123690,0.46357918361994244,184
1128,A247540,0.4632105651242785,185
1229,A019210,0.46055051651920326,186
1006,A010780,0.45977825240815257,187
1921,A064350,0.4575851500753783,188
1333,A039020,0.45754363950743837,189
1375,A099750,0.4487826767372675,190
1881,A009420,0.4453408816018928,191
1707,A150900,0.44408904455133963,192
1771,A002230,0.4439630114613944,193
1609,A021240,0.43920740050533236,194
686,A006910,0.4347134981252786,195
429,A006650,0.43202414783447596,196
814,A021050,0.43160770096632584,197
372,A019680,0.430831218352684,198
615,A059210,0.4250795719990751,199
1758,A053610,0.42126951839753923,200
370,A068240,0.41638206151293417,201
635,A001810,0.41243141723579896,202
1542,A119860,0.4055923953438053,203
1876,A011700,0.40307535777513864,204
728,A007160,0.4010589230540534,205
134,A066570,0.40016009977692446,206
1964,A000850,0.3972673630165137,207
358,A332290,0.39684337402658504,208
1251,A105840,0.39603709750483296,209
269,A053270,0.3930993502999894,210
1174,A014440,0.3881494389774924,211
849,A001430,0.38605649841850226,212
1126,A128540,0.3850911559065625,213
970,A060590,0.3807865803660218,214
770,A000520,0.38000219357560866,215
1098,A298380,0.37865115574932917,216
1476,A064800,0.3734566165032234,217
902,A013810,0.37191210841225236,218
1889,A007770,0.37118649999917264,219
490,A049770,0.37047112213260425,220
1662,A191420,0.3693292334001581,221
507,A336260,0.3680629161080109,222
1773,A043370,0.36746057504532254,223
1800,A071090,0.366799462594272,224
1625,A015590,0.3658508336081547,225
205,A100840,0.36567468254543933,226
578,A071840,0.3649302961568636,227
452,A194480,0.3623694123846586,228
1231,A011690,0.3591850649851295,229
1582,A190650,0.3591461120661712,230
295,A049080,0.35761773549511355,231
47,A050120,0.35587049712085084,232
1809,A039340,0.35357924230863375,233
12,A001040,0.35029693852795935,234
769,A004440,0.3465992304133053,235
462,A075970,0.3443514817693116,236
1298,A047400,0.34094754027756985,237
1840,A021650,0.3405195801581846,238
493,A006040,0.33954583620847767,239
87,A175330,0.33802690072273567,240
86,A099520,0.3315457872404647,241
357,A040160,0.33101299024860886,242
421,A015230,0.33094151290041607,243
1900,A002680,0.33079565928336474,244
936,A019170,0.3277596871159377,245
839,A015750,0.32767725966414407,246
753,A006110,0.3251882759853763,247
1274,A076080,0.324470398553623,248
907,A025320,0.3232514349366459,249
1566,A036030,0.32271008221379566,250
1294,A014830,0.32211476101781256,251
1379,A096040,0.32051637458396803,252
742,A032830,0.32009342618961123,253
216,A069260,0.3194154215969303,254
972,A260930,0.31877484528797706,255
253,A002240,0.31800453501993614,256
456,A145720,0.3138161779678267,257
1290,A320000,0.3129800779937928,258
1,A095570,0.3126806724827464,259
629,A348030,0.31223533097691564,260
352,A005250,0.31212688194097515,261
1365,A083470,0.30492507922547346,262
1383,A014990,0.3041982392692962,263
1164,A179290,0.30222763377102996,264
305,A247660,0.302086010568147,265
252,A010130,0.3009877140624151,266
763,A054540,0.3004419041155141,267
390,A128820,0.2977954549671727,268
1972,A298020,0.2958452048283016,269
401,A047040,0.2957176410969229,270
712,A142760,0.2953793264316188,271
1917,A084990,0.295358829288993,272
1040,A196170,0.29503342659666426,273
1811,A071050,0.29428882255043215,274
1416,A068330,0.28873562837233857,275
1640,A352770,0.28767621548224215,276
864,A053450,0.2860477610726784,277
1679,A322180,0.2847250019992073,278
117,A092230,0.28382969452854867,279
1978,A192410,0.2824444311878102,280
422,A096350,0.28080414880822685,281
938,A056700,0.27867123445087033,282
1069,A095910,0.27786895501568665,283
1932,A039010,0.2775044243549833,284
981,A074430,0.2773659075328211,285
1143,A031860,0.27217943545366013,286
228,A000500,0.2702357764795032,287
300,A013700,0.268864355699846,288
1162,A169330,0.2680177040769468,289
1628,A115180,0.26795859234477315,290
1912,A101530,0.2644292731101422,291
1082,A096630,0.2643965485160959,292
670,A003610,0.26289362723042803,293
359,A012340,0.2588479085726188,294
1975,A081660,0.25748732586711137,295
405,A069620,0.25710698535334203,296
7,A282330,0.2568552598311117,297
1774,A239890,0.25529066773850356,298
1248,A103840,0.2544582330151334,299
558,A038390,0.25323607091847905,300
1292,A313760,0.25295071262668045,301
547,A300120,0.25290953934546007,302
178,A016250,0.2525652737138726,303
149,A160550,0.25094083979895454,304
466,A004140,0.2507465676138981,305
815,A093920,0.24602877363763773,306
1637,A045520,0.2443463358102641,307
1000,A339950,0.2435627193399577,308
1327,A263050,0.24181103113018926,309
1289,A136540,0.2408599400596116,310
378,A008110,0.23681518211028074,311
903,A049830,0.2358138811905567,312
570,A023530,0.2351216341576183,313
1720,A027710,0.23405255453260232,314
555,A084650,0.2330554256693358,315
683,A250000,0.23089779189986048,316
62,A089470,0.23082885406813222,317
1158,A170920,0.22990432900936245,318
302,A004540,0.2288454226070654,319
662,A064550,0.22814090784205093,320
949,A010280,0.22740098526945907,321
852,A019440,0.22708403962581428,322
163,A218410,0.22612310312872985,323
337,A005720,0.2246526477286337,324
1658,A009410,0.2242495302879522,325
1437,A208140,0.2242246914361534,326
1155,A073110,0.22252809018840616,327
82,A036640,0.22227536269074086,328
900,A253450,0.22106817056599198,329
534,A104460,0.22027377784553093,330
129,A003550,0.21971842385654597,331
464,A086450,0.21604146019039933,332
1372,A084680,0.21536246985949914,333
1924,A319400,0.21272323743859023,334
710,A090460,0.2103705419290053,335
796,A042600,0.20854911043530272,336
789,A038540,0.20667860294842788,337
539,A033130,0.20530288581433614,338
1021,A084850,0.20355722554135253,339
689,A003000,0.20230315100920823,340
1904,A009830,0.20126900897628786,341
1795,A149980,0.19875197581510554,342
1902,A088350,0.19852372448678127,343
98,A021320,0.19749921456484865,344
1440,A095700,0.19740743551399945,345
1245,A006980,0.19708725523310683,346
553,A200350,0.19658645064111074,347
1730,A087010,0.19632025956022645,348
996,A143160,0.19546383159206066,349
538,A068930,0.1953013876190965,350
961,A264660,0.19519151099146417,351
1406,A175140,0.19506975883842625,352
1592,A192820,0.19475733262759087,353
1450,A023440,0.19343663361784405,354
694,A338220,0.19230265560644985,355
1926,A048410,0.19148611703810997,356
1618,A200130,0.1908662480424575,357
529,A092070,0.18949621233956818,358
1358,A005950,0.18808740223617118,359
1378,A092130,0.18660875454243167,360
618,A017180,0.1857186135601535,361
650,A268280,0.18554626728043383,362
1326,A179900,0.1853261353266439,363
1206,A048260,0.18522589216712868,364
1956,A241590,0.18500004008541115,365
564,A215100,0.18311183708489073,366
1562,A272110,0.18308066465781117,367
14,A035760,0.17996268523724784,368
241,A012320,0.17808606484715878,369
78,A115450,0.1772677139545136,370
1752,A005810,0.1764943923825136,371
1399,A129260,0.1751639336539539,372
705,A082800,0.1746137518627199,373
687,A000890,0.1723785619226751,374
834,A003080,0.17192252311851666,375
1341,A246960,0.17065108819798339,376
1960,A126640,0.16986867402752237,377
1569,A024880,0.16917531224342316,378
1891,A052690,0.16700363690125833,379
114,A058400,0.16699524900657944,380
853,A058650,0.1656941313851206,381
1533,A052300,0.1650900813522427,382
85,A095340,0.1649275674292603,383
471,A102260,0.16459936728533828,384
692,A014470,0.16453381085671567,385
152,A060250,0.16426346274335044,386
488,A088910,0.16399987002618685,387
1240,A072470,0.16333666195662555,388
550,A347700,0.16318795914735648,389
109,A035600,0.16138458873181216,390
72,A028300,0.16119666641971964,391
739,A006660,0.16075925422707563,392
133,A011070,0.16050607700018274,393
41,A155660,0.15971892935898604,394
99,A344820,0.1593314245074933,395
1814,A025540,0.1584853407691093,396
554,A171010,0.1579674147432874,397
816,A189860,0.15794067012057944,398
1545,A078340,0.15699964682598633,399
1743,A041020,0.15647351029637277,400
1736,A009520,0.1563611379912581,401
204,A064960,0.15512309523033804,402
1445,A159580,0.15489916784235777,403
533,A210540,0.15336918224854698,404
1107,A227100,0.15330557369264478,405
532,A219550,0.15231135250881808,406
186,A011790,0.15153282078726688,407
1096,A096690,0.14906848102982362,408
1842,A053590,0.1477611519418394,409
1175,A143540,0.1475334195662014,410
313,A130580,0.14752199113087747,411
387,A001680,0.14721880840416768,412
867,A252500,0.14669960834419798,413
31,A025440,0.1462776286900025,414
1487,A185750,0.14591261536453962,415
1280,A330350,0.14499050091780338,416
1998,A037440,0.14477591435125797,417
262,A014200,0.14471620235220894,418
964,A112610,0.14438320157432386,419
1694,A091810,0.14385657000344654,420
1043,A291650,0.14375493794137018,421
1824,A080720,0.1436569420358041,422
1644,A039490,0.14302165744138995,423
1194,A046120,0.14273111468343244,424
657,A206640,0.14239320578913162,425
105,A151860,0.14217605044590356,426
124,A060370,0.14214514836844022,427
1227,A193250,0.1419552391858746,428
468,A005960,0.14175442243337188,429
1551,A001620,0.14134591373416067,430
1646,A219130,0.13835735375410724,431
277,A307750,0.13831488842206513,432
1447,A033100,0.13784694777418802,433
1935,A011210,0.13609181063826656,434
1979,A090710,0.135057657799022,435
1335,A067920,0.1349968007713803,436
1464,A271980,0.13436521353651887,437
1469,A276730,0.13258812336448222,438
1359,A047560,0.13251211229967563,439
286,A014280,0.13195880763775183,440
792,A091580,0.131635390378005,441
1195,A014940,0.13119572761142,442
1564,A083550,0.1308824882458316,443
1142,A036570,0.13036811052857666,444
1839,A024720,0.13036180426626143,445
822,A008490,0.13019569970867856,446
531,A013570,0.12950878530566515,447
595,A001080,0.12922689982489127,448
244,A214390,0.12709254889785618,449
97,A002380,0.12686285452178425,450
702,A369370,0.1268403854811958,451
171,A036120,0.12676696472899926,452
1169,A347890,0.1266742315239199,453
602,A215200,0.1257387778163114,454
268,A339770,0.125471698614971,455
1584,A003690,0.12397210640149826,456
1337,A302430,0.12385273099995474,457
631,A033200,0.12361925536168222,458
162,A005490,0.12316684504089723,459
1380,A001840,0.12280234216661709,460
203,A003570,0.12146234553135722,461
1875,A004960,0.12070272844739205,462
1496,A000440,0.1204119416873313,463
1222,A065530,0.11941569010681026,464
1369,A039030,0.1192614709371285,465
942,A222800,0.11899563642368192,466
382,A006570,0.11871226192843877,467
1102,A088800,0.11762434859084733,468
1525,A094850,0.11692945974565844,469
918,A065350,0.11624291875821215,470
1214,A226950,0.11619001387100124,471
264,A029480,0.11599865263488718,472
994,A267850,0.1153602554244291,473
39,A241520,0.11521212439936004,474
254,A014570,0.11508246469150582,475
1746,A005670,0.11437389939370067,476
561,A228850,0.11326612200829721,477
116,A025000,0.11151810046106087,478
1403,A150840,0.11134705325904645,479
1402,A189300,0.11104970050778297,480
764,A005680,0.11101558291349105,481
1212,A309930,0.11049438734679183,482
1995,A189980,0.11039100593786187,483
1502,A303030,0.10876267194422892,484
1430,A043910,0.10863328486311989,485
1953,A039610,0.10798604105055741,486
1392,A100030,0.10777310299066015,487
1897,A079170,0.10727969263814031,488
1412,A000230,0.10697421785658419,489
645,A085620,0.10670736712663152,490
896,A136510,0.10650396823966837,491
766,A004380,0.1063240108745597,492
1312,A002920,0.10627715658099222,493
718,A042370,0.10602531834975479,494
1885,A300720,0.10582863532670184,495
925,A031440,0.10580910502448221,496
334,A007390,0.10415941468051165,497
1266,A336570,0.10407759344074446,498
797,A075180,0.10354509842016256,499
1753,A220100,0.10198146593064093,500
215,A022220,0.10184344692020149,501
491,A013120,0.10133285695968906,502
1014,A185490,0.10120068184525473,503
61,A039570,0.1005210289989175,504
1156,A083310,0.1004977775042252,505
128,A093050,0.09834897242538243,506
1772,A057880,0.09830185994265951,507
751,A029780,0.09826549114557728,508
734,A053700,0.09823657776641394,509
35,A375500,0.09722433790058711,510
48,A383220,0.0966989682640986,511
1799,A106080,0.09664128781829719,512
805,A007860,0.09648717299258024,513
745,A009150,0.09633796909255009,514
158,A004250,0.09588853055649812,515
1660,A124560,0.09564010750630791,516
1130,A038110,0.09532913226071478,517
355,A072710,0.09515391267218175,518
1726,A016800,0.09494650766697432,519
1632,A264900,0.09470993600815127,520
1666,A055490,0.09456858553384628,521
4,A265520,0.09445216190099044,522
520,A110990,0.09443336910628229,523
1011,A090150,0.09420272006282106,524
1580,A027050,0.09416384776357296,525
361,A270870,0.09409889773055043,526
1880,A018880,0.09394858583037884,527
64,A009540,0.09390086504643418,528
874,A068760,0.09367992938467266,529
1715,A140860,0.09323425813171816,530
1652,A023160,0.09252550851076825,531
510,A203650,0.09226336885711096,532
139,A010120,0.09224303799926127,533
747,A001360,0.09208688752225745,534
66,A267270,0.09179280002517151,535
1781,A087600,0.09103274805937106,536
908,A134790,0.08969038547637717,537
1796,A013030,0.0888791961407255,538
76,A024850,0.0887722086407251,539
779,A038500,0.08876009691840146,540
879,A066910,0.08859639119985943,541
828,A171090,0.0882498941470597,542
1600,A166480,0.08758886055093781,543
1857,A042700,0.08703391380547579,544
380,A005750,0.08703010166540079,545
272,A001140,0.08651822027776845,546
1505,A053050,0.08641108494021217,547
434,A003490,0.08549020427958999,548
194,A361610,0.08547031639994138,549
60,A012630,0.0853834058040164,550
1895,A180640,0.08533951801687097,551
1438,A040420,0.0848859231645182,552
1674,A108230,0.08485047015236553,553
574,A286940,0.08428607730198409,554
573,A004000,0.08425382550737058,555
1955,A378850,0.08329309810151939,556
1804,A000140,0.08268243606698208,557
1066,A298060,0.08205730526493575,558
840,A000180,0.08190422430238047,559
1971,A298050,0.08170925642218518,560
588,A042500,0.08134713237462465,561
1656,A053620,0.08119580331336745,562
1332,A008250,0.08074858311086892,563
473,A025950,0.08062013715939645,564
1819,A025550,0.08027659392174892,565
982,A092040,0.08015627612217391,566
720,A032850,0.07995635526898738,567
1278,A071460,0.07964514023773371,568
1044,A293780,0.07904500831754217,569
388,A084690,0.07879826859383467,570
1888,A003300,0.07853293268002604,571
1807,A004590,0.07840786919708813,572
541,A263020,0.07824290461495116,573
1523,A002780,0.0778921627948431,574
245,A012610,0.077721952708307,575
623,A080420,0.07703899837892557,576
1205,A031510,0.07700091916250026,577
1470,A080220,0.07696565130602727,578
904,A020710,0.07672093882947835,579
275,A006050,0.0766427988448028,580
393,A104040,0.07644478115337162,581
206,A036530,0.07624982519420628,582
1826,A015760,0.07599945672092266,583
1325,A001200,0.07599719488996164,584
1495,A072020,0.07582458146179953,585
1190,A080520,0.07569925176395778,586
320,A025860,0.07465975816956473,587
20,A058820,0.07424928342329562,588
1423,A020760,0.07416446481869973,589
528,A127120,0.07398897321956424,590
1526,A004650,0.07351544271944392,591
1685,A340570,0.07262285162707321,592
472,A033500,0.07245960085348326,593
831,A014620,0.07192130735456162,594
851,A003030,0.07161951001770468,595
1670,A078000,0.07107267235796523,596
135,A037560,0.07097223282213891,597
772,A037460,0.07091793827994143,598
1074,A080000,0.07061923347271552,599
1962,A061250,0.07044225595417143,600
396,A045390,0.07005464544291048,601
1388,A060150,0.06971480973731818,602
957,A050890,0.06924341916534683,603
89,A067290,0.06905059949681533,604
314,A036800,0.06899476207393822,605
1851,A052600,0.06881585844812617,606
845,A017510,0.06844942608578514,607
1243,A010050,0.06801920322459394,608
1722,A068050,0.06778303113540185,609
1483,A034940,0.06774716481145131,610
502,A000020,0.06761713872574693,611
185,A034730,0.06757703416338866,612
843,A148150,0.06727129623799494,613
1738,A003670,0.06723661497989204,614
362,A144960,0.06705657618695945,615
1086,A039440,0.06618702385958926,616
1103,A241840,0.0657592006914671,617
200,A000660,0.06575406231192968,618
413,A290380,0.06554601413037552,619
383,A007720,0.06520347688436856,620
1186,A053280,0.06477661946187413,621
1873,A226440,0.06470278914818636,622
1577,A047770,0.06403548847757462,623
1087,A052020,0.06401983175291874,624
743,A018260,0.0636871080424273,625
1458,A126880,0.0635770692731588,626
1806,A066130,0.06340216547070301,627
1279,A044340,0.06313844927754013,628
1952,A064240,0.062706279798778,629
486,A228340,0.06262941175930588,630
1633,A005740,0.0625465724295328,631
474,A000640,0.062339568578107844,632
1621,A192400,0.062094569049013636,633
1990,A243070,0.06204258195392676,634
699,A251630,0.0619873454556771,635
803,A006730,0.06137278530034175,636
373,A006370,0.06117590189882096,637
1313,A024800,0.06022210621337528,638
1512,A018120,0.06002133415081088,639
966,A115480,0.05996198637487685,640
292,A214330,0.05979753726080925,641
1612,A282880,0.059506087018558605,642
1459,A322510,0.059464075560448554,643
360,A214870,0.059323982391689754,644
1452,A287410,0.05897622252018443,645
944,A160980,0.05850885361335486,646
1226,A251370,0.058376317636022364,647
1945,A057050,0.058218040665896996,648
858,A067830,0.0581859050636718,649
166,A010950,0.05806716666813168,650
1391,A037330,0.05780233424578552,651
832,A037350,0.057700667880444124,652
1084,A041910,0.05749828885630779,653
886,A004430,0.05744332030842614,654
1108,A239610,0.0568575723313772,655
1740,A318020,0.05665040615453482,656
1690,A356860,0.05658219917902543,657
36,A068790,0.05647677456752991,658
620,A009900,0.05634420733291239,659
1199,A010470,0.05610547437072696,660
1366,A095190,0.05513690325431896,661
52,A114090,0.05495836293680792,662
1549,A214370,0.054367660954793555,663
1307,A206650,0.05423550832576471,664
1259,A032940,0.05413034165647328,665
1208,A080580,0.05369911380171144,666
1788,A166090,0.053541013273919115,667
1246,A066590,0.0533360276297651,668
301,A308100,0.05288522691122381,669
1671,A200230,0.052851245682625746,670
1829,A006200,0.052818481339888354,671
237,A053950,0.0521167844875091,672
883,A357780,0.052007261594676335,673
612,A140410,0.051898258891119785,674
1364,A123570,0.05176509799746151,675
1394,A034590,0.05169257793359132,676
1265,A030530,0.051257206978202643,677
1893,A002320,0.05115967938005225,678
1475,A082270,0.05077423049581219,679
1324,A084370,0.05045964669551078,680
1547,A307930,0.050285512137819094,681
643,A007120,0.05023352000574093,682
1560,A073010,0.050212200332584,683
1973,A298000,0.050145092215679754,684
1413,A013360,0.05010434918214744,685
801,A294630,0.04997079195598721,686
1051,A290740,0.04867990951299398,687
865,A222810,0.04867029102760145,688
708,A200780,0.048236639773922695,689
1903,A000370,0.047898665553286215,690
1879,A001750,0.0478536011079065,691
29,A139130,0.047815895610281656,692
717,A082920,0.04780251440696678,693
723,A065450,0.047346462619277184,694
1376,A035810,0.04725174940903445,695
1514,A036890,0.04716083355159549,696
282,A186230,0.04702618336265504,697
977,A125210,0.04669120880334918,698
274,A043650,0.04663941044586429,699
604,A235980,0.04659375120865477,700
470,A002210,0.04632871924897664,701
1354,A351330,0.045874643632602526,702
420,A012800,0.04572919000779122,703
1832,A023350,0.04564304752645268,704
749,A016360,0.04521206942379582,705
1970,A298040,0.04515366714872385,706
248,A012200,0.0450874911492523,707
1181,A006740,0.04491800109370126,708
750,A068290,0.04431102712772565,709
299,A024110,0.04428362895441771,710
836,A011300,0.0442539650726209,711
1439,A217190,0.04329351664270059,712
1210,A173130,0.04298142451701601,713
1636,A083790,0.042932210230549356,714
1288,A036090,0.04285181730280609,715
922,A035510,0.04278738167156948,716
1057,A073570,0.04275449600365856,717
329,A311390,0.04272188413002802,718
707,A100220,0.04261059795643678,719
1779,A006140,0.04254863840189486,720
565,A090360,0.04252190979338366,721
1390,A006490,0.0424938236281691,722
895,A192440,0.04243895781480663,723
1077,A010580,0.04241322499065153,724
1702,A214450,0.04220895274413782,725
1756,A321260,0.04215138516258857,726
729,A014710,0.04212263001071602,727
965,A359090,0.04206521918217608,728
1919,A170030,0.041562364256908076,729
1517,A007370,0.041294538523495634,730
1345,A041520,0.0411106710128297,731
1127,A086520,0.04077967696414091,732
1712,A049120,0.04073046626890392,733
924,A031430,0.04059404236518313,734
182,A009160,0.04046138608499981,735
1503,A144510,0.040067662112616836,736
946,A217330,0.039934647078405695,737
1934,A307950,0.039881356848713495,738
909,A269620,0.0397081010938963,739
1869,A014680,0.03967508395288088,740
1171,A259630,0.03953447618435363,741
344,A104620,0.03943155329715511,742
1484,A067000,0.03906641243260924,743
294,A036190,0.03899248505844922,744
920,A005390,0.038988077592419436,745
1189,A045060,0.03885627365775823,746
868,A049180,0.03880048515900308,747
1315,A054930,0.03878678347337025,748
876,A060230,0.038501310343830114,749
1887,A006390,0.0382527910274691,750
154,A005940,0.037855699058648086,751
506,A131970,0.03775838653094203,752
685,A003850,0.03735898823183764,753
144,A108670,0.037300240969025095,754
1581,A007810,0.036771750439661195,755
159,A010060,0.036565557223538075,756
1121,A089970,0.036536122316800666,757
1638,A036170,0.03634845970213521,758
527,A066900,0.0363367843491492,759
1353,A131400,0.0362996114749901,760
1397,A049070,0.036129218742261056,761
84,A003560,0.036114609482070716,762
1125,A101360,0.03575187849659129,763
616,A058110,0.035676620994653074,764
826,A007610,0.03517648444787399,765
1821,A002960,0.03496968360894692,766
817,A178320,0.034797286207596805,767
423,A140520,0.03471087282485892,768
1426,A015860,0.03429348538037013,769
813,A018680,0.034171254175050514,770
1991,A084110,0.03393784077392332,771
1623,A317690,0.033763564316094494,772
1218,A109080,0.033703422977937304,773
115,A114450,0.0333156339512829,774
1831,A025770,0.03325132345467158,775
6,A027410,0.032919283700182114,776
1340,A073490,0.03285788484609949,777
439,A067080,0.03281364597961468,778
49,A007700,0.0325039387684604,779
1262,A104830,0.03197313985014247,780
354,A004370,0.0318915439970822,781
1168,A033160,0.03179381639681203,782
560,A228670,0.03068075951163008,783
1172,A115960,0.030665527281460457,784
1217,A082210,0.03060535452350075,785
96,A024120,0.030386042544623553,786
681,A007210,0.030282211626139432,787
601,A072870,0.03023169663433496,788
1870,A004710,0.029597968442639844,789
856,A091090,0.02953561892199313,790
1622,A284740,0.02934509306211868,791
1697,A081150,0.029183437684390596,792
626,A101330,0.02917212760220998,793
1268,A101160,0.02907010482225093,794
247,A013580,0.028880269392115913,795
1185,A036000,0.02826148708382542,796
804,A100660,0.028256358629264806,797
1608,A138490,0.02813503619236072,798
1925,A010620,0.028008838959364953,799
173,A036540,0.02799928481659161,800
688,A226340,0.02795204982026401,801
663,A314930,0.0278758586485304,802
1786,A299030,0.02781939888037335,803
377,A008830,0.027358873685879196,804
622,A005360,0.027355898720692225,805
160,A178920,0.02734055186805262,806
1846,A037230,0.027230800905866753,807
319,A003920,0.027026300039784335,808
330,A085910,0.026819972381817665,809
807,A019770,0.02677630089274386,810
960,A352480,0.0266589765245674,811
1188,A122640,0.026372562106441202,812
1837,A054040,0.026364438318643584,813
1192,A039830,0.02609822686178411,814
875,A091990,0.025898816124503496,815
596,A267980,0.02585152198410364,816
656,A201490,0.025418385713340364,817
130,A034220,0.025158273931083237,818
1456,A194370,0.024859357145956926,819
138,A006260,0.024841498952870068,820
914,A029530,0.024629569051678252,821
1490,A033340,0.02436176353238273,822
1488,A063160,0.024087956776262905,823
584,A016100,0.023947760861886304,824
441,A118000,0.023847574381689416,825
1797,A352820,0.023760752250839637,826
1680,A117730,0.023410350733311602,827
1729,A001020,0.023382079422082234,828
731,A122350,0.023077192018734805,829
1236,A041190,0.023034084045171883,830
676,A066410,0.023018213150303807,831
958,A222080,0.022751440899683673,832
733,A018310,0.022669293863031216,833
1187,A015360,0.022429028310405455,834
1480,A001550,0.02215783728960975,835
916,A001000,0.021837558531544426,836
1177,A009970,0.021829920928363403,837
125,A122450,0.021674094862161403,838
1611,A056360,0.021439373920180523,839
1691,A062860,0.021171715280469232,840
193,A326030,0.021151159677394452,841
894,A094840,0.021120966544155406,842
569,A000400,0.020883896785150957,843
79,A204320,0.020593185278443615,844
953,A037760,0.02047130754697254,845
655,A214610,0.019917841008167618,846
1642,A139670,0.019827340234797007,847
1347,A054210,0.019776239463935797,848
617,A096640,0.019430055032842168,849
1299,A203450,0.01940876380524129,850
848,A011560,0.0193409996693886,851
1524,A085660,0.01917331266549757,852
572,A280360,0.01915671567781668,853
1352,A078020,0.019019794961423617,854
210,A071970,0.018890282666243062,855
1865,A016450,0.018756683949738808,856
226,A079940,0.018669062256540397,857
1343,A272290,0.018471728267165293,858
1089,A288620,0.01841146970070112,859
989,A050860,0.017697910583848765,860
430,A001440,0.017607931863144063,861
1946,A092300,0.01743960957532957,862
1405,A023810,0.017375430043047518,863
1328,A000100,0.017317087633932977,864
1629,A182360,0.017209913906058673,865
1346,A264850,0.01717866102588036,866
1854,A256150,0.01709872544238462,867
113,A001940,0.01678271650829122,868
974,A123860,0.016586203708694607,869
136,A051910,0.01648584556973649,870
1655,A323280,0.01637359637863811,871
1091,A058610,0.015955191968826263,872
725,A143240,0.01588188624987638,873
956,A049960,0.015544775984277967,874
1518,A010640,0.015374116607276759,875
1281,A348350,0.015158598286452454,876
374,A008060,0.01513013917846079,877
1940,A001500,0.015065599794817117,878
1777,A147760,0.01470990656985808,879
998,A332370,0.014378008483075752,880
1002,A289010,0.014357689432324941,881
1822,A017890,0.01423614116033243,882
1850,A030520,0.014069753698527695,883
308,A190510,0.013980320410505639,884
1568,A256940,0.0137757161830614,885
738,A006400,0.013716290150045706,886
121,A033780,0.0135932894234452,887
666,A086040,0.013506528805142819,888
521,A078590,0.013274360070580473,889
1977,A353190,0.013051975692216965,890
1202,A241790,0.01273826212246929,891
243,A000050,0.012668960987361956,892
884,A036830,0.012288023092235437,893
1088,A237690,0.012285848284760495,894
80,A060980,0.012158993551747767,895
1747,A094940,0.011669529076794768,896
428,A023910,0.011505687061438005,897
256,A098460,0.01139823056634763,898
1511,A035000,0.011277907531965524,899
1489,A001630,0.01123182993794685,900
494,A014820,0.010925789242168159,901
1683,A064760,0.01080029726623733,902
1357,A007660,0.010765831045641104,903
24,A000590,0.010568311458096951,904
721,A238200,0.01048277907600044,905
1587,A183300,0.010321970816582407,906
778,A024950,0.010154020353160759,907
1242,A153490,0.00978178282777004,908
1113,A230980,0.00952506236728369,909
1022,A027360,0.009433446115819796,910
752,A000810,0.00936678159150884,911
75,A067630,0.009005949768797332,912
948,A003410,0.00871685743353082,913
1409,A071200,0.008638091013979152,914
266,A037710,0.008454364314664146,915
1761,A041590,0.008237285657241569,916
1081,A306040,0.00803361289375287,917
1808,A036460,0.007960949754178744,918
1552,A192250,0.007677367471387792,919
1825,A123890,0.007334157764725958,920
195,A100090,0.006987381719725164,921
111,A033180,0.006855581242309555,922
287,A053260,0.0068311476435652775,923
480,A001520,0.006781422818970004,924
758,A002170,0.00674446492147797,925
1565,A032500,0.006709736347828482,926
1949,A111110,0.006598342918658783,927
142,A108320,0.006570516568837595,928
1835,A017960,0.006341116911445768,929
448,A004830,0.00630804634265434,930
1604,A002020,0.006268509605868192,931
454,A206560,0.005912388314353272,932
351,A234690,0.005856915596031601,933
328,A042420,0.005733320814854663,934
706,A318410,0.005731942222478088,935
427,A001070,0.005650849803807332,936
890,A084180,0.005602553483949033,937
869,A299660,0.005418243994553025,938
579,A038060,0.0054076872069238405,939
283,A014530,0.005190632533161427,940
1419,A007570,0.0051519491070528695,941
1421,A019540,0.004994446460157429,942
1634,A096240,0.004840787862196312,943
592,A305090,0.004756986646476903,944
794,A089980,0.004696616026598861,945
1501,A263860,0.004557025984508765,946
1695,A004870,0.0044555311871826535,947
270,A007690,0.0042988061309363786,948
1295,A036200,0.0037553074100949192,949
1387,A277410,0.0033163872655636714,950
1250,A065680,0.0033111384232660654,951
1769,A319660,0.003101549610129576,952
870,A268600,0.00309899262702762,953
1060,A238120,0.002864194488694535,954
1263,A014190,0.0027373082213181742,955
141,A229640,0.0026153763696061968,956
1339,A056090,0.0024843986437506835,957
1059,A263540,0.002347253898097124,958
783,A004450,0.002332765037489287,959
1075,A005850,0.0023278548225220378,960
906,A048870,0.002236737652026186,961
1615,A052330,0.002139932276798034,962
1418,A007110,0.00213438570872005,963
1360,A093230,0.0018916033637699885,964
513,A192650,0.0018547876074805267,965
1716,A091700,0.001710724179085904,966
1027,A001540,0.0016527172355998135,967
236,A039240,0.0014678749129901436,968
1035,A140670,0.001442223417354479,969
1152,A290650,0.0012351876074348268,970
211,A289080,0.0010940834183198525,971
1145,A354200,0.0010733906278582968,972
748,A010140,0.0006825540386291226,973
1787,A067310,0.0005179521714605356,974
1016,A262840,0.0002899751732933413,975
1141,A333620,0.00023271716039024963,976
342,A217270,0.0002202954978610592,977
606,A054180,3.804847986786143e-05,978
1710,A368770,-0.00020164368367790505,979
684,A002760,-0.0005093551881285935,980
1665,A095610,-0.0006305772673989846,981
1986,A065510,-0.0007591484113836312,982
862,A039310,-0.0007779016073803471,983
1382,A024810,-0.0008298246088770062,984
768,A002290,-0.000844782355242223,985
1593,A044820,-0.001040724474155889,986
889,A017550,-0.0011515570783172282,987
1724,A222110,-0.001260620286077489,988
1461,A089790,-0.0013721553550600449,989
1420,A178780,-0.0014471675885818168,990
1681,A033830,-0.0015496039751100004,991
1750,A023900,-0.001713123632854766,992
1711,A170790,-0.0017582438164470181,993
1567,A064820,-0.0017649704082957373,994
632,A009680,-0.0017768157850206843,995
1499,A013890,-0.0024692262052523114,996
1950,A008770,-0.0024840286302258117,997
189,A006120,-0.0027049765131570516,998
19,A051500,-0.002762786832393266,999
1109,A357230,-0.0028269462496433,1000
1563,A039420,-0.003336152753332193,1001
371,A145210,-0.003398046917301563,1002
1230,A122870,-0.0034409085332604596,1003
1717,A032800,-0.0034789462750289294,1004
1531,A047820,-0.0034957708668799763,1005
1052,A238090,-0.0036274999684540524,1006
1667,A064520,-0.0036654262846426188,1007
1827,A063570,-0.003784259206184717,1008
310,A089600,-0.003882042004324847,1009
438,A069460,-0.003992824283297522,1010
1759,A335810,-0.004169655782831935,1011
1367,A091120,-0.004278216240453759,1012
403,A042660,-0.00439761862915584,1013
53,A078930,-0.0044535343722948,1014
1530,A066360,-0.0046341095825664005,1015
1647,A065130,-0.004689256679850425,1016
786,A001820,-0.004859783477844736,1017
28,A000990,-0.00489422050674133,1018
1261,A074600,-0.004956016017542649,1019
1916,A234340,-0.005050523263890302,1020
700,A018290,-0.005552879184187353,1021
1064,A097780,-0.005598285043540977,1022
1944,A001450,-0.005609702216019748,1023
1453,A137950,-0.005696363210771176,1024
255,A348150,-0.005932514992043791,1025
10,A001460,-0.006075014964302218,1026
644,A100790,-0.006183716837437022,1027
1828,A041460,-0.006193344571162423,1028
607,A086900,-0.006261420120607332,1029
1575,A052400,-0.006266088938368481,1030
192,A302440,-0.00628703941162236,1031
386,A078140,-0.006641442234300357,1032
927,A002800,-0.006650067989073396,1033
1368,A102460,-0.006800778881257339,1034
106,A046440,-0.006992154432205316,1035
659,A035620,-0.007090623101476926,1036
485,A008970,-0.007277020261708314,1037
608,A078160,-0.0074539789117185635,1038
880,A336370,-0.007656807726750269,1039
652,A134380,-0.007819212406870854,1040
353,A065560,-0.007832169719335941,1041
399,A006580,-0.007832169719335941,1042
619,A257370,-0.007832169719335941,1043
1377,A160600,-0.007832169719335941,1044
1543,A223310,-0.007832169719335941,1045
1598,A069110,-0.007832169719335941,1046
594,A038290,-0.007976371145392033,1047
307,A051490,-0.00803846597612299,1048
1184,A012160,-0.008061013600700323,1049
1930,A004310,-0.008369919451200065,1050
1812,A034950,-0.008370875928799659,1051
1536,A284620,-0.008887388731985822,1052
119,A044450,-0.008916652210149523,1053
1012,A123010,-0.008995076454430918,1054
414,A002880,-0.009555647504778815,1055
58,A297890,-0.009625133389666855,1056
364,A064260,-0.010158864685179271,1057
1062,A270660,-0.010258841807171641,1058
1001,A099190,-0.010662220428513244,1059
59,A078150,-0.011041240271307212,1060
375,A353200,-0.011416076968335794,1061
1381,A000760,-0.011474465767406163,1062
798,A252990,-0.011512931642306032,1063
447,A077360,-0.01164314801598155,1064
333,A153460,-0.011730373815162457,1065
140,A000680,-0.01182393777595243,1066
992,A067390,-0.0121073521558886,1067
51,A130500,-0.01222198521068763,1068
1938,A005440,-0.01230993363921201,1069
633,A118990,-0.01246581175026045,1070
1322,A023410,-0.012634015252392146,1071
177,A005090,-0.01267701850799688,1072
1133,A173940,-0.012702701261179105,1073
771,A009770,-0.013080335193202682,1074
1607,A120110,-0.013149387842880495,1075
290,A002990,-0.013476344286684106,1076
1790,A039130,-0.013599618056157373,1077
517,A024090,-0.013683617109895402,1078
1757,A303360,-0.013896450995980879,1079
1273,A065950,-0.013961745631182155,1080
854,A100700,-0.014000884552509089,1081
1677,A105550,-0.01408147901366399,1082
1238,A082850,-0.014098262073593812,1083
1969,A097870,-0.014171481952187306,1084
1929,A004560,-0.01457588461476682,1085
1260,A240810,-0.01464796480249458,1086
1783,A347770,-0.01465333661349747,1087
1451,A090470,-0.01487854953898729,1088
1384,A041830,-0.015020014127284724,1089
726,A003960,-0.015442605458864608,1090
1330,A008730,-0.015742126493125248,1091
929,A001720,-0.015909962843350854,1092
1974,A093370,-0.016057001574005306,1093
634,A009580,-0.016169613971255218,1094
1663,A073640,-0.016617841118961293,1095
220,A002900,-0.01674544451098213,1096
1868,A213500,-0.016791164895558822,1097
188,A001740,-0.017099879164834644,1098
501,A025900,-0.017113187134412056,1099
426,A054670,-0.017295678382266037,1100
950,A004770,-0.017404987957864045,1101
77,A047920,-0.01808224021425841,1102
278,A002720,-0.0181709378610045,1103
1221,A232140,-0.01836448639909786,1104
1728,A251970,-0.018384957328728333,1105
1700,A034230,-0.018445486145698048,1106
425,A010170,-0.018848240892009493,1107
795,A042940,-0.01929187515099363,1108
479,A041930,-0.01973234416531748,1109
1003,A214430,-0.02034056283492328,1110
1410,A101930,-0.020575778866825288,1111
1131,A064850,-0.020609986301315046,1112
1936,A090850,-0.021078826046846817,1113
261,A009290,-0.021331422828852847,1114
368,A023590,-0.021367256236785027,1115
987,A183190,-0.021433398426188837,1116
1661,A007980,-0.021764563755379742,1117
1967,A004800,-0.02177504358790251,1118
212,A002710,-0.021788569856194737,1119
381,A017650,-0.021835429243285936,1120
1859,A128940,-0.02186177596500034,1121
365,A039560,-0.022069563977171316,1122
34,A001880,-0.022072122801122994,1123
1045,A018250,-0.022136377110249725,1124
1704,A005690,-0.022712355885426822,1125
457,A067990,-0.022986311317179448,1126
1586,A049430,-0.02299503461924808,1127
260,A121440,-0.023073763226282743,1128
1509,A071320,-0.023096868293989572,1129
279,A035080,-0.023307663112180216,1130
1558,A093320,-0.023549382192408114,1131
1768,A241820,-0.023553795812898536,1132
823,A035890,-0.02359449922145314,1133
1527,A278280,-0.023719004357021452,1134
1146,A183490,-0.02376383291887999,1135
1436,A000950,-0.023895754175882924,1136
1479,A004700,-0.023914207343887942,1137
1276,A069080,-0.024034428671129,1138
1119,A003060,-0.024438516220335115,1139
993,A127710,-0.02445793718300141,1140
762,A002810,-0.024630229330682964,1141
1422,A081000,-0.024678339874362333,1142
621,A012690,-0.024755622900782613,1143
1898,A009460,-0.025008550799419094,1144
1498,A314130,-0.025141781565674134,1145
1985,A079980,-0.02572053373415094,1146
127,A061970,-0.026086872328129118,1147
590,A027740,-0.026459397370445784,1148
250,A198440,-0.026692472027471492,1149
1693,A321550,-0.026695794091018018,1150
232,A035250,-0.026743494663520728,1151
887,A086980,-0.027048877035430494,1152
1845,A032300,-0.02724820097312161,1153
1314,A000700,-0.02736440311349204,1154
1798,A126700,-0.027542995152669506,1155
825,A003100,-0.027584147283266924,1156
30,A060900,-0.027673433300637762,1157
1013,A031310,-0.02781512539707962,1158
759,A272550,-0.0279608075880466,1159
1546,A063080,-0.027989730881382395,1160
404,A003090,-0.028057568087382558,1161
577,A011170,-0.028107839596726625,1162
767,A002450,-0.028426104593990694,1163
1301,A077500,-0.028538209716596995,1164
483,A060380,-0.028850277886788005,1165
1393,A023800,-0.0288797415037607,1166
1861,A009240,-0.02889298553617054,1167
1981,A115160,-0.02923168037490817,1168
1909,A034810,-0.02932474330534865,1169
1867,A114810,-0.029453908215980686,1170
304,A121600,-0.02957474438113014,1171
1114,A021080,-0.02958048441042703,1172
1401,A064290,-0.029649544956185676,1173
1532,A131100,-0.02980901088791445,1174
1305,A142210,-0.029963396330420576,1175
1033,A215790,-0.029989509009536282,1176
1751,A103140,-0.0300361992891717,1177
88,A234080,-0.030094439433400507,1178
1070,A031330,-0.030177874548271887,1179
54,A083450,-0.030291049034231583,1180
1886,A002220,-0.03038736138090975,1181
199,A017670,-0.03055269466202076,1182
512,A060570,-0.030633885260358717,1183
642,A218150,-0.030917989194058297,1184
445,A213420,-0.03151115317995953,1185
346,A000320,-0.03151657239098003,1186
1054,A174900,-0.03154035896483232,1187
1579,A104540,-0.0317249747908752,1188
356,A054050,-0.031991826169838485,1189
1669,A054450,-0.03201433560361293,1190
746,A005930,-0.03224332353521439,1191
478,A282690,-0.03236367777383038,1192
1871,A004150,-0.032515327130128384,1193
1709,A047310,-0.03284000120801706,1194
1705,A177830,-0.03287712813041776,1195
660,A053030,-0.03288300415379973,1196
610,A138040,-0.032942010810394266,1197
1196,A002630,-0.032973095258481334,1198
33,A000210,-0.03307284010609769,1199
941,A243840,-0.0331598754133282,1200
1395,A211050,-0.03319720205611274,1201
1019,A119830,-0.033257501828978527,1202
419,A078600,-0.033349884639314716,1203
1053,A129890,-0.03350475267118123,1204
1144,A265740,-0.033721555599808016,1205
1548,A263700,-0.03385148254092713,1206
1025,A158430,-0.03386906701576068,1207
238,A002100,-0.034328627372829185,1208
1336,A044960,-0.03458110469909507,1209
842,A043260,-0.03468153428935508,1210
1834,A104700,-0.03487886434682499,1211
1760,A053160,-0.03498904536735586,1212
280,A204020,-0.03509986108489989,1213
1234,A316140,-0.035139322810999504,1214
1718,A318010,-0.03534124022476084,1215
773,A032750,-0.03552366797781833,1216
1050,A052790,-0.03552769272973382,1217
176,A184230,-0.035581374145913065,1218
582,A058470,-0.03567018731980221,1219
614,A090370,-0.03661360874896417,1220
873,A068270,-0.036644036709225336,1221
348,A285490,-0.036661942567736604,1222
1927,A052260,-0.036791466649635826,1223
1427,A226320,-0.037120127497944855,1224
1915,A214180,-0.03729683623816834,1225
1010,A101390,-0.037465919578813865,1226
1504,A051160,-0.037714628804572804,1227
1713,A038950,-0.038619634157931425,1228
665,A038460,-0.03882113099506132,1229
1008,A038880,-0.03901259608384162,1230
1626,A040350,-0.039043545061133424,1231
1269,A064090,-0.03917624378860774,1232
1286,A038620,-0.039468719138681385,1233
1714,A131760,-0.03955251762363162,1234
1342,A088390,-0.03976804733176267,1235
167,A019550,-0.039772387187395127,1236
26,A016610,-0.03987907831456877,1237
861,A036630,-0.03991239644102621,1238
376,A000490,-0.04031518606558639,1239
496,A109860,-0.0403334366083867,1240
1649,A014580,-0.040735223871374876,1241
1833,A000970,-0.04097456141530949,1242
997,A054800,-0.041163732995839176,1243
1959,A010690,-0.041857911540624036,1244
901,A026890,-0.041876090080852774,1245
1541,A050110,-0.042843597331929745,1246
1686,A043220,-0.04325857279584713,1247
1947,A093240,-0.04332554300033651,1248
81,A011200,-0.043475554095709024,1249
71,A014790,-0.04395535440322243,1250
928,A005800,-0.0443071156010279,1251
1573,A089010,-0.04443477491822023,1252
1976,A005870,-0.04483819263290736,1253
1296,A018000,-0.044947070028564046,1254
1032,A260660,-0.04511815294129068,1255
1830,A053300,-0.04528385787565308,1256
1908,A195870,-0.045337412534467415,1257
392,A027830,-0.04534714301643497,1258
1318,A263770,-0.04537625477156028,1259
1136,A205100,-0.04592345634198409,1260
132,A032640,-0.04652697456482241,1261
145,A383800,-0.046600160489704216,1262
1425,A094820,-0.04671746295812353,1263
732,A014970,-0.04692438513046168,1264
1491,A036930,-0.04698919234141029,1265
986,A002030,-0.04746138561403176,1266
1028,A053800,-0.04774222312489171,1267
1968,A094280,-0.04778533075551761,1268
1664,A066700,-0.04841951159862183,1269
1754,A334970,-0.048421486638286444,1270
161,A024940,-0.04866080877947841,1271
440,A298540,-0.04866360993886406,1272
1042,A085810,-0.04867885401572708,1273
892,A236200,-0.04897029926182077,1274
1823,A000240,-0.04906123570094113,1275
1329,A003460,-0.04913297462004021,1276
207,A005610,-0.04926070448105503,1277
639,A279600,-0.049433838066469754,1278
172,A099220,-0.04946885236231813,1279
398,A108380,-0.04965800586780358,1280
821,A065710,-0.04969852736409588,1281
1528,A000650,-0.049707127660288626,1282
1603,A029960,-0.04985238523759635,1283
1539,A042000,-0.04992269577685418,1284
257,A035290,-0.05028269860407446,1285
587,A277070,-0.05041436009245279,1286
860,A258830,-0.050461963337707874,1287
1038,A148250,-0.0506449488885992,1288
952,A222420,-0.05071875277747641,1289
1349,A065440,-0.05073650430690207,1290
983,A083930,-0.05109344221543712,1291
741,A207940,-0.051325224328237634,1292
101,A009070,-0.05136921142609474,1293
322,A091590,-0.05158300575626472,1294
312,A138610,-0.051679934513552475,1295
1317,A003470,-0.051945812557407316,1296
1356,A086890,-0.052024673801860745,1297
1481,A000480,-0.05212778763602896,1298
955,A015540,-0.052154619415033916,1299
1529,A012600,-0.052154619415033916,1300
1544,A109070,-0.052154619415033916,1301
242,A011040,-0.052307549263495415,1302
202,A063440,-0.05236912804043652,1303
810,A046890,-0.052573914787624264,1304
465,A023450,-0.05267985650326961,1305
1068,A101490,-0.05294084062080964,1306
1486,A002600,-0.05302290724346711,1307
395,A003540,-0.05379509020004942,1308
935,A226330,-0.053942145834613944,1309
1116,A262260,-0.05436573517013259,1310
1780,A304840,-0.0544073664598599,1311
175,A040610,-0.05482735594863185,1312
251,A049720,-0.055282007458147125,1313
1303,A086390,-0.055392368417753426,1314
415,A290120,-0.055613493082173115,1315
1860,A047080,-0.05612237191102111,1316
1277,A053580,-0.05659260397950816,1317
589,A219420,-0.05683218804522544,1318
613,A241770,-0.056835574773216074,1319
788,A027580,-0.05698812267460974,1320
1247,A017370,-0.05710819153854565,1321
740,A028260,-0.05725712649645462,1322
940,A004080,-0.05764146585564712,1323
863,A075580,-0.05773770531413121,1324
1118,A109960,-0.057871819395344554,1325
1101,A003800,-0.05800831799299452,1326
915,A004970,-0.058321901786994305,1327
599,A100590,-0.05881624127405561,1328
147,A023150,-0.05920201081875008,1329
549,A069540,-0.05930118274416961,1330
548,A171120,-0.05937498133202742,1331
1120,A244920,-0.05942628318001011,1332
1176,A111770,-0.05945255010417931,1333
1588,A041960,-0.06089333481120689,1334
628,A363260,-0.06140538420511653,1335
1913,A220180,-0.06145944166684896,1336
46,A037370,-0.061563186680965824,1337
1701,A033540,-0.061821751183784926,1338
1883,A024740,-0.06211087315828488,1339
882,A035610,-0.06211101689730737,1340
1776,A137400,-0.06212915252492847,1341
624,A080160,-0.062214329604830004,1342
1443,A187420,-0.0623956487737924,1343
1173,A060850,-0.06267396935937043,1344
284,A204620,-0.0630427874160557,1345
841,A080470,-0.06324124360462088,1346
271,A005320,-0.06433216732847993,1347
460,A100130,-0.06439884311937118,1348
1668,A089030,-0.06459623474331462,1349
782,A046390,-0.06470943863684811,1350
820,A011370,-0.06473003111486549,1351
1477,A044060,-0.06510634336239456,1352
1147,A085310,-0.06567571872323304,1353
1942,A227840,-0.06606030594724066,1354
1555,A281820,-0.06621377370173219,1355
1538,A293490,-0.06621619903412149,1356
197,A001510,-0.06645345654691512,1357
1682,A057680,-0.06661970145275092,1358
968,A096530,-0.06670390777692255,1359
120,A030200,-0.0669212128429637,1360
273,A066620,-0.0674048219771144,1361
736,A023600,-0.06749888305908172,1362
90,A001060,-0.06779514366554706,1363
196,A096770,-0.06786113908725876,1364
1810,A005430,-0.06797325144426089,1365
433,A001130,-0.06821548808958973,1366
32,A001530,-0.06834539743147852,1367
379,A004780,-0.06871520840381094,1368
3,A054620,-0.06918225088463724,1369
1877,A078350,-0.06942489001957891,1370
697,A064480,-0.06957189860869016,1371
499,A002690,-0.06995440703152687,1372
1308,A089850,-0.07008800727132666,1373
1494,A051980,-0.07053207913173999,1374
1275,A043590,-0.07086353365586918,1375
402,A009320,-0.0709304368204645,1376
1030,A297570,-0.071116361215056,1377
1220,A122990,-0.07111907773098236,1378
1878,A045100,-0.07140054678394656,1379
1026,A067160,-0.07140923799039335,1380
503,A000150,-0.0720791626063463,1381
1639,A214150,-0.07218883759576965,1382
1448,A079370,-0.07220518635508705,1383
1678,A026150,-0.07273113677909263,1384
1073,A056190,-0.07279544917308862,1385
678,A206400,-0.07360778747284237,1386
976,A008700,-0.0739651854208213,1387
1138,A317870,-0.07438561639666495,1388
1015,A059100,-0.0744723665609447,1389
545,A042510,-0.07456528867900399,1390
1745,A290720,-0.07485546997607748,1391
218,A246690,-0.07492952855221971,1392
597,A005990,-0.07513931080983713,1393
1362,A066980,-0.07533425951320391,1394
223,A037270,-0.07540997085385204,1395
437,A016090,-0.0754650578434288,1396
70,A097230,-0.07557573436392062,1397
1163,A097520,-0.07572918843864619,1398
482,A082640,-0.0757402894813118,1399
400,A014160,-0.07610936437934893,1400
1207,A138080,-0.07619401818723621,1401
651,A107590,-0.076225970632692,1402
1253,A049800,-0.07637521653880797,1403
566,A108490,-0.07651606615489907,1404
1258,A053080,-0.07685150155361996,1405
222,A057030,-0.07721632463603963,1406
1094,A298690,-0.07842314842667297,1407
722,A093190,-0.0788258657746915,1408
1733,A119500,-0.07883089662406577,1409
187,A018670,-0.07891350791494665,1410
1550,A221980,-0.07909323279596865,1411
1079,A109610,-0.07926281459942505,1412
945,A356890,-0.07966455936599086,1413
1123,A230360,-0.0802291178308588,1414
1432,A289220,-0.08050253202752543,1415
714,A086670,-0.08071662712764606,1416
315,A267320,-0.08152472594474089,1417
1104,A312610,-0.08163310375088324,1418
1047,A196300,-0.08170530141496196,1419
515,A187870,-0.08210206690551082,1420
1782,A161580,-0.08232320787068154,1421
1122,A230240,-0.08288319190065122,1422
1785,A086790,-0.08291239372224923,1423
339,A089140,-0.08294103359052882,1424
1404,A048530,-0.08297614398687811,1425
975,A025980,-0.08382782643801626,1426
1036,A096610,-0.084059989804641,1427
1620,A294570,-0.08412544713492813,1428
603,A133750,-0.084150954320758,1429
1244,A101170,-0.08433299892517968,1430
325,A253590,-0.08433648659678905,1431
583,A019570,-0.08459698010117588,1432
1643,A020120,-0.08529561800846382,1433
1519,A100250,-0.0862155927834727,1434
1601,A045970,-0.08635354813219515,1435
336,A330860,-0.08650032613779378,1436
50,A214270,-0.08673585260107076,1437
704,A121800,-0.08693367169694562,1438
492,A018500,-0.08701167687490895,1439
459,A006620,-0.08752410952738493,1440
179,A001380,-0.08756034614078041,1441
611,A021880,-0.0875986301960004,1442
673,A046310,-0.08792279775199012,1443
83,A082740,-0.08930200564662617,1444
1766,A032580,-0.08940594436783475,1445
1117,A007460,-0.08958066762190868,1446
1559,A093640,-0.08959273296584477,1447
1355,A080010,-0.08975856527248444,1448
191,A068400,-0.08990989527288921,1449
234,A094480,-0.08995904126475252,1450
1687,A277880,-0.0900846238874169,1451
837,A081580,-0.09024381973360095,1452
926,A006880,-0.09120341145380559,1453
1590,A009730,-0.09148662262321036,1454
258,A038530,-0.0917771151421378,1455
265,A017900,-0.09188001376359788,1456
872,A208370,-0.09191837566793093,1457
790,A001290,-0.09232301861157932,1458
1455,A204270,-0.09257764330066821,1459
1338,A214320,-0.09262586820963621,1460
1941,A011760,-0.09287257685652277,1461
500,A005290,-0.09294251731995218,1462
406,A007680,-0.09312900459750804,1463
1085,A234300,-0.09336080425879709,1464
1182,A012280,-0.09370523170604239,1465
559,A294140,-0.09406178854187247,1466
424,A131220,-0.09442129863423432,1467
1627,A051780,-0.09442667282122667,1468
781,A010960,-0.09450815695365948,1469
585,A012700,-0.09484396744343918,1470
679,A019010,-0.09589879581848132,1471
1115,A200470,-0.09593022578748349,1472
1993,A024060,-0.09620781207818646,1473
112,A060720,-0.09678190521670084,1474
937,A055550,-0.097452146800858,1475
508,A016740,-0.09845718991304875,1476
347,A194700,-0.10001594518301601,1477
1078,A007820,-0.10118881690472985,1478
675,A331520,-0.10156459654724864,1479
45,A245620,-0.10172441851133152,1480
984,A149950,-0.10178136682405337,1481
511,A223250,-0.10343085565825938,1482
1159,A058630,-0.10392985884626649,1483
1801,A221840,-0.10411860703067749,1484
1424,A103590,-0.10413363954080299,1485
298,A000270,-0.10427607879710252,1486
183,A123700,-0.10498272682420881,1487
92,A035900,-0.1050076506779542,1488
830,A086710,-0.10617896777078477,1489
1179,A000670,-0.10669758069820268,1490
719,A307870,-0.10736856546492249,1491
1988,A005010,-0.10777643958739114,1492
229,A036620,-0.10778898206450052,1493
350,A142280,-0.1084039552204461,1494
818,A122690,-0.10879594843368014,1495
859,A033530,-0.10904514275338383,1496
153,A104200,-0.10950910400151577,1497
536,A113810,-0.1097498167261552,1498
1708,A037030,-0.1099571332818508,1499
497,A032960,-0.11086460472521356,1500
100,A036670,-0.11116510771513914,1501
1454,A033320,-0.11143948520775099,1502
1111,A045660,-0.11155136035411288,1503
1063,A038680,-0.11270418213882068,1504
819,A140070,-0.11302605927103913,1505
1654,A011280,-0.11362640598551298,1506
37,A007340,-0.11376190691960918,1507
1688,A131290,-0.11399938661096172,1508
180,A004060,-0.11414338093870967,1509
1987,A215090,-0.114633655929502,1510
498,A004890,-0.1150780496742291,1511
1462,A030000,-0.11519707700669508,1512
1466,A199820,-0.11550081964184664,1513
240,A267290,-0.1156783567002843,1514
157,A008260,-0.11615277048646225,1515
1734,A022100,-0.11657570837791541,1516
1320,A000220,-0.1168738153348742,1517
1110,A071670,-0.11746350543974092,1518
1742,A234100,-0.11869231009682672,1519
1571,A258610,-0.11886308441675224,1520
1553,A029460,-0.11929275245518754,1521
1017,A175250,-0.11950939657370026,1522
524,A263720,-0.12021964206245626,1523
586,A302550,-0.1207516287288954,1524
335,A033640,-0.1207694869843012,1525
1922,A079430,-0.12106915855274168,1526
484,A079960,-0.12176928696552236,1527
1160,A058970,-0.12232703405112189,1528
1361,A102710,-0.12232924718856761,1529
1137,A092870,-0.12243482063837356,1530
910,A131090,-0.12278772613935864,1531
605,A041920,-0.12333831046170136,1532
881,A248070,-0.12405066727489543,1533
13,A079160,-0.12419339353979575,1534
21,A023460,-0.12523136903771895,1535
701,A033560,-0.12526156395379742,1536
562,A281740,-0.12633749819100934,1537
1492,A044380,-0.12685195555946774,1538
1515,A363250,-0.12741914178708252,1539
291,A011780,-0.12867059214664806,1540
727,A008040,-0.12912971053872094,1541
930,A009270,-0.12916055806077528,1542
107,A003620,-0.12955567982089997,1543
913,A290520,-0.1300305539958644,1544
695,A100120,-0.1308017855568308,1545
774,A054090,-0.13099931673159526,1546
1954,A002460,-0.1322833570237515,1547
653,A003650,-0.13299263735064495,1548
1610,A033290,-0.1332322987169026,1549
1659,A044490,-0.133671108739391,1550
143,A001120,-0.13370501352251857,1551
649,A002840,-0.13374537506044346,1552
1983,A032860,-0.13378244340179488,1553
999,A122900,-0.13393427002283426,1554
1703,A208340,-0.13442900566322785,1555
1645,A054780,-0.13447323403595124,1556
1594,A222040,-0.13469053191703725,1557
131,A051900,-0.1349627522742908,1558
844,A340440,-0.13505213299184365,1559
780,A017480,-0.13598166360673972,1560
418,A003310,-0.13618425097832879,1561
1910,A076610,-0.13655968738981983,1562
1233,A070960,-0.1366080439139352,1563
1124,A038870,-0.13692219473056672,1564
1311,A078070,-0.13743167249344293,1565
1583,A123410,-0.1376417784401261,1566
1449,A054950,-0.13788264187282387,1567
1112,A224110,-0.1380547368782798,1568
709,A141000,-0.13811968149061665,1569
1617,A036420,-0.1384479013648152,1570
838,A045300,-0.13848754302063687,1571
225,A052220,-0.13852564611262394,1572
1309,A032620,-0.1394702611495544,1573
756,A003230,-0.14021153302709377,1574
1725,A010820,-0.14027340711525474,1575
44,A017940,-0.14027385352600807,1576
1689,A019180,-0.14071658529106898,1577
1907,A003530,-0.1413876709564476,1578
933,A012790,-0.14242055731973371,1579
1570,A042040,-0.14250986667582924,1580
1441,A122310,-0.1426166882002602,1581
625,A087260,-0.1429299781298563,1582
1037,A061040,-0.14366877597850192,1583
1225,A155650,-0.1440329900177701,1584
1166,A123040,-0.14545181501468374,1585
912,A016590,-0.14587565920135317,1586
126,A052900,-0.14588041810659647,1587
793,A263810,-0.14608328739367907,1588
516,A066670,-0.1460840571764667,1589
123,A058860,-0.14636454103026328,1590
1460,A094970,-0.14719254913014002,1591
1838,A161890,-0.14780839169145316,1592
306,A039860,-0.14783111679450633,1593
1673,A051360,-0.14824787924828428,1594
1223,A067900,-0.14859632716171897,1595
217,A048770,-0.1493252498457027,1596
1132,A036810,-0.14971538135768708,1597
1739,A189690,-0.15078214927514896,1598
208,A011810,-0.15102294393578136,1599
95,A105560,-0.1513458340017433,1600
209,A077970,-0.15305432783421957,1601
1937,A004020,-0.15342383200112836,1602
385,A290670,-0.15474404009504153,1603
340,A348210,-0.1551817445899907,1604
1153,A066970,-0.1556557591856559,1605
777,A004690,-0.15572024901345985,1606
1737,A047050,-0.15585087188312666,1607
1478,A004910,-0.15644186997680223,1608
1534,A094360,-0.156516746976993,1609
640,A095500,-0.15686558828148076,1610
1106,A072990,-0.15709099701917517,1611
1228,A273060,-0.1578180461084411,1612
1067,A260970,-0.15816387306360438,1613
184,A025530,-0.15862156947463382,1614
939,A187270,-0.1590533030010051,1615
1385,A352940,-0.1599722397715246,1616
526,A196490,-0.16058192957166326,1617
696,A337930,-0.16082475840285335,1618
1836,A023760,-0.1610963298610215,1619
1165,A009780,-0.16128480883297486,1620
1939,A005380,-0.1613455495677595,1621
67,A322000,-0.16156030615587902,1622
543,A187220,-0.16173047259542023,1623
1005,A052860,-0.16191767928833928,1624
412,A024890,-0.16299040591360825,1625
811,A004410,-0.16339801422673955,1626
576,A005300,-0.1636114023695144,1627
1256,A005820,-0.16410276490698145,1628
1323,A056080,-0.16435621101087314,1629
1219,A153710,-0.1648914011497951,1630
1923,A012330,-0.16547428651668367,1631
1055,A255440,-0.16680422321736346,1632
349,A006280,-0.16742293155521903,1633
931,A017000,-0.16875596773881762,1634
575,A004990,-0.1697851800339228,1635
888,A050960,-0.17014977893297195,1636
563,A277810,-0.17061274805126314,1637
522,A263690,-0.17092844980560826,1638
0,A060310,-0.1709763367051785,1639
1997,A003280,-0.17137617953590728,1640
1497,A228760,-0.17248843119511223,1641
1982,A028080,-0.17274152443290594,1642
973,A013990,-0.17314438691537967,1643
1264,A217820,-0.17335782910103104,1644
1004,A040910,-0.17361398536047395,1645
537,A197140,-0.17473701455301732,1646
1180,A036560,-0.174755621652025,1647
672,A001340,-0.17491070043966211,1648
11,A013720,-0.17586627921308093,1649
518,A003160,-0.1759402597473306,1650
1350,A139480,-0.1776540462638902,1651
102,A009440,-0.17789743900687077,1652
669,A323990,-0.17872450819016247,1653
332,A306620,-0.18085730062894168,1654
1009,A307180,-0.18097824665393658,1655
1095,A200710,-0.18111465066098395,1656
341,A225570,-0.1824637672339081,1657
467,A007590,-0.18359442561526565,1658
42,A069730,-0.18379996507200846,1659
327,A095660,-0.18442127525451532,1660
897,A099440,-0.18523149040145598,1661
951,A208640,-0.18586824009754369,1662
309,A242040,-0.18607951321436192,1663
1203,A039200,-0.18609566305656067,1664
1818,A004090,-0.1861875646328574,1665
1731,A090080,-0.18736532165267442,1666
630,A250060,-0.18738884944994294,1667
658,A018700,-0.1875489284180593,1668
802,A038070,-0.18818216559627549,1669
824,A357550,-0.18844677862914794,1670
1048,A310200,-0.18929815368284006,1671
1675,A079970,-0.18948453535605833,1672
1901,A000880,-0.18955407184461276,1673
1744,A114630,-0.18979838825865988,1674
1316,A049520,-0.19013489032505393,1675
164,A327260,-0.19144775558674887,1676
1844,A007280,-0.19351667213337767,1677
1271,A095270,-0.19514287262256386,1678
397,A009190,-0.19528399783214634,1679
833,A014910,-0.19541347376332238,1680
1373,A181340,-0.19734558714793196,1681
1241,A073560,-0.1974705798203933,1682
27,A005830,-0.19796397078635508,1683
1235,A032820,-0.1987990001193313,1684
318,A004270,-0.1991257207019063,1685
1520,A051630,-0.19916188208113852,1686
1363,A074610,-0.19943692889865247,1687
580,A085370,-0.19952423984849857,1688
1866,A009180,-0.20024564385488494,1689
1344,A053350,-0.20248893250359767,1690
409,A005710,-0.20457323410206266,1691
476,A088130,-0.2046916372198098,1692
1161,A019590,-0.2050955184125437,1693
674,A035150,-0.20550193887248297,1694
1061,A019990,-0.20723965009770462,1695
63,A294870,-0.2075757970318977,1696
1072,A351320,-0.20852359278607244,1697
1139,A067570,-0.2104260959408446,1698
1516,A003780,-0.2131321148337883,1699
481,A084670,-0.2134641186181733,1700
1872,A025750,-0.21455676707682445,1701
943,A036710,-0.2152134666632523,1702
1134,A083500,-0.2177494751923581,1703
1863,A105630,-0.21790473512050756,1704
855,A024830,-0.21853541573091342,1705
544,A317120,-0.2186547117121869,1706
1457,A026040,-0.21870615760693454,1707
1415,A333430,-0.21942776506573894,1708
713,A065170,-0.21987400992950118,1709
1635,A110790,-0.22015472456950785,1710
1817,A256840,-0.2218083431314411,1711
691,A026940,-0.22243856036852827,1712
168,A034120,-0.22468751722195965,1713
1556,A089150,-0.22479150982139792,1714
1254,A016880,-0.226476007795518,1715
246,A024910,-0.22816177325968284,1716
1748,A007330,-0.22850521477792687,1717
451,A263600,-0.23090373532727343,1718
69,A267260,-0.23343637144359428,1719
509,A030350,-0.23355433262596578,1720
898,A053210,-0.23653690102180513,1721
1522,A011000,-0.2405826352479136,1722
1302,A011320,-0.2412348308526497,1723
73,A003580,-0.24225090797928,1724
1999,A238490,-0.24377906855428547,1725
627,A012860,-0.24473506888201793,1726
1554,A115500,-0.24503528539768465,1727
1614,A015710,-0.2482590415030942,1728
647,A049950,-0.2493499507392991,1729
1602,A196450,-0.24976389114503797,1730
296,A035460,-0.2503394586270062,1731
1992,A145020,-0.2508457174866363,1732
905,A033170,-0.2515783013511378,1733
190,A210980,-0.2519518855295493,1734
846,A004360,-0.2556420428849555,1735
455,A261200,-0.25866366118699724,1736
1482,A120030,-0.2603428450376284,1737
1193,A322310,-0.26093735179360067,1738
321,A111710,-0.2614482583917666,1739
487,A092780,-0.2622262713317077,1740
1537,A035720,-0.2647108480187659,1741
2,A006840,-0.2651991716590284,1742
394,A016710,-0.26546746209393224,1743
1578,A078940,-0.2659642756041763,1744
431,A084010,-0.2697632077381582,1745
1200,A053980,-0.27023545814059946,1746
593,A098120,-0.2724579510721931,1747
1237,A115440,-0.27411510783283305,1748
489,A094170,-0.27443287166132724,1749
638,A008420,-0.2761969857323037,1750
1041,A123750,-0.278803903285205,1751
1140,A236810,-0.27885506729465864,1752
174,A255220,-0.2815148607178955,1753
15,A311690,-0.2822439814950294,1754
1020,A124500,-0.28420604246078984,1755
1920,A086280,-0.28463255237273183,1756
540,A105740,-0.28509965676001553,1757
198,A285130,-0.2856207707206392,1758
469,A026960,-0.2885700598973558,1759
1407,A115310,-0.29467037597601087,1760
1765,A300080,-0.29479054907555563,1761
16,A000120,-0.2963293520872718,1762
1434,A033240,-0.29678798502698384,1763
1039,A347860,-0.2975568529259761,1764
1270,A336060,-0.29774672179052647,1765
1770,A031980,-0.2983509001971619,1766
1148,A182400,-0.2987590477572826,1767
1899,A054920,-0.2993563906835032,1768
1444,A225220,-0.300379841107493,1769
1574,A220260,-0.3016681338758088,1770
1933,A017800,-0.3022418412697574,1771
1914,A143210,-0.30257615501021135,1772
1474,A229000,-0.30316623275203125,1773
885,A304100,-0.30743747106679953,1774
1784,A163730,-0.30751213815179357,1775
150,A053290,-0.3077524734765575,1776
1468,A002620,-0.3079393237391768,1777
1282,A112040,-0.3090086727597292,1778
201,A048550,-0.30929383410481787,1779
443,A299170,-0.311112352149441,1780
648,A207760,-0.31364520920755823,1781
1778,A128660,-0.3152821860188452,1782
1216,A131030,-0.31559316805499604,1783
1764,A023770,-0.3155983693499395,1784
22,A056730,-0.3175596423102013,1785
1589,A089890,-0.3188543698743231,1786
1149,A069410,-0.3205449210511096,1787
1619,A031820,-0.32152128686892667,1788
1076,A041510,-0.3245241793154797,1789
1396,A216050,-0.32453906553452405,1790
921,A004170,-0.32486523003984263,1791
504,A241560,-0.32880104739374794,1792
156,A030190,-0.331611153513338,1793
1763,A237820,-0.33225891004482544,1794
988,A002310,-0.3349059281235752,1795
667,A032980,-0.3355579492688927,1796
1435,A049630,-0.3362532464688429,1797
1400,A051370,-0.3367394229508965,1798
1209,A067170,-0.3374398380582772,1799
598,A093520,-0.3379448672597937,1800
1698,A084730,-0.3417654464183245,1801
1201,A052420,-0.3420132048755141,1802
519,A092200,-0.3434300476656206,1803
1034,A131370,-0.3438321853988403,1804
1741,A256630,-0.3462295719328314,1805
1648,A134580,-0.34786726762336223,1806
411,A003220,-0.34875740775097297,1807
1789,A293480,-0.34980823277070855,1808
8,A126600,-0.3512186720987955,1809
1651,A006890,-0.351534878876507,1810
1719,A036580,-0.3530426418079452,1811
410,A006340,-0.35428704002058725,1812
316,A001260,-0.35619211672761747,1813
1853,A002390,-0.35725657327271076,1814
567,A071280,-0.3620584900757675,1815
74,A278650,-0.36238444318687213,1816
857,A021820,-0.36510472074051736,1817
345,A090350,-0.36525287267160444,1818
654,A059090,-0.36612056664058434,1819
230,A000860,-0.3667885475461339,1820
363,A085670,-0.3700364834904444,1821
1090,A317830,-0.37083169243215097,1822
1843,A034830,-0.3723516533017648,1823
980,A052710,-0.3760413416202754,1824
698,A288330,-0.37679993497990627,1825
1334,A025820,-0.3785737952558955,1826
213,A089230,-0.3795231397546748,1827
1882,A014130,-0.37988923960486976,1828
1585,A036690,-0.3811146847594565,1829
235,A011420,-0.3813537502552273,1830
609,A065650,-0.38140566789920244,1831
1283,A101730,-0.3814773947036426,1832
1849,A003350,-0.38217861522162844,1833
233,A114190,-0.3828554255757415,1834
990,A012170,-0.3839980322577904,1835
1500,A043610,-0.3843529844860952,1836
104,A092220,-0.38659225360805616,1837
311,A293580,-0.39276008888050834,1838
1306,A048430,-0.39315456312289265,1839
1058,A102120,-0.3935268750882684,1840
219,A317240,-0.3937879117320753,1841
57,A007070,-0.3940283201329215,1842
680,A177350,-0.3955946621535958,1843
281,A083420,-0.39642980810519474,1844
1105,A015260,-0.396475950491601,1845
552,A115390,-0.3967887164069949,1846
1284,A123420,-0.3980367450017155,1847
878,A032680,-0.3991739951969947,1848
1215,A057540,-0.39924468930956747,1849
985,A036010,-0.40167521273967005,1850
122,A058850,-0.40239658363324504,1851
1957,A006060,-0.4041015235723571,1852
453,A263800,-0.40888485498807214,1853
967,A189330,-0.41127645895141407,1854
1540,A317530,-0.41613315051250105,1855
546,A232680,-0.4169613102562263,1856
458,A002150,-0.4192122485215801,1857
1911,A059270,-0.4264739250788346,1858
276,A078130,-0.42817450812932456,1859
1097,A078520,-0.42818309654701353,1860
227,A078890,-0.43148496127772507,1861
1285,A065370,-0.4415844542200566,1862
1852,A011500,-0.44326582921137564,1863
847,A004490,-0.44426949185196746,1864
1641,A237880,-0.4444355551066561,1865
893,A317770,-0.44717695335521807,1866
1803,A000080,-0.4497531306741699,1867
444,A012510,-0.45486501129715623,1868
1151,A291230,-0.4557373067701778,1869
1310,A264450,-0.45878334657311876,1870
806,A200880,-0.46200603947435687,1871
556,A217500,-0.46382117151830377,1872
963,A297090,-0.4663999554630387,1873
94,A024840,-0.4683264941989879,1874
1631,A016600,-0.469856352452319,1875
146,A086960,-0.4762078771993732,1876
1408,A039290,-0.48061285946894494,1877
436,A003830,-0.48470834740273655,1878
442,A192080,-0.4864894994598694,1879
1732,A010770,-0.48825095573883937,1880
93,A318000,-0.48916569921155223,1881
730,A006090,-0.49078536222118035,1882
525,A109740,-0.4990241460874627,1883
155,A034310,-0.499680865617185,1884
784,A009470,-0.5021374600261423,1885
1319,A072130,-0.5039966334884121,1886
338,A002350,-0.5042188427291034,1887
1506,A119850,-0.517095081904793,1888
1211,A049480,-0.5220975757912868,1889
542,A290550,-0.525610862238854,1890
1699,A046210,-0.5275036420994507,1891
1178,A003520,-0.5368151362262962,1892
1984,A200670,-0.5393366889630318,1893
446,A317330,-0.5434642224861134,1894
1855,A092460,-0.5459950256404835,1895
170,A151910,-0.5519119438981779,1896
103,A119650,-0.5541433588423368,1897
1507,A204840,-0.5620398279983735,1898
800,A248170,-0.5669000260695848,1899
1966,A032560,-0.5710583859822613,1900
407,A000430,-0.5726354325145443,1901
919,A011930,-0.5926062699105343,1902
591,A195500,-0.6063528515183968,1903
785,A011230,-0.6233274567736492,1904
343,A251270,-0.6294609431073176,1905
1167,A032790,-0.6345891732333871,1906
1389,A033230,-0.6350077130514123,1907
416,A000300,-0.6443795434795642,1908
1370,A294090,-0.6487419520714454,1909
408,A048910,-0.6725224264005766,1910
799,A007540,-0.6765897785022575,1911
110,A001390,-0.6826317714877559,1912
23,A083660,-0.688090142797499,1913
1351,A115610,-0.6974797180658396,1914
1024,A059120,-0.7028758186425862,1915
1856,A053690,-0.7058757675384963,1916
1820,A002200,-0.707524764456164,1917
1905,A272210,-0.7078098471914963,1918
661,A301300,-0.7142516284546051,1919
690,A001270,-0.7166075575719631,1920
1198,A001800,-0.7171698517451569,1921
1046,A161000,-0.726370931441405,1922
1297,A000910,-0.7512690989825966,1923
1092,A043340,-0.7665730093619556,1924
43,A180400,-0.7760817347262942,1925
1650,A015890,-0.8042649282067388,1926
530,A039840,-0.8072855507761186,1927
1291,A097800,-0.8174704229516927,1928
1767,A051380,-0.8271734929295416,1929
1386,A101140,-0.8337062789134659,1930
25,A012030,-0.8337696130356811,1931
1858,A008930,-0.8653000311442585,1932
808,A017390,-0.8717499038773946,1933
1083,A069510,-0.8906703962873604,1934
293,A073240,-0.8910741275325822,1935
1065,A042110,-0.9028627707593105,1936
1961,A133820,-0.9083516108709004,1937
1414,A003120,-0.9191630169637293,1938
1472,A089590,-0.9432130890620857,1939
1463,A052670,-0.948438846998039,1940
108,A016380,-0.9891281886322086,1941
744,A028050,-0.9966003740237971,1942
1749,A017810,-1.0616621843431098,1943
369,A032190,-1.0781332254382257,1944
65,A267250,-1.0855619790569653,1945
1963,A010660,-1.2149705750222453,1946
289,A001570,-1.2337456167361134,1947
1597,A005420,-1.2479497198314882,1948
755,A145990,-1.3314868349804514,1949
367,A030210,-1.341994075381174,1950
389,A036480,-1.3860646778856844,1951
91,A096760,-1.4109238916093327,1952
737,A001470,-1.464228567383731,1953
1918,A000720,-1.531956167309687,1954
1943,A126560,-1.5530706268941548,1955
668,A043150,-1.629726354658228,1956
954,A099320,-1.7168805253205264,1957
1965,A016580,-1.7174786264938098,1958
259,A215000,-1.7442682107205503,1959
637,A033920,-1.7566262189510327,1960
1672,A214420,-1.7826790892411386,1961
724,A005180,-1.7948886930298078,1962
18,A097950,-1.8377037625490453,1963
1272,A010600,-2.006641596086469,1964
1572,A274090,-2.2713543003195413,1965
891,A253840,-2.315780559787471,1966
1599,A355150,-2.5023227683316347,1967
1417,A003200,-2.5079201800577198,1968
1576,A046070,-2.5783397625387217,1969
1864,A069640,-2.5834573237337266,1970
917,A215600,-2.586180045682391,1971
326,A212560,-2.664854851329553,1972
716,A138580,-2.7423136732429123,1973
514,A217620,-3.0046626221477335,1974
677,A002410,-3.0624568114812996,1975
1958,A013520,-3.1405425647663128,1976
1775,A347740,-3.2154662797402933,1977
866,A027970,-3.4505069464995763,1978
38,A004840,-3.5338536252073176,1979
1442,A361390,-3.739145378652883,1980
1510,A270520,-3.997909167982298,1981
239,A009450,-4.124981758679046,1982
1802,A106190,-4.382350888857743,1983
969,A101240,-4.545670783529015,1984
435,A005880,-4.557500377319891,1985
1792,A003380,-4.782161633952768,1986
991,A246720,-5.4724924224557645,1987
787,A000390,-5.561427265316869,1988
56,A001250,-6.270902094131132,1989
693,A011390,-9.048455893715019,1990
1793,A101670,-9.464424913526758,1991
1989,A263920,-9.824740811113761,1992
1331,A072770,-12.878885579354757,1993
1135,A043090,-14.441871112992228,1994
995,A020560,-14.562431008581411,1995
1692,A363280,-16.583601918141266,1996
1841,A161390,-18.740698592174112,1997
757,A225190,-35.221359624244876,1998
671,A267790,-128.23836516693274,1999
1630,A066310,-283.39840231734655,2000
